# File generated by ImageToStl.com - Free Image and 3D model conversion tools

mtllib magnusson.mtl

o obj1
v -0.03644235 1.18672872 -0.04166439
v -0.03050441 1.18638754 -0.04646382
v -0.04097157 1.17683482 -0.04169565
v -0.03371338 1.19791639 -0.04195898
v -0.02791635 1.19788921 -0.04645746
v -0.0339632 1.21056449 -0.04375895
v -0.02697278 1.21017551 -0.04749271
v -0.03441853 1.22253048 -0.04607128
v -0.02856163 1.22289479 -0.05167758
v -0.03829134 1.23562193 -0.05193456
v -0.03131551 1.23681891 -0.0578031
v -0.04319565 1.25084305 -0.05853792
v -0.03499655 1.25304067 -0.06485681
v -0.04835003 1.26905787 -0.06270742
v -0.03974827 1.27229023 -0.07009859
v -0.04352042 1.29448497 -0.06839636
v -0.03044664 1.27439201 -0.07569959
v -0.03332662 1.29847741 -0.07348558
v -0.04499378 1.31681848 -0.05935223
v -0.03437189 1.3223772 -0.06334847
v -0.02642231 1.25450182 -0.06995873
v -0.02355507 1.23786771 -0.06211723
v -0.02175906 1.22324407 -0.05576601
v -0.02053735 1.21019888 -0.05096549
v -0.02133257 1.1976223 -0.04977292
v -0.02359587 1.18577504 -0.0501586
v -0.02741941 1.17490959 -0.05223169
v -0.01864757 1.17365921 -0.05522504
v -0.01592603 1.18246973 -0.05271965
v -0.01423439 1.19466078 -0.05199118
v -0.01369929 1.21005321 -0.0535207
v -0.01425028 1.22354293 -0.05825869
v -0.01539251 1.23851371 -0.06499667
v -0.01721236 1.25567222 -0.07275075
v -0.01997948 1.27578056 -0.0795406
v -0.02198209 1.30101526 -0.07665589
v -0.02304541 1.32512403 -0.06522025
v -0.00926809 1.17274165 -0.0567927
v -0.02259509 1.16284466 -0.06013729
v -0.00785934 1.18192339 -0.05415167
v -0.00692955 1.19435883 -0.05316944
v -0.00662441 1.20990205 -0.05494373
v -0.00674732 1.22372282 -0.05919642
v -0.00742704 1.23899519 -0.06616803
v -0.00820953 1.2564193 -0.07365777
v -0.00959866 1.27666485 -0.08083966
v -0.01088871 1.30200756 -0.07784793
v -0.01162036 1.32649899 -0.06645097
v 0.00036308 1.16077995 -0.06242706
v 0.00035989 1.14875031 -0.06921322
v -0.01389743 1.14955413 -0.06878357
v -0.0112813 1.1613183 -0.06188827
v 0.00034984 1.17246985 -0.05746925
v 0.0003477 1.18433774 -0.05462692
v 0.00037102 1.19684935 -0.05354718
v 0.00035672 1.20983219 -0.05542691
v 0.00033129 1.22360384 -0.05976279
v 0.00030692 1.23926067 -0.06637307
v 0.00032706 1.2567265 -0.07359897
v 0.00098516 1.27694869 -0.08057424
v 0.0001374 1.30232334 -0.07878461
v 0.00030746 1.32679248 -0.06668831
v 0.04892308 1.21989083 0.00439224
v 0.04905551 1.21805143 0.00390058
v 0.04943593 1.22671127 -0.00123843
v 0.0500791 1.22242391 -0.00518168
v 0.05323402 1.23207831 -0.01292308
v 0.05631902 1.2409724 -0.0134036
v 0.05930972 1.24799812 -0.01746978
v 0.06593747 1.24605799 -0.01569072
v 0.06273113 1.23785996 -0.01230851
v 0.05866284 1.23095775 -0.00712658
v 0.05363561 1.23381543 -0.00727546
v 0.05365204 1.22483861 -0.00198704
v 0.06587759 1.2356602 -0.01567112
v 0.06145591 1.22801578 -0.01009979
v 0.05698445 1.22243965 -0.00462966
v 0.05447956 1.21887302 -0.00063394
v 0.05131033 1.21894205 0.00221901
v 0.05620458 1.24089086 -0.01824911
v 0.05888111 1.2491318 -0.02150577
v 0.06103898 1.25407434 -0.01869096
v 0.06093884 1.25622463 -0.02233383
v 0.06222041 1.26185226 -0.02095372
v 0.06210386 1.25899291 -0.01784329
v 0.06838831 1.26619613 -0.01597893
v 0.06512211 1.26171768 -0.01394824
v 0.06536581 1.26631832 -0.01079013
v 0.07048417 1.26243341 -0.01991373
v 0.06631944 1.25843871 -0.0160192
v 0.07107331 1.25523663 -0.02148828
v 0.06702565 1.2531302 -0.01695693
v 0.06960259 1.24564052 -0.01989307
v 0.06169327 1.26765704 -0.0078434
v 0.06183578 1.26524448 -0.00817717
v 0.06229724 1.26763654 -0.01295804
v 0.06034865 1.26540303 -0.00291048
v 0.06049434 1.26217914 -0.00452954
v 0.0623783 1.26511312 -0.00870114
v 0.06293458 1.26448154 -0.00722302
v 0.06335153 1.26421297 -0.01108152
v 0.06220981 1.26231003 -0.01569232
v 0.06251551 1.26556182 -0.01767958
v 0.06188347 1.26463199 -0.01211249
v -0.04937573 1.22244298 -0.00513082
v -0.04864831 1.22671354 -0.00124003
v -0.0525015 1.23208833 -0.01289499
v -0.04828647 1.21805048 0.0039006
v -0.04814713 1.21989024 0.00439224
v -0.05287078 1.22483861 -0.00199551
v -0.05788319 1.23095608 -0.00712869
v -0.0528713 1.23382497 -0.00726591
v -0.05555684 1.24097097 -0.01340359
v -0.06195943 1.2378583 -0.01230532
v -0.06517369 1.24606276 -0.01567429
v -0.05855019 1.24799955 -0.01746077
v -0.06627991 1.25312865 -0.01694209
v -0.06882982 1.24563897 -0.01988511
v -0.06510693 1.23566282 -0.01566688
v -0.06068527 1.22801578 -0.01009979
v -0.05621856 1.22243762 -0.00462647
v -0.05053545 1.21894133 0.00221743
v -0.05544666 1.24089408 -0.01824804
v -0.07029628 1.25522983 -0.02147662
v -0.06556839 1.25843823 -0.01601283
v -0.06971828 1.26244819 -0.01991902
v -0.06437053 1.26171601 -0.0139477
v -0.06762505 1.26628387 -0.01601337
v -0.06460838 1.26632535 -0.01079064
v -0.05813484 1.24913239 -0.02150577
v -0.06025507 1.25407493 -0.01867612
v -0.06132737 1.25899076 -0.01783904
v -0.06144287 1.26230943 -0.01569283
v -0.06258882 1.26421452 -0.01108203
v -0.06165427 1.26510406 -0.00870167
v -0.06219202 1.26447797 -0.00722301
v -0.05972687 1.26217806 -0.00453058
v -0.06110487 1.26524186 -0.00817875
v -0.05954197 1.2654109 -0.00291417
v -0.06093163 1.26765871 -0.0078434
v -0.0615303 1.26763654 -0.0129575
v -0.06112976 1.26463139 -0.01211195
v -0.06169824 1.26557994 -0.01768276
v -0.06139043 1.2618866 -0.02094577
v -0.06017826 1.25623167 -0.02232801
v -0.06415173 1.24868679 -0.01037847
v -0.06337611 1.25144708 -0.00993449
v -0.06777765 1.25039697 -0.012246
v -0.06568387 1.25400007 -0.01201342
v -0.07055801 1.25233769 -0.015811
v -0.06961709 1.25710583 -0.01453789
v -0.06813947 1.26003885 -0.01310321
v -0.07149945 1.26107287 -0.01844142
v -0.07177812 1.25491619 -0.0201532
v -0.07036726 1.24605274 -0.01850711
v -0.06976808 1.24524057 -0.01550582
v -0.06828624 1.24497557 -0.01211619
v -0.06465289 1.24459565 -0.01101158
v -0.06126803 1.24846637 -0.01155831
v -0.06085904 1.25097275 -0.01039543
v -0.06400549 1.25958574 -0.00971993
v -0.06638429 1.26179659 -0.0119244
v -0.06424495 1.2567476 -0.0114656
v -0.06293637 1.25338614 -0.00911014
v -0.06160076 1.25578177 -0.00774378
v -0.06071654 1.25244725 -0.00910801
v -0.05906145 1.2531637 -0.00783385
v -0.06179995 1.2566222 -0.00709425
v -0.06458138 1.26125038 -0.00890246
v -0.06735804 1.26390374 -0.0120664
v -0.05915152 1.25058401 -0.0092998
v -0.05890568 1.25304019 -0.0072389
v -0.06093746 1.25121284 -0.00748207
v -0.06384867 1.25543106 -0.00745717
v -0.06658453 1.26006627 -0.00911595
v -0.06926689 1.26335156 -0.01183593
v -0.07016595 1.26360011 -0.015669
v -0.07231957 1.2635448 -0.01503167
v -0.07384855 1.26039469 -0.01643668
v 0.06784631 1.30797553 -0.03336313
v 0.06851196 1.31804252 -0.01677681
v 0.07039252 1.29922378 -0.01484942
v 0.0675009 1.29937756 -0.00166387
v 0.06651653 1.31807303 0.00078432
v 0.06275105 1.29804742 0.00949681
v 0.0605335 1.31241918 0.01641003
v 0.05135272 1.30777013 0.02593795
v 0.04673825 1.32127655 0.02932463
v 0.0434336 1.31597221 0.03904748
v 0.03568851 1.3225342 0.04464952
v 0.04167038 1.31184959 0.04436383
v 0.03403945 1.31786811 0.05003906
v 0.02725073 1.32683241 0.04792235
v 0.02557814 1.32118905 0.05376833
v 0.01705717 1.32289147 0.05637358
v 0.01863784 1.32985151 0.04961796
v 0.00965807 1.3316344 0.0501798
v 0.01127921 1.34093237 0.03833866
v 0.00035439 1.33571291 0.04638889
v 0.00875074 1.32432306 0.05717496
v 0.00034772 1.32539177 0.05730573
v 0.00035635 1.33179152 0.05163796
v 0.01495736 1.19727004 -0.0519684
v 0.02207145 1.19763303 -0.04978245
v 0.01663205 1.18508697 -0.05282772
v 0.02130854 1.21017599 -0.05104709
v 0.01434969 1.21011889 -0.05327011
v 0.02243117 1.22321701 -0.0558815
v 0.01494624 1.22353756 -0.05826133
v 0.02407725 1.23800814 -0.06189311
v 0.03166658 1.23709643 -0.05733529
v 0.02935668 1.22280633 -0.05186088
v 0.0277408 1.2101649 -0.04752395
v 0.05849861 1.25219882 0.00522984
v 0.05855741 1.2552166 0.0104711
v 0.05761066 1.24269223 0.0071922
v 0.0602252 1.26729488 0.00861681
v 0.05893516 1.2601558 0.00200551
v 0.06034865 1.26540303 -0.00291048
v 0.06207896 1.27268398 0.00043996
v 0.06169327 1.26765704 -0.0078434
v 0.06413987 1.27472937 -0.00690037
v 0.06545746 1.27418959 -0.01390427
v 0.06229724 1.26763654 -0.01295804
v 0.06251551 1.26556182 -0.01767958
v 0.05750736 1.26818442 0.01787819
v 0.05559215 1.23302543 0.01286737
v 0.05578128 1.23346531 0.00873125
v 0.05736749 1.2439276 0.01188301
v 0.05808324 1.25714445 0.01726256
v 0.05665226 1.25852144 0.02491916
v 0.05455321 1.26800096 0.02523544
v 0.05491719 1.28021014 0.02154013
v 0.05891873 1.28194213 0.01351689
v 0.06332187 1.28438127 0.00502322
v 0.06660871 1.28563797 -0.00441722
v 0.06833903 1.2844156 -0.01425022
v 0.06571548 1.27141762 -0.0203879
v 0.06222041 1.26185226 -0.02095372
v 0.05261682 1.26722121 0.03209046
v 0.05066663 1.26609266 0.03848826
v 0.05455375 1.259184 0.03174133
v 0.05601121 1.29518318 0.01894252
v 0.05577386 1.24779463 0.02582724
v 0.04977764 1.27657855 0.03570739
v 0.05190424 1.27841258 0.0289313
v 0.05176914 1.2919265 0.02751515
v 0.07041213 1.29252315 -0.02775629
v 0.06841586 1.28057146 -0.02349726
v 0.0649139 1.26665103 -0.02539129
v 0.06093884 1.25622463 -0.02233383
v 0.04905551 1.21805143 0.00390058
v 0.04917049 1.21291244 0.00344182
v 0.0500791 1.22242391 -0.00518168
v 0.05046636 1.21137023 -0.00391435
v 0.05176913 1.22079623 -0.01663373
v 0.05346289 1.23172224 -0.02121119
v 0.05323402 1.23207831 -0.01292308
v 0.05604459 1.24215019 -0.02533088
v 0.05620458 1.24089086 -0.01824911
v 0.05927899 1.2517761 -0.02800636
v 0.05888111 1.2491318 -0.02150577
v 0.06273962 1.26001334 -0.02829085
v 0.06430094 1.26560533 -0.03521899
v 0.06691336 1.27412665 -0.0307756
v 0.06365671 1.27267754 -0.04326818
v 0.06794326 1.2838403 -0.03776202
v 0.06479152 1.29587197 -0.04573704
v 0.06092241 1.22480953 0.00104128
v 0.05942097 1.22055995 0.00232921
v 0.06287894 1.22273743 -0.00321882
v 0.05810338 1.22103047 0.00703327
v 0.05699504 1.21774888 0.00110961
v 0.05518737 1.21714222 0.00604255
v 0.05131033 1.21894205 0.00221901
v 0.05339509 1.21872675 0.00948673
v 0.04892308 1.21989083 0.00439224
v 0.04905551 1.21805143 0.00390058
v 0.05179245 1.21895945 0.00953338
v 0.05579716 1.22545207 0.00914132
v 0.05329813 1.22527671 0.01085097
v 0.05578128 1.23346531 0.00873125
v 0.05744855 1.23471081 0.00547778
v 0.05761066 1.24269223 0.0071922
v 0.05910786 1.24212265 0.00328655
v 0.05736378 1.23796213 0.00236628
v 0.05778284 1.24039543 0.00158643
v 0.05548617 1.24081028 0.00170776
v 0.05911845 1.2246033 0.00477156
v 0.05841014 1.2282747 0.00392707
v 0.05947343 1.23418748 0.00235834
v 0.06188135 1.22906744 -0.00053168
v 0.05434976 1.24436414 -0.00044163
v 0.05703212 1.24378669 -0.00033196
v 0.05363348 1.24162519 0.00078008
v 0.06898431 1.23755109 -0.013304
v 0.06801903 1.23867953 -0.01068575
v 0.06702142 1.23169208 -0.00959807
v 0.06699281 1.23024189 -0.00969292
v 0.06452715 1.22935879 -0.00593666
v 0.06392796 1.22622561 -0.0045486
v 0.06257961 1.2343812 -0.00161936
v 0.05929964 1.23760295 0.00051201
v 0.05558578 1.23852468 0.00095121
v 0.05398316 1.23987889 -0.00050785
v 0.05274527 1.24252713 -0.00198634
v 0.05493626 1.24613011 -0.00254121
v 0.0574496 1.24650717 -0.00219313
v 0.0646506 1.23270082 -0.0060458
v 0.05544434 1.24019098 -0.00328875
v 0.05745385 1.2380861 -0.0014795
v 0.06077884 1.23754036 -0.00329405
v 0.06233326 1.23534858 -0.00648235
v 0.06705745 1.23408723 -0.00801559
v 0.05862946 1.2376374 -0.00462065
v 0.05962231 1.24267626 -0.0009905
v 0.05943105 1.24712026 -0.00238121
v 0.05798205 1.24670744 -0.00475364
v 0.05527533 1.24589634 -0.00437854
v 0.05508302 1.24347675 -0.00504607
v 0.05708247 1.24010468 -0.00583071
v 0.05965779 1.2363044 -0.00723943
v 0.06351365 1.2365365 -0.008094
v 0.05894099 1.23898888 -0.01022059
v 0.06071315 1.23692214 -0.00979463
v 0.05939395 1.24176669 -0.01103806
v 0.05810177 1.23969674 -0.00800869
v 0.06215473 1.23985732 -0.01184283
v 0.06019023 1.24527812 -0.01148732
v 0.0587386 1.24380362 -0.00799757
v 0.05718789 1.24355841 -0.00604104
v 0.06476608 1.2398169 -0.01005583
v 0.05969382 1.24832559 -0.00961133
v 0.05952534 1.24658775 -0.00931781
v 0.05967474 1.24693418 -0.00664077
v 0.06006892 1.24852633 -0.00820154
v 0.05958415 1.25012136 -0.00860631
v 0.06010122 1.24826407 -0.01072972
v 0.06288477 1.24415338 -0.01284042
v 0.06542938 1.24459672 -0.01101474
v 0.06906062 1.24497449 -0.01212043
v 0.07054508 1.24524057 -0.01550582
v 0.05992905 1.25058353 -0.00929874
v 0.0596827 1.25303972 -0.00723944
v 0.06171392 1.25121284 -0.00748154
v 0.06204611 1.24846578 -0.01155992
v 0.06163605 1.25097275 -0.01039543
v 0.05983845 1.2531637 -0.00783385
v 0.06257696 1.2566222 -0.00709426
v 0.06462517 1.25543106 -0.00745771
v 0.06102679 1.24980414 -0.00573746
v 0.0594019 1.24913037 -0.00412794
v 0.06237724 1.25578177 -0.00774378
v 0.06149353 1.25244665 -0.00910801
v 0.06415311 1.25144708 -0.00993396
v 0.06492926 1.24868631 -0.01037847
v 0.06855093 1.25039637 -0.01225341
v 0.0713276 1.2523371 -0.01581152
v 0.07114059 1.24605119 -0.01851401
v 0.06914007 1.23730373 -0.01441869
v 0.06751095 1.22834265 -0.00912392
v 0.06646144 1.25399852 -0.012015
v 0.06371286 1.25338662 -0.00911119
v 0.06478199 1.25958514 -0.00971994
v 0.06502145 1.2567476 -0.01146614
v 0.06716076 1.261796 -0.0119244
v 0.06891757 1.26003885 -0.01310002
v 0.06576899 1.22595799 -0.01030164
v 0.06083553 1.22073638 -0.00410569
v 0.05698445 1.22243965 -0.00462966
v 0.05447956 1.21887302 -0.00063394
v 0.06145591 1.22801578 -0.01009979
v 0.06587759 1.2356602 -0.01567112
v 0.07255144 1.25492573 -0.02016802
v 0.07511669 1.25465274 -0.01777388
v 0.070401 1.2571069 -0.01453313
v 0.07227486 1.26107717 -0.01844354
v 0.0746224 1.26039469 -0.01643826
v 0.07527299 1.26342726 -0.01959161
v 0.07554847 1.25559688 -0.0210512
v 0.07372282 1.24630809 -0.01679589
v 0.07068709 1.23673189 -0.01389631
v 0.06984787 1.23438025 -0.01639376
v 0.0739416 1.24547255 -0.01976538
v 0.06960259 1.24564052 -0.01989307
v 0.07107331 1.25523663 -0.02148828
v 0.07048417 1.26243341 -0.01991373
v 0.06838831 1.26619613 -0.01597893
v 0.07241952 1.26689017 -0.01563986
v 0.0730966 1.26354647 -0.01503378
v 0.07094193 1.26360011 -0.01566954
v 0.06813401 1.26390314 -0.01206745
v 0.06535891 1.26125097 -0.00890298
v 0.06536581 1.26631832 -0.01079013
v 0.06854882 1.26640689 -0.01064495
v 0.07004444 1.26334989 -0.01183594
v 0.0673605 1.26006782 -0.00911544
v 0.06226651 1.25629997 -0.00428318
v 0.05946442 1.25288129 -0.00272876
v 0.06090706 1.24866831 -0.00090413
v 0.06103738 1.24362934 0.00011042
v 0.05880907 1.2565341 -0.00101698
v 0.05973832 1.25007534 0.00184338
v 0.06293458 1.26448154 -0.00722302
v 0.06537376 1.26249218 -0.00660368
v 0.06049434 1.26217914 -0.00452954
v 0.06034865 1.26540303 -0.00291048
v 0.05893516 1.2601558 0.00200551
v 0.05849861 1.25219882 0.00522984
v -0.05874728 1.24658835 -0.00931834
v -0.0589168 1.24832559 -0.00961133
v -0.0594127 1.24528289 -0.01148097
v -0.05932423 1.24826455 -0.01072972
v -0.06210989 1.24414647 -0.01284571
v -0.0588082 1.25012136 -0.00860631
v -0.05929085 1.24852681 -0.008201
v -0.05796265 1.24380314 -0.00799756
v -0.05861536 1.24176443 -0.01104071
v -0.06137718 1.23985672 -0.01184334
v -0.05993455 1.23692107 -0.00979781
v -0.06273664 1.23653483 -0.00809557
v -0.05888078 1.23630488 -0.0072373
v -0.06155679 1.23534918 -0.00648446
v -0.05667683 1.2380861 -0.00147949
v -0.05852211 1.23760295 0.00051202
v -0.05480878 1.23852468 0.00095068
v -0.05658571 1.23796213 0.00236682
v -0.05470864 1.24081028 0.00170723
v -0.05732796 1.23969877 -0.00800499
v -0.05466732 1.24019098 -0.00328875
v -0.05430493 1.24347627 -0.00504607
v -0.05015628 1.24239612 -0.00201902
v -0.05320667 1.23987889 -0.00050785
v -0.05285648 1.24162519 0.00078009
v -0.05449831 1.24589682 -0.00437905
v -0.05816661 1.2389847 -0.01022588
v -0.05720558 1.24670744 -0.00475468
v -0.05415924 1.24613011 -0.00254121
v -0.0535733 1.24436414 -0.00044163
v -0.05625512 1.24378669 -0.00033249
v -0.05884529 1.24267578 -0.0009905
v -0.0566726 1.24650717 -0.00219312
v -0.0586551 1.24711907 -0.00238279
v -0.06025983 1.24362886 0.00011042
v -0.06011785 1.24866629 -0.00090677
v -0.0586233 1.24913037 -0.00412954
v -0.05889933 1.24693322 -0.00664077
v -0.05700585 1.24039543 0.00158644
v -0.05832981 1.24212313 0.00328602
v -0.05896237 1.25007486 0.00184392
v -0.058689 1.25288129 -0.00272769
v -0.06024924 1.24980414 -0.00573745
v -0.05102498 1.21895885 0.00953337
v -0.05253383 1.22527671 0.01085415
v -0.05502335 1.22545314 0.00914397
v -0.05501328 1.23346627 0.00873179
v -0.05668001 1.23470986 0.00548043
v -0.05682889 1.24269319 0.00718956
v -0.05771894 1.25219929 0.00522984
v -0.05814913 1.26015699 0.00200603
v -0.05803312 1.25653362 -0.00101698
v -0.06148949 1.25630057 -0.00428369
v -0.07029628 1.25522983 -0.02147662
v -0.07477941 1.25560379 -0.02106868
v -0.06971828 1.26244819 -0.01991902
v -0.07451027 1.2634517 -0.01960433
v -0.06762505 1.26628387 -0.01601337
v -0.07168221 1.26697791 -0.01565523
v -0.06460838 1.26632535 -0.01079064
v -0.0677808 1.26641691 -0.01064283
v -0.06219202 1.26447797 -0.00722301
v -0.06459886 1.2624917 -0.00660314
v -0.05972687 1.26217806 -0.00453058
v -0.05954197 1.2654109 -0.00291417
v -0.07434022 1.25465333 -0.01777336
v -0.0729458 1.24630749 -0.01679693
v -0.07316832 1.24547517 -0.01977174
v -0.06882982 1.24563897 -0.01988511
v -0.06510693 1.23566282 -0.01566688
v -0.06991325 1.23673415 -0.01388889
v -0.0690677 1.23437715 -0.01639958
v -0.06499409 1.22595274 -0.01030377
v -0.06068527 1.22801578 -0.01009979
v -0.05621856 1.22243762 -0.00462647
v -0.06005958 1.22073317 -0.00410462
v -0.05441248 1.21714211 0.00604202
v -0.05053545 1.21894133 0.00221743
v -0.05261807 1.21872675 0.00948674
v -0.04814713 1.21989024 0.00439224
v -0.04828647 1.21805048 0.0039006
v -0.05732582 1.22103143 0.0070322
v -0.06210511 1.22273684 -0.00321616
v -0.06673712 1.22834265 -0.00912127
v -0.06836253 1.23730457 -0.01441656
v -0.06819936 1.23755372 -0.0133024
v -0.06723884 1.23867989 -0.01069104
v -0.06398696 1.23981857 -0.01005582
v -0.05870064 1.23418796 0.00236259
v -0.06387941 1.23270285 -0.00603997
v -0.06624389 1.2316916 -0.00959807
v -0.06621581 1.23024309 -0.00969185
v -0.06628519 1.2340889 -0.00801134
v -0.06375013 1.22935832 -0.00593612
v -0.05764743 1.22827852 0.00393662
v -0.05834357 1.2246033 0.00477156
v -0.06313663 1.22622502 -0.00455761
v 0.00035989 1.14875031 -0.06921322
v 0.00036308 1.16077995 -0.06242706
v 0.01463311 1.14952648 -0.0687311
v 0.00748936 1.22356236 -0.05959377
v 0.00033129 1.22360384 -0.05976279
v 0.00796565 1.23918438 -0.06582738
v 0.00730711 1.20995104 -0.05475989
v 0.00035672 1.20983219 -0.05542691
v 0.00767161 1.19697189 -0.0531795
v 0.00037102 1.19684935 -0.05354718
v 0.00855319 1.18452382 -0.05415432
v 0.0003477 1.18433774 -0.05462692
v 0.00998363 1.1727432 -0.05681337
v 0.00034984 1.17246985 -0.05746925
v 0.01201488 1.16132987 -0.06189832
v 0.02333289 1.16284466 -0.06013996
v 0.02843959 1.15177178 -0.06712741
v 0.03373808 1.16493416 -0.05628357
v 0.04100051 1.15499926 -0.0626464
v 0.04236316 1.16702521 -0.05016814
v 0.05116253 1.15823793 -0.05458449
v 0.00030692 1.23926067 -0.06637307
v 0.0088467 1.25645673 -0.07352532
v 0.00032706 1.2567265 -0.07359897
v 0.01014576 1.27676964 -0.0801647
v 0.00098516 1.27694869 -0.08057424
v 0.01125197 1.30189192 -0.07766303
v 0.0001374 1.30232334 -0.07878461
v 0.00030746 1.32679248 -0.06668831
v 0.01348766 1.35304785 0.03223827
v 0.00015382 1.34786916 0.04006484
v 0.00012745 1.3543421 0.03225429
v 0.01308454 1.35760057 0.0047795
v -3.904E-05 1.35775042 0.00494639
v 0.01259765 1.35360754 -0.02281171
v -4.07E-06 1.35367846 -0.02237199
v 0.01261567 1.34196103 -0.04690841
v 0.00049766 1.33933961 -0.04529411
v 0.012257 1.3269726 -0.06670897
v 0.02248258 1.30075622 -0.07624634
v 0.02009163 1.27604592 -0.07815415
v 0.01777004 1.25577915 -0.07252296
v 0.02684758 1.34981561 0.0258993
v 0.02285096 1.34132338 0.03211437
v 0.032154 1.33752871 0.02674801
v 0.04005802 1.33188069 0.02585791
v 0.04602122 1.33992124 0.02073
v 0.03661712 1.34467483 0.02381354
v 0.05492152 1.33062112 0.02069081
v 0.04865437 1.34409773 0.0036113
v 0.03872398 1.349437 0.0043329
v 0.02665895 1.35390675 0.00444308
v 0.02608169 1.35238683 -0.02290178
v 0.02445553 1.34251094 -0.04733753
v 0.023877 1.32575417 -0.06559324
v 0.03615076 1.33869576 -0.04592932
v 0.03535819 1.32278299 -0.06358267
v 0.03803494 1.34902227 -0.02237305
v 0.05849404 1.33454704 0.00208761
v 0.04888451 1.34364402 -0.02111371
v 0.05760484 1.32166457 -0.0385657
v 0.05920492 1.33341575 -0.01927426
v 0.03381703 1.29838109 -0.07335527
v 0.04594194 1.31711042 -0.05945713
v 0.04374168 1.2943536 -0.06790102
v 0.05562606 1.30771351 -0.05294171
v 0.05323985 1.28858411 -0.06117101
v 0.06090281 1.28057635 -0.05258092
v 0.0309148 1.2744391 -0.07570224
v 0.04707993 1.33196378 -0.04299797
v 0.05553016 1.26480579 -0.0536315
v 0.04860996 1.26920104 -0.0623705
v 0.03971735 1.27254879 -0.06925252
v 0.026971 1.25456607 -0.06981198
v 0.01592634 1.23878968 -0.06441494
v 0.03568455 1.252949 -0.06499721
v 0.06079739 1.25541949 -0.03615726
v 0.05956402 1.25997031 -0.04474472
v 0.05013314 1.24903536 -0.05023445
v 0.04316844 1.25130498 -0.05779624
v 0.05438102 1.24668622 -0.04194739
v 0.04927433 1.23375404 -0.03702294
v 0.04538881 1.23440146 -0.0452533
v 0.03894757 1.2355659 -0.05200607
v 0.03546203 1.22234607 -0.04645643
v 0.0406853 1.22198367 -0.03982446
v 0.04578244 1.22103834 -0.03288572
v 0.05213099 1.23258781 -0.02924235
v 0.05640645 1.24414647 -0.03341926
v 0.02432625 1.18579042 -0.05031013
v 0.01937319 1.17367995 -0.05530398
v 0.02874846 1.19792068 -0.04657296
v 0.03356748 1.20996511 -0.04294544
v 0.03894067 1.20943749 -0.03733652
v 0.04429212 1.20864069 -0.03047143
v 0.05005366 1.22036397 -0.02535945
v 0.03125916 1.18641245 -0.04659679
v 0.03712665 1.18672407 -0.04167341
v 0.03462444 1.19795406 -0.04208612
v 0.04881234 1.20841277 -0.02248157
v 0.05099086 1.2093755 -0.01338127
v 0.04824282 1.19748664 -0.02049907
v 0.04459093 1.19723296 -0.02907751
v 0.0397735 1.19764996 -0.03628803
v 0.04202778 1.18666303 -0.03532379
v 0.04585291 1.17676342 -0.03437918
v 0.04165747 1.17684436 -0.04168399
v 0.03573539 1.17611575 -0.0476532
v 0.02813814 1.17491758 -0.05227302
v 0.04827249 1.16820085 -0.04246916
v 0.05120967 1.16775584 -0.03385202
v 0.05163456 1.16623747 -0.02440735
v 0.04843142 1.17628217 -0.02580443
v 0.04606323 1.1865195 -0.02748336
v 0.04881233 1.17599821 -0.01611607
v 0.04851143 1.18682516 -0.01843393
v 0.04917155 1.1646533 -0.01442443
v 0.04695383 1.17640162 -0.00515197
v 0.04918056 1.18808937 -0.00822955
v 0.04993021 1.19875669 -0.01113496
v 0.05751054 1.16009808 -0.0443033
v 0.05921596 1.15939391 -0.03364751
v 0.05666127 1.15624213 -0.02324232
v 0.05046319 1.15280485 -0.01343318
v 0.04483622 1.16355765 -0.00359221
v 0.04176925 1.17793 0.00820471
v 0.04770719 1.19100642 0.0018996
v 0.05014902 1.20138514 -0.00190592
v 0.04364314 1.15054369 -0.00267354
v 0.0373926 1.14918852 0.0082556
v 0.03887178 1.16252518 0.00766433
v 0.03041201 1.15957046 0.01654689
v 0.03192777 1.17093027 0.01946445
v 0.0226664 1.16473222 0.02801907
v 0.02174986 1.15496814 0.02362336
v 0.01566198 1.1601187 0.0345721
v 0.01493615 1.15153301 0.02883285
v 0.02945786 1.14712226 0.01653153
v 0.02156708 1.14373577 0.02237148
v 0.0146596 1.141559 0.02538654
v 0.0073569 1.14121616 0.02481171
v -0.01407969 1.1401788 0.02694149
v -0.00693964 1.14007652 0.02605143
v -0.01423916 1.14949656 0.03152526
v -0.02082982 1.14332688 0.02264113
v -0.02107777 1.15467 0.02392164
v -0.02877462 1.14713347 0.01645577
v -0.02984534 1.15958214 0.01657815
v -0.03830459 1.1624912 0.00766804
v -0.03673957 1.14919329 0.00824447
v 0.00758737 1.1512897 0.02954594
v -0.00027057 1.15291619 0.02750093
v 2.82E-06 1.14164627 0.02311635
v -0.00712611 1.14968288 0.03178435
v -0.0142132 1.15850067 0.03745471
v -0.02202133 1.1646024 0.02829827
v -0.03131764 1.17095315 0.01939345
v -0.04138218 1.1778723 0.00828791
v -0.0441975 1.16355717 -0.00360017
v -0.04307275 1.15054572 -0.00265131
v -0.0498356 1.15280652 -0.01342576
v -0.04026005 1.15502679 -0.06267025
v -0.03299339 1.1649437 -0.05629363
v -0.02769754 1.15179551 -0.06716397
v -0.05039716 1.15822625 -0.0545755
v -0.04158772 1.16700292 -0.0501496
v -0.03502303 1.17610586 -0.04763889
v -0.04981545 1.21136618 -0.00392018
v -0.05030075 1.20937705 -0.01337704
v -0.04974711 1.20139563 -0.00187677
v -0.0493201 1.19875765 -0.01113917
v -0.04700172 1.1910435 0.00186147
v -0.04868009 1.18808234 -0.00823113
v -0.04617946 1.17640734 -0.0052081
v -0.04851534 1.16465175 -0.01442812
v -0.05095663 1.16624594 -0.02440419
v -0.05592664 1.15622795 -0.02325716
v -0.05051055 1.16777706 -0.03385467
v -0.05849033 1.15940726 -0.03364275
v -0.05677802 1.16013515 -0.04432079
v -0.04750183 1.1681881 -0.04246173
v -0.04924116 1.22038102 -0.0253266
v -0.0480703 1.20842779 -0.02245985
v -0.04756754 1.19749677 -0.02048741
v -0.04776673 1.18682683 -0.01841591
v -0.04814714 1.17599726 -0.01611447
v -0.04783401 1.17630029 -0.02583568
v -0.04525974 1.17679822 -0.03441785
v -0.04355644 1.20865405 -0.03044016
v -0.04379114 1.1972574 -0.02897898
v -0.04539378 1.18653119 -0.02749448
v -0.04134561 1.18666303 -0.03533652
v -0.03816365 1.20943749 -0.03732061
v -0.03891491 1.19763362 -0.03622286
v -0.05327131 1.28852272 -0.06163407
v -0.0398712 1.22201967 -0.03976671
v -0.04467166 1.23447287 -0.04509648
v -0.04986048 1.24879265 -0.05046332
v -0.05495023 1.26477718 -0.05362515
v -0.06075414 1.28051949 -0.05302436
v -0.05517909 1.30758798 -0.05310382
v -0.03511202 1.33807385 -0.04533066
v -0.04578424 1.33143449 -0.04259533
v -0.05622332 1.32095933 -0.03817684
v -0.06497237 1.295946 -0.04602998
v -0.06370139 1.27254558 -0.04357651
v -0.05823972 1.26018178 -0.04439345
v -0.05347792 1.2468214 -0.04164646
v -0.04841043 1.23380959 -0.03695935
v -0.04498742 1.22105491 -0.03285023
v -0.05098788 1.22080266 -0.01663054
v -0.05264562 1.23173904 -0.02120429
v -0.06317265 1.26579809 -0.03510825
v -0.05909004 1.25573146 -0.03562851
v -0.05469646 1.2445544 -0.03303093
v -0.05126869 1.23262763 -0.0291968
v -0.055275 1.24216545 -0.02532081
v -0.05820423 1.25190067 -0.02788291
v -0.06124738 1.2602464 -0.02811337
v -0.04851958 1.20475364 0.00500261
v -0.04851161 1.21287954 0.00344979
v -0.04937573 1.22244298 -0.00513082
v -0.04828647 1.21805048 0.0039006
v -0.07204619 1.2929306 -0.02807682
v -0.06623487 1.30755186 -0.033121
v -0.06882451 1.28369045 -0.03815034
v -0.06654533 1.27414823 -0.03086513
v -0.06361132 1.26688635 -0.02547021
v -0.06017826 1.25623167 -0.02232801
v -0.05813484 1.24913239 -0.02150577
v -0.05544666 1.24089408 -0.01824804
v -0.0525015 1.23208833 -0.01289499
v -0.06139043 1.2618866 -0.02094577
v -0.06326218 1.27472842 -0.0069401
v -0.06469845 1.2741673 -0.01397578
v -0.06093163 1.26765871 -0.0078434
v -0.0615303 1.26763654 -0.0129575
v -0.06169824 1.26557994 -0.01768276
v -0.06472655 1.2715137 -0.02047901
v -0.06911644 1.28044438 -0.023555
v -0.06854901 1.28422856 -0.01418981
v -0.07177812 1.29801178 -0.01488651
v -0.06577076 1.28552878 -0.00448183
v -0.06795139 1.2995764 -0.0017073
v -0.06251199 1.28423083 0.00507831
v -0.06186618 1.2980336 0.01001284
v -0.05854543 1.28194535 0.01359902
v -0.05551288 1.29522359 0.01907021
v -0.05954197 1.2654109 -0.00291417
v -0.06122831 1.27272141 0.00038434
v -0.0591208 1.26731491 0.00854637
v -0.05814913 1.26015699 0.00200603
v -0.05771894 1.25219929 0.00522984
v -0.05779628 1.25521982 0.01047111
v -0.05682889 1.24269319 0.00718956
v -0.05663126 1.24392712 0.01188406
v -0.0548803 1.23302662 0.01286949
v -0.05501328 1.23346627 0.00873179
v -0.05681458 1.26811874 0.01790467
v -0.05386097 1.26800311 0.0252381
v -0.05192193 1.26722431 0.03209259
v -0.04914421 1.27628648 0.03570631
v -0.05125013 1.27841306 0.02892601
v -0.0544485 1.28022242 0.02163761
v -0.0510361 1.29194248 0.02748072
v -0.01792653 1.32989383 0.04966828
v -0.02654364 1.32684064 0.04792976
v -0.02516997 1.32208526 0.05286724
v -0.0336617 1.31865501 0.04915801
v -0.03495681 1.32251787 0.04462834
v -0.04150935 1.31305778 0.04283373
v -0.04270719 1.31598377 0.03905303
v -0.03943887 1.3319304 0.0262268
v -0.04628475 1.3213973 0.02938961
v -0.05491668 1.3299098 0.02053158
v -0.05058631 1.30777013 0.02591041
v -0.06054049 1.31337643 0.01660328
v -0.06613208 1.31623209 0.00067942
v -0.06701396 1.31528425 -0.0168335
v -0.0570711 1.33393359 0.00228947
v -0.05831292 1.3297497 -0.01882182
v -0.04672245 1.33936477 -0.02047955
v -0.04594243 1.34409559 0.00343753
v -0.03565459 1.34585953 0.02007965
v -0.04490076 1.34079027 0.02072811
v -0.03100824 1.33682883 0.02648258
v -0.03622619 1.34907329 0.00421633
v -0.0357792 1.34638619 -0.02155186
v -0.02483839 1.35059476 -0.02191794
v -0.02368911 1.34026194 -0.04595848
v -0.02578922 1.35297704 0.00458613
v -0.02223323 1.34140956 0.02760362
v -0.02594372 1.34909546 0.02305888
v -0.0129226 1.35685837 0.00496334
v -0.01284965 1.35271335 -0.02199264
v -0.01185029 1.33894169 -0.04504564
v -0.00893351 1.33162987 0.05016707
v -0.01052887 1.34032178 0.03808018
v -0.01317465 1.3517499 0.03122039
v 0.00049766 1.33933961 -0.04529411
v -4.07E-06 1.35367846 -0.02237199
v -3.904E-05 1.35775042 0.00494639
v 0.00012745 1.3543421 0.03225429
v 0.00015382 1.34786916 0.04006484
v 0.00035439 1.33571291 0.04638889
v 0.00035635 1.33179152 0.05163796
v -0.00812463 1.32487702 0.05663434
v -0.01649437 1.3234328 0.05592479
v 0.00034772 1.32539177 0.05730573
v 0.02709226 1.19381666 0.06602812
v 0.02867959 1.18752456 0.05837998
v 0.03628216 1.19505394 0.05042775
v 0.03661856 1.18928671 0.04074838
v 0.04221268 1.20359063 0.04230651
v 0.04261956 1.19728506 0.03194956
v 0.04865023 1.20565844 0.02441693
v 0.04732362 1.21211243 0.03472566
v 0.05158583 1.22349548 0.02935144
v 0.05257019 1.2183243 0.01876665
v 0.02838077 1.18305087 0.04981691
v 0.02602 1.17929482 0.04125013
v 0.04950532 1.2294488 0.03920403
v 0.05413996 1.23600149 0.02712363
v 0.04446059 1.21973515 0.04521774
v 0.03734915 1.21146011 0.05519168
v 0.03366019 1.20080435 0.06037678
v 0.02305524 1.20028138 0.07103536
v 0.01881932 1.18962467 0.07320337
v 0.02020874 1.18261409 0.06601737
v 0.01917982 1.17984295 0.0578539
v 0.0187348 1.17386878 0.05143175
v 0.02430401 1.17265272 0.03434322
v 0.01743361 1.16682661 0.04354417
v 0.03228749 1.17955279 0.0245722
v 0.04113614 1.18659163 0.01643559
v 0.04671966 1.19550979 0.0093374
v 0.04916784 1.20474946 0.00500314
v 0.05083511 1.21601391 0.00925684
v 0.05179245 1.21895945 0.00953338
v 0.05329813 1.22527671 0.01085097
v 0.05320169 1.22301078 0.01278897
v 0.04977393 1.20936763 0.01118053
v 0.04722879 1.20023143 0.01578392
v 0.04082409 1.19257891 0.02295099
v 0.03405912 1.18502247 0.03155223
v 0.03641978 1.2578907 0.05683894
v 0.03912936 1.26005876 0.05362543
v 0.03428218 1.26102746 0.05764252
v 0.03650467 1.26269257 0.0550449
v 0.03179372 1.26441693 0.0579429
v 0.03340111 1.26554167 0.05594504
v 0.03026368 1.26710629 0.0581331
v 0.03156538 1.26770437 0.05634345
v 0.03100539 1.2683624 0.05623535
v 0.02976196 1.26787806 0.05793759
v 0.02947543 1.26830649 0.05687708
v 0.03078062 1.26870978 0.05545452
v 0.03175373 1.26901233 0.05507245
v 0.03229968 1.26834548 0.05514717
v 0.03393092 1.26687634 0.05468518
v 0.03679076 1.2646898 0.05348625
v 0.01591256 1.26908875 0.05801124
v 0.01834963 1.26860178 0.05933255
v 0.01844402 1.26897192 0.05837399
v 0.02155914 1.26822448 0.05954293
v 0.02150138 1.26776648 0.0606708
v 0.02455989 1.26786697 0.05949806
v 0.02470083 1.26742411 0.06059823
v 0.02747603 1.26801944 0.05825677
v 0.02759986 1.26754665 0.05935956
v 0.02793681 1.26673532 0.05978129
v 0.02883376 1.26371491 0.0599736
v 0.03029122 1.26004457 0.06037465
v 0.03144167 1.25670815 0.0599828
v 0.03184512 1.25553811 0.0598454
v 0.03702334 1.2570051 0.05661204
v 0.03488932 1.24893045 0.06010288
v 0.04094595 1.25261629 0.05544438
v 0.04167281 1.24148905 0.05518108
v 0.04595198 1.24767601 0.0513798
v 0.04941365 1.24348092 0.04376926
v 0.04844201 1.25417185 0.04748261
v 0.05152807 1.25230908 0.04078229
v 0.04860573 1.25986981 0.04449881
v 0.0517702 1.25967526 0.03876536
v 0.04790057 1.26448536 0.04418571
v 0.04858294 1.27411318 0.04203525
v 0.0462529 1.28513789 0.04157699
v 0.04836627 1.28856456 0.03489203
v 0.05395241 1.24999797 0.03294927
v 0.05216118 1.23959494 0.03533651
v 0.04083098 1.22737682 0.05303115
v 0.04609608 1.23534977 0.04786566
v 0.0550417 1.23333693 0.01910413
v 0.05691346 1.24550998 0.01825539
v 0.00607703 1.30612278 0.06705774
v 0.0058443 1.30463684 0.0672607
v 0.0122623 1.30544603 0.0663215
v 0.01262434 1.30666041 0.06615613
v 0.0074594 1.31502366 0.06358153
v 0.01496554 1.3146776 0.06253684
v 0.02380045 1.3152684 0.05952382
v 0.02111915 1.30701554 0.06419403
v 0.02063905 1.30570161 0.06455067
v 0.01194066 1.30431914 0.06721302
v 0.0056762 1.30354214 0.06806564
v 0.00028678 1.30325162 0.0683608
v 0.00029231 1.30439579 0.06756027
v 0.00029497 1.30579805 0.06741536
v 0.00032364 1.31470394 0.06410887
v 0.03231876 1.31299937 0.05566266
v 0.0299417 1.30648828 0.06025234
v 0.02926921 1.30502176 0.06092409
v 0.02040675 1.3048228 0.06543484
v 0.0093695 1.29632699 0.07017833
v 0.004285 1.29511774 0.07073684
v 0.00029711 1.29413056 0.07108124
v -0.02079487 1.2671442 0.05962799
v -0.02376111 1.26682949 0.05947575
v -0.02085842 1.26676309 0.06042021
v -0.02394395 1.26640558 0.06030896
v -0.02661632 1.26691878 0.05830648
v -0.01519807 1.26872575 0.0579291
v -0.01519329 1.26897144 0.05682109
v -0.01768974 1.26827753 0.05856337
v -0.01772892 1.2679559 0.05954656
v -0.02070848 1.26608038 0.06083345
v -0.02405202 1.2656852 0.0607794
v -0.02681225 1.26653159 0.05915773
v -0.02878288 1.26745439 0.05720055
v -0.01701089 1.2717061 0.0582063
v -0.01685687 1.2717371 0.05967055
v -0.01948042 1.2728498 0.06071464
v -0.01473558 1.27037871 0.05816542
v -0.01495107 1.27026141 0.05702985
v -0.01341002 1.26953149 0.05768277
v -0.01383173 1.2693361 0.05686978
v -0.01360658 1.26889634 0.05762873
v -0.01496391 1.26819181 0.05865124
v -0.01752018 1.26726758 0.06009649
v -0.0204526 1.26408541 0.06138021
v -0.02428354 1.26346445 0.06118949
v -0.02816166 1.26325238 0.05993916
v -0.02473281 1.25969374 0.06185598
v -0.02985542 1.25903118 0.06031743
v -0.02504591 1.29476154 0.06730384
v -0.03302994 1.29422796 0.0623582
v -0.03192426 1.28937411 0.06564346
v -0.02379454 1.28842354 0.07048102
v -0.03138581 1.28734398 0.06604593
v -0.02312834 1.28515065 0.07075376
v -0.03057444 1.28180039 0.06825885
v -0.02297516 1.28061855 0.07223055
v -0.02869169 1.27969098 0.06667962
v -0.02157427 1.27891362 0.06987731
v -0.0265334 1.27537191 0.06558307
v -0.02043723 1.27568626 0.0677902
v -0.02439149 1.27355373 0.06348402
v -0.01951221 1.27400994 0.0638395
v -0.02310369 1.27370322 0.06194232
v -0.0189734 1.2742362 0.06173306
v -0.01926851 1.27336717 0.06115066
v -0.0164733 1.27234912 0.06021094
v -0.01320228 1.31032681 0.06433285
v -0.02117802 1.30904949 0.06256222
v -0.01203585 1.30602133 0.06615584
v -0.01976287 1.30460393 0.06495368
v -0.01162986 1.30460596 0.06637779
v -0.01905219 1.30259347 0.06544581
v -0.01114197 1.30272162 0.06755285
v -0.0188964 1.30189061 0.06632104
v -0.02694133 1.30027699 0.06387299
v -0.02707122 1.30117321 0.06279945
v -0.01402538 1.28170621 0.07308366
v -0.01422273 1.28560877 0.07325185
v -0.01628204 1.29368699 0.07025164
v -0.02765289 1.30225217 0.06260711
v -0.03444692 1.29785872 0.05826945
v -0.03423128 1.2967726 0.0598139
v -0.00674052 1.2935183 0.07103264
v -0.00675008 1.2839123 0.07341365
v -0.00658768 1.27946746 0.07306709
v -0.01382804 1.2778039 0.07291545
v -0.0155112 1.2732687 0.06326523
v -0.01454697 1.27455842 0.06842437
v -0.0073513 1.27502251 0.07235476
v -0.00515619 1.27906549 0.0722423
v -0.00574161 1.28345549 0.0726718
v -0.00350672 1.29362369 0.07115182
v -0.00512508 1.30319571 0.06814252
v -0.00527237 1.30429292 0.06734151
v -0.00545413 1.30547154 0.06726159
v -0.00237651 1.28326654 0.07443543
v -0.00235134 1.2787782 0.07448983
v -0.01510078 1.31733489 0.06136573
v -0.00699556 1.31613171 0.06313495
v -0.00586189 1.30829155 0.06616993
v 0.00029497 1.30579805 0.06741536
v 0.00029231 1.30439579 0.06756027
v 0.00030364 1.28328371 0.07442613
v 0.00033229 1.27870643 0.0746804
v -0.00232618 1.27428973 0.07417846
v -0.00594526 1.27467537 0.07144706
v -0.00965378 1.27269816 0.06733404
v -0.00829066 1.27043653 0.06679851
v 0.00032364 1.31470394 0.06410887
v -0.04225051 1.26950347 0.05151913
v -0.04561366 1.27180493 0.04754141
v -0.04388386 1.26380563 0.04876471
v -0.038277 1.27349937 0.05664813
v -0.04042865 1.27456093 0.05713378
v -0.03817478 1.26825106 0.05445209
v -0.03525668 1.2709918 0.05803455
v -0.03448563 1.27734482 0.06159574
v -0.03631679 1.27868855 0.06234534
v -0.03779856 1.2826277 0.05981992
v -0.04124096 1.27628064 0.05465717
v -0.04341447 1.27850366 0.05283673
v -0.04786687 1.27411067 0.04203155
v -0.04716913 1.26443291 0.04415816
v -0.04413711 1.26036239 0.0487234
v -0.03999145 1.26466441 0.05205157
v 0.00015274 1.23934603 0.08463135
v -0.00299849 1.23982859 0.08316752
v 0.00036783 1.23800611 0.08059697
v -0.00199559 1.23864567 0.07991406
v 0.00038003 1.23621798 0.07853235
v -0.00329622 1.23671234 0.07776041
v 0.00028838 1.23214781 0.07878827
v -0.0044978 1.23199737 0.07832734
v -0.00935073 1.23130214 0.07540074
v -0.00732002 1.2359134 0.07494722
v -0.01478907 1.23107743 0.07104583
v -0.0025651 1.24297714 0.08053762
v -0.00569885 1.24098253 0.08205603
v -0.00882835 1.23872399 0.07291281
v -0.01151038 1.23642743 0.07164131
v -0.00616877 1.23876321 0.07462563
v -0.00696354 1.24479806 0.07468475
v -0.00443212 1.23956478 0.07672999
v -0.00256617 1.24098039 0.07833578
v -0.01456922 1.24207807 0.07046568
v -0.01492936 1.24148571 0.07037396
v -0.0114037 1.23707688 0.07162062
v -0.01066461 1.23891044 0.07365716
v -0.01073773 1.23967814 0.07597025
v -0.00869538 1.2408824 0.07895087
v -0.01836733 1.23583102 0.06949829
v -0.01519291 1.24279797 0.07073392
v -0.01882988 1.23633444 0.06968006
v -0.0164978 1.24430406 0.07129513
v -0.02065754 1.23832428 0.07039831
v -0.01801342 1.2472198 0.07077669
v -0.02280543 1.24137414 0.07008475
v -0.02536539 1.24686694 0.06684294
v -0.01945764 1.25161326 0.06795126
v -0.02544962 1.25123143 0.06328643
v -0.01936863 1.2549156 0.0649807
v -0.02499294 1.25527167 0.06203821
v -0.01957632 1.25778079 0.06287687
v -0.01535914 1.26030099 0.06350576
v -0.01562443 1.26111972 0.06283659
v -0.01219113 1.26481307 0.0615948
v -0.01269056 1.26499081 0.0608997
v -0.01185613 1.26813769 0.05917731
v -0.01970988 1.2585789 0.06270873
v -0.0158389 1.26178157 0.06229564
v -0.02013683 1.26113021 0.06217118
v -0.01614217 1.26271737 0.06153068
v -0.01698032 1.26535416 0.06046895
v -0.01404525 1.26664793 0.05928804
v -0.02494023 1.25616801 0.06200129
v -0.03112708 1.25527573 0.05988141
v -0.03150414 1.25416231 0.05975214
v -0.03439947 1.24841809 0.06010659
v -0.03152374 1.24113297 0.06418335
v -0.02790735 1.23452318 0.06822463
v -0.0368201 1.25620091 0.05660993
v -0.03626104 1.25703824 0.0568339
v -0.03405615 1.26034069 0.0577172
v -0.03117884 1.26410079 0.05793494
v -0.02954282 1.26645684 0.05809125
v -0.02718788 1.26579058 0.05964407
v -0.02900085 1.26718891 0.05784805
v -0.03029935 1.26805186 0.05621417
v -0.03092347 1.26744092 0.05638582
v -0.0326559 1.26538336 0.05588623
v -0.03589296 1.26244771 0.05501207
v -0.0301556 1.26833844 0.05552692
v -0.03098996 1.26881325 0.05530978
v -0.03158308 1.26824427 0.05520544
v -0.03317722 1.26679683 0.05465446
v -0.03607202 1.26461673 0.05346983
v -0.03067175 1.2688849 0.05512455
v -0.01960518 1.27266359 0.05936674
v -0.02262422 1.27264249 0.06122166
v -0.02253299 1.27260363 0.0597473
v -0.02606471 1.2717582 0.05905282
v -0.02619688 1.27169204 0.06057852
v -0.02875735 1.27068245 0.05749249
v -0.02876842 1.2706008 0.05889176
v -0.03018795 1.26956463 0.05591097
v -0.03050388 1.26962483 0.056727
v -0.03168479 1.26878881 0.05523298
v -0.03311788 1.26812494 0.0547016
v -0.03559362 1.26673758 0.05407538
v -0.02273654 1.27302623 0.06156813
v -0.02661411 1.27196336 0.06085296
v -0.0297325 1.27085447 0.05879318
v -0.03115076 1.26967573 0.05664701
v -0.03226281 1.26953208 0.05606583
v -0.03417959 1.2685802 0.05636727
v -0.03175661 1.27326286 0.06229623
v -0.02880364 1.27227175 0.06155872
v -0.02724564 1.27244759 0.06071586
v -0.03060665 1.27099121 0.05831056
v -0.03197035 1.27049243 0.05898286
v -0.03981049 1.26203227 0.05181953
v -0.03906114 1.28466988 0.05900249
v -0.04036019 1.28898466 0.05480598
v -0.04492492 1.28202689 0.04771519
v -0.04542695 1.28421986 0.04338311
v -0.04086178 1.290977 0.05206028
v -0.04773971 1.28856719 0.03489362
v -0.0468131 1.30295217 0.03547692
v -0.03958046 1.30834591 0.04892175
v -0.03225672 1.31446469 0.05407194
v -0.03699107 1.30344939 0.05309936
v -0.04273641 1.2959615 0.0453594
v -0.03688741 1.30249524 0.05436186
v -0.03775758 1.30438566 0.0526041
v -0.0435877 1.29781103 0.04291524
v -0.03527057 1.29899561 0.05765156
v -0.03171366 1.31344533 0.05476898
v -0.02387352 1.31759739 0.05752707
v -0.02347796 1.31659293 0.0580133
v -0.0316246 1.31270134 0.05567504
v -0.02330745 1.31574512 0.05892363
v -0.03022489 1.30901885 0.05811807
v -0.0295974 1.30790532 0.05837694
v -0.02938097 1.30679858 0.059591
v -0.02131853 1.30981934 0.0616255
v -0.02179966 1.31100404 0.06150003
v 0.01291817 1.27166712 0.06294362
v 0.01620026 1.27346182 0.06383369
v 0.01000706 1.27219665 0.06733783
v 0.01641164 1.27385414 0.06090552
v 0.01378544 1.2722013 0.05984593
v 0.01723812 1.27261388 0.06031637
v 0.01495469 1.27119994 0.05901521
v 0.01763229 1.27208412 0.05981042
v 0.01550356 1.27065492 0.05827508
v 0.01372928 1.26983047 0.05872328
v 0.01220189 1.27023351 0.05951903
v 0.01071317 1.26991045 0.06222681
v 0.00883501 1.27030456 0.06683718
v 0.00583801 1.27137804 0.07182503
v 0.00545714 1.27453172 0.07252557
v 0.00312544 1.27154255 0.07403998
v 0.00302901 1.27431929 0.07420073
v 0.02099436 1.27573073 0.06806305
v 0.02711469 1.2758826 0.06574574
v 0.02914095 1.28107405 0.06670325
v 0.02509368 1.27438629 0.06381039
v 0.02006353 1.27436817 0.06439421
v 0.02387009 1.27428377 0.06210972
v 0.01969319 1.27460754 0.06195187
v 0.0200312 1.2736814 0.06111491
v 0.02024896 1.2731967 0.06070485
v 0.0175221 1.27208138 0.05781125
v 0.01585328 1.27089655 0.05693322
v 0.01417166 1.26974022 0.05777071
v 0.01454304 1.2695626 0.05696542
v 0.01436557 1.26914012 0.05771931
v 0.01639041 1.26946354 0.057154
v 0.01518729 1.27466965 0.06859285
v 0.01437351 1.2781111 0.0729377
v 0.02207422 1.27980494 0.07043189
v 0.0235451 1.28286958 0.07209548
v 0.01451338 1.28207672 0.07313054
v 0.00538115 1.27930641 0.07386144
v 0.0068412 1.27493286 0.07288686
v 0.02332319 1.28613555 0.0708082
v 0.03190954 1.28874123 0.0661887
v 0.03132246 1.28483427 0.06755897
v 0.04009653 1.28606582 0.05796481
v 0.03921441 1.28389037 0.05977628
v 0.04185993 1.27650046 0.05453842
v 0.03238635 1.29074693 0.06511562
v 0.02394892 1.28917193 0.07027844
v 0.01465324 1.28604221 0.07332339
v 0.00486297 1.28367996 0.07447027
v 0.00329739 1.27887678 0.07325483
v 0.00149468 1.27880156 0.07449628
v 0.00036096 1.27412927 0.07456893
v 0.0003569 1.27168596 0.07459038
v 0.00035406 1.26996708 0.07460549
v 0.00318158 1.26992631 0.07394643
v 0.00267803 1.28322184 0.07361835
v 0.01717371 1.29523337 0.06979321
v 0.02601328 1.29658043 0.06649891
v 0.02652355 1.29814947 0.06502985
v 0.00840006 1.29335177 0.07124924
v -0.00244297 1.27153361 0.07403357
v -0.00251106 1.26992631 0.07394908
v 0.0003477 1.2676084 0.07631411
v -0.00267054 1.26730537 0.07545053
v 0.00035406 1.26500714 0.07798348
v 0.01763008 1.29670703 0.06855153
v 0.01817973 1.29819632 0.06851025
v 0.00897227 1.29499638 0.07002987
v 0.02720089 1.29940689 0.0648756
v 0.02906896 1.30409789 0.06193743
v 0.04749687 1.3029511 0.0354801
v 0.04425187 1.29780567 0.04292797
v 0.03996865 1.30787075 0.04949478
v 0.03762092 1.30249786 0.05470733
v 0.03695 1.30150223 0.0553851
v 0.03686813 1.30077481 0.05637871
v 0.03486919 1.29701471 0.06011967
v 0.03407421 1.29612136 0.06043129
v 0.03380062 1.2951616 0.06198511
v 0.04103017 1.28908849 0.05485418
v 0.0407457 1.28973818 0.05346882
v 0.04306222 1.29505813 0.04662414
v 0.04247876 1.29439664 0.04730588
v 0.04252556 1.29381871 0.0482915
v 0.0414908 1.2905947 0.0527591
v 0.0456288 1.28203845 0.04771944
v 0.04416128 1.27855027 0.0528436
v 0.04472604 1.2603687 0.04864341
v 0.04405743 1.25647795 0.05157423
v 0.03985987 1.25932562 0.05323038
v 0.04081349 1.26177382 0.05147145
v 0.04017456 1.26223695 0.05179147
v 0.0406874 1.26469505 0.0520023
v 0.04448816 1.26385117 0.0486948
v 0.04631277 1.27181137 0.04750857
v 0.04282194 1.26956773 0.05137341
v 0.0416123 1.27556086 0.05643954
v 0.03775772 1.28104401 0.06153048
v 0.0356252 1.27937937 0.06115716
v 0.03977502 1.27470636 0.05588568
v 0.03587209 1.2714659 0.0580568
v 0.03236984 1.27396059 0.06238469
v 0.02350083 1.27349293 0.06151701
v 0.02339011 1.27318919 0.06119491
v 0.02700967 1.27251387 0.06044685
v 0.02737522 1.27262509 0.06070437
v 0.02801311 1.27315927 0.06082604
v 0.02940517 1.27286053 0.06174418
v 0.03268219 1.27101004 0.05900989
v 0.0389216 1.26844335 0.05461737
v 0.02989281 1.27124918 0.05874939
v 0.03049308 1.27148116 0.05880658
v 0.03140485 1.27161741 0.05851718
v 0.0349317 1.26895785 0.05629999
v 0.03304723 1.26988709 0.05605628
v 0.03191558 1.27006769 0.05665071
v 0.03126605 1.27002597 0.05673496
v 0.03095113 1.26997423 0.05582796
v 0.0295778 1.27121019 0.05746167
v 0.02674053 1.27254522 0.05914906
v 0.02317304 1.27331531 0.05950835
v 0.02009989 1.27325273 0.0591234
v 0.03244802 1.26899755 0.05522397
v 0.03128319 1.26906872 0.0550755
v 0.03388324 1.26826549 0.0546995
v 0.03634467 1.26683915 0.05405842
v 0.02217729 1.21704292 0.06998382
v 0.02211787 1.21468282 0.06875778
v 0.02457761 1.21714377 0.06891934
v 0.02303077 1.22162724 0.06982283
v 0.02512855 1.22275639 0.06882131
v 0.02544819 1.21724212 0.06860275
v 0.02514214 1.21311581 0.06825996
v 0.02060936 1.21271682 0.06937309
v 0.01852971 1.21482658 0.06993239
v 0.01999399 1.21596873 0.06882191
v 0.02009381 1.21711779 0.0694539
v 0.02103155 1.22004521 0.07077264
v 0.01983006 1.22655642 0.06984054
v 0.02275275 1.22955084 0.06859817
v 0.02560541 1.22309077 0.06867841
v 0.01747885 1.21662664 0.06996202
v 0.02352468 1.20927227 0.06847262
v 0.01737111 1.21067739 0.07227231
v 0.01561778 1.21420515 0.07236916
v 0.01464775 1.2162379 0.0722255
v 0.01377578 1.2177279 0.07150808
v 0.01660551 1.21767914 0.06905524
v 0.01575043 1.21803963 0.0674712
v 0.01268922 1.21833074 0.0701009
v 0.0089339 1.21874702 0.07250489
v 0.0100043 1.21790171 0.07432474
v 0.01070875 1.21653748 0.07532711
v 0.01133755 1.21403754 0.07557981
v 0.01242976 1.20943654 0.07532738
v 0.01372158 1.20335627 0.07557573
v 0.01882449 1.21676946 0.06856575
v 0.01801547 1.21760023 0.06698207
v 0.0165602 1.21776032 0.06497037
v 0.01465715 1.21775317 0.06624129
v 0.01114943 1.21831608 0.06831738
v 0.00719324 1.21846366 0.07012134
v 0.00302119 1.21859252 0.07141721
v 0.00432155 1.21887469 0.07397611
v 0.0050136 1.21805632 0.07623888
v 0.00545386 1.21666121 0.07763223
v 0.00574877 1.21413386 0.0777986
v 0.0161435 1.21808982 0.0693359
v 0.01392441 1.21811676 0.07121765
v 0.01521988 1.2181288 0.06673758
v 0.01308064 1.2185111 0.06955359
v 0.01132305 1.21839881 0.07325315
v 0.00973935 1.21879411 0.0719818
v 0.01294457 1.21916735 0.074179
v 0.01555126 1.21864533 0.07173702
v 0.0176227 1.21821284 0.06993596
v 0.00284805 1.21912873 0.07375598
v 0.00395249 1.21873832 0.07684018
v -0.00043438 1.21908605 0.07390646
v 0.00656821 1.21908879 0.07304826
v 0.00802944 1.21882892 0.07514322
v 0.00959716 1.22024846 0.07679728
v 0.01393989 1.2217505 0.07393703
v 0.01677962 1.22064745 0.07145537
v 0.01899847 1.219118 0.07030872
v 0.0187933 1.21726251 0.06863341
v 0.01491634 1.22627187 0.07276243
v 0.01853359 1.22375464 0.07117878
v -0.00049136 1.21847677 0.07741341
v -0.00484895 1.21863258 0.0768444
v 0.00516076 1.22088802 0.07897688
v 0.01014832 1.2230916 0.07680417
v 0.01041622 1.22729278 0.07613822
v 0.01553589 1.23203504 0.07101934
v -0.01120398 1.2162497 0.0753626
v -0.01164163 1.21343732 0.075681
v -0.00621381 1.21648359 0.07764021
v -0.0149397 1.21593308 0.07225163
v -0.01410166 1.21710825 0.07150568
v -0.0176136 1.21568012 0.06996084
v -0.0167289 1.21639621 0.069054
v -0.01800106 1.21624267 0.06686415
v -0.01644818 1.21660435 0.0649229
v -0.01628423 1.21718252 0.06932998
v -0.01528982 1.21718681 0.06670142
v -0.01419569 1.21760595 0.0712337
v -0.01326833 1.2177 0.06955068
v -0.01177167 1.21807694 0.07327371
v -0.01008039 1.21826899 0.07198073
v -0.00873313 1.21854806 0.07516338
v -0.00719363 1.21874237 0.073079
v -0.00368115 1.21905506 0.07385028
v -0.00043162 1.21853614 0.07183681
v -0.00049799 1.21874642 0.07457214
v -0.00522601 1.21876824 0.07397611
v -0.00048864 1.21800065 0.07693238
v -0.00589297 1.21791875 0.07625426
v -0.01059596 1.21764624 0.07430726
v -0.00956613 1.2184639 0.07249112
v -0.01305137 1.21789694 0.0701024
v -0.01582979 1.21706486 0.06745287
v -0.01455668 1.21725357 0.06596745
v -0.01127692 1.2179867 0.06799898
v -0.00767839 1.21812439 0.06986228
v -0.00383284 1.21837902 0.07136741
v -0.00042478 1.21690333 0.07848734
v -0.02814035 1.20467067 0.06749396
v -0.03022255 1.21092784 0.06679157
v -0.03347551 1.20067155 0.0605405
v -0.02264076 1.19985402 0.07079985
v -0.02651458 1.19407177 0.06638509
v -0.01819007 1.18962109 0.07321604
v -0.0156248 1.19662809 0.07584225
v -0.00762646 1.19591188 0.07893148
v -0.0067365 1.20225108 0.07738148
v 0.00031411 1.19602847 0.08003291
v 0.00018722 1.20278966 0.07797428
v 0.0070424 1.20259154 0.07742073
v 8.63E-06 1.20884001 0.07693396
v 0.00626764 1.20889103 0.07669079
v -0.0002817 1.2144438 0.07852176
v -0.00621044 1.21380544 0.07782828
v -0.01238333 1.20854139 0.07571245
v -0.00619009 1.20840096 0.07664493
v -0.01356839 1.2025423 0.07565325
v -0.01856627 1.21367109 0.06993596
v -0.01575992 1.21356487 0.07237825
v -0.01731196 1.20928621 0.07231999
v -0.01961598 1.2046386 0.07247702
v -0.02329595 1.20784891 0.06848849
v -0.02051617 1.21118689 0.069378
v -0.00038859 1.22027743 0.07992149
v -0.00024375 1.22323668 0.07982931
v -0.00581547 1.22354949 0.07917554
v -0.00587565 1.22073877 0.07898748
v -0.01047179 1.22270501 0.07680684
v -0.01019063 1.220034 0.07681
v -0.01419302 1.22124863 0.07392785
v -0.01337189 1.21887779 0.07419615
v -0.01706555 1.2199266 0.07144818
v -0.01586852 1.21810353 0.07173081
v -0.01921549 1.21807861 0.07034643
v -0.01781044 1.21728909 0.06992746
v -0.0188628 1.21605825 0.06863882
v -0.01886941 1.21552467 0.06856132
v -0.02002914 1.21460199 0.06882022
v -0.02208955 1.21312439 0.06882643
v 0.00539774 1.22376978 0.07916176
v 0.00352118 1.24116099 0.07833315
v 0.00330874 1.24315047 0.08053019
v 0.00285841 1.23874521 0.07991776
v 0.00359483 1.23999333 0.08316861
v 0.00681015 1.24130619 0.08205654
v 0.00830007 1.24499583 0.07468451
v 0.01037674 1.24135125 0.07895245
v 0.01245407 1.24018085 0.07596972
v 0.01223578 1.2394073 0.0736434
v 0.01023951 1.2391367 0.07290326
v 0.00749941 1.23908269 0.0746341
v 0.01271548 1.23692989 0.07166898
v 0.00850179 1.23633409 0.07496894
v 0.01015051 1.23195589 0.07546909
v 0.00533613 1.22800457 0.07891858
v -0.01865735 1.22271836 0.07119894
v -0.01497735 1.22540009 0.07293525
v -0.01025295 1.22667062 0.07614988
v -0.00521818 1.2277199 0.07894614
v 3.892E-05 1.22786057 0.07941554
v 0.00513228 1.23222566 0.07838138
v 0.00426343 1.23684955 0.07775938
v 0.00566897 1.23981595 0.07672944
v -0.01968085 1.22531056 0.06987525
v -0.02118214 1.21882796 0.07082455
v -0.02301538 1.22018909 0.06984174
v -0.02223844 1.21564054 0.0699361
v -0.02454264 1.21560907 0.06889334
v -0.02517858 1.2214818 0.06889103
v -0.02552914 1.21579576 0.06855983
v -0.02018468 1.21583259 0.06950413
v -0.02247166 1.22852302 0.06885036
v -0.02483698 1.23111701 0.06918855
v -0.02300157 1.22910416 0.06892612
v -0.02558016 1.22183573 0.06875558
v -0.0259378 1.21589911 0.06838881
v -0.02505651 1.2116195 0.06831715
v -0.02794173 1.22380435 0.06805026
v -0.031733 1.22757494 0.06462099
v -0.02925083 1.216766 0.0672658
v -0.02561633 1.21153939 0.06813574
v -0.03448529 1.22078204 0.06032592
v -0.03599043 1.23438179 0.05914182
v -0.04107437 1.24142921 0.05518477
v -0.04039674 1.25232065 0.05542797
v -0.03933981 1.25905645 0.05324677
v -0.03878871 1.25959873 0.05352902
v -0.04024259 1.26173365 0.05162881
v -0.04337155 1.25639319 0.05157316
v -0.04994791 1.26609647 0.03849623
v -0.04771481 1.25416696 0.0474805
v -0.04785733 1.25987184 0.04449935
v -0.05077438 1.25232327 0.04078017
v -0.0487887 1.2435075 0.04380636
v -0.0452947 1.24764466 0.05137715
v -0.05102286 1.25967848 0.03876907
v -0.05379315 1.2591846 0.03174239
v -0.05590652 1.25852406 0.024925
v -0.05730624 1.2571497 0.0172599
v -0.05615976 1.24550796 0.01825805
v -0.05502228 1.24779248 0.02583094
v -0.05321303 1.24999964 0.03295615
v -0.05143344 1.23961985 0.03534713
v -0.05431024 1.23333442 0.01910783
v -0.05327183 1.23603368 0.02710509
v -0.04876327 1.22947419 0.03919398
v -0.04529577 1.23541903 0.04778406
v -0.04020656 1.22736883 0.05305501
v -0.03680686 1.21141148 0.05523989
v -0.03566834 1.1950556 0.05042139
v -0.0508512 1.22350132 0.02934614
v -0.05191926 1.21830189 0.01876824
v -0.05253383 1.22527671 0.01085415
v -0.0525015 1.22301269 0.01279268
v -0.04151357 1.20359063 0.04230652
v -0.04227541 1.19720137 0.03199196
v -0.03614144 1.18921137 0.04075209
v -0.04374878 1.21974039 0.04520768
v -0.04666583 1.21210229 0.03474104
v -0.04807825 1.20559847 0.02441586
v -0.04905519 1.20936871 0.01118107
v -0.05012273 1.21601081 0.00926109
v -0.05102498 1.21895885 0.00953337
v -0.046518 1.20023978 0.0157744
v -0.02374317 1.17236507 0.03452439
v -0.01460684 1.16702366 0.04419954
v -0.01628787 1.17429137 0.05091834
v -0.00670547 1.1761272 0.05278908
v -0.0057656 1.1695472 0.04452906
v -0.03177857 1.17958093 0.02453351
v -0.04048311 1.18662131 0.01637043
v -0.04613126 1.19551134 0.00933369
v -0.04032204 1.1924963 0.02295469
v -0.03296424 1.18546009 0.03141287
v -0.0242846 1.18007946 0.04087397
v -0.00649566 1.15977597 0.03767035
v 0.00856695 1.16051662 0.03540706
v 0.00056281 1.16371131 0.03357344
v 0.00153497 1.1735996 0.04160035
v 0.00097498 1.18033636 0.05083996
v -0.00856929 1.17940283 0.06010342
v -0.01796997 1.18047082 0.05729762
v -0.02775847 1.18307483 0.04980101
v -0.02815584 1.18754518 0.05837999
v 0.00036002 1.18028224 0.06977668
v -0.00903365 1.18064868 0.06931961
v 0.00038321 1.17973173 0.05945598
v -0.01924774 1.18295348 0.0658077
v 0.0003247 1.18797183 0.07783905
v -0.00838248 1.18821025 0.07674336
v 0.00958097 1.16895163 0.04435263
v 0.00977171 1.17617261 0.05292365
v 0.00949779 1.1794287 0.06015003
v 0.00976116 1.18062639 0.06931346
v 0.00904143 1.1881597 0.07681067
v 0.0161126 1.19696295 0.07581414
v 0.00816567 1.19598866 0.07878207
v 0.01179289 1.24955571 0.07857049
v 0.01478728 1.24817181 0.07500602
v 0.01263949 1.25078487 0.07400257
v 0.01328002 1.24642766 0.07989286
v 0.00809225 1.25113821 0.08201575
v 0.00918947 1.24768186 0.08365972
v 0.00462103 1.24878323 0.08764431
v 0.00430793 1.25318909 0.08534285
v -0.00033839 1.25376654 0.08648774
v 0.00415694 1.25628734 0.08300912
v 0.00736538 1.25414205 0.08039032
v 0.00996031 1.25195253 0.07725552
v 0.00946124 1.25532472 0.07588497
v 0.01217116 1.25369346 0.07298219
v 0.01219446 1.25701094 0.07118616
v 0.00918311 1.25879049 0.07391148
v 0.01226174 1.26027918 0.06844397
v 0.00918734 1.26218712 0.07128686
v 0.01262836 1.26302826 0.0646141
v 0.00688379 1.25732934 0.07874637
v 0.01470093 1.26696372 0.05939826
v 0.01754486 1.26585948 0.06057916
v 0.01565032 1.26854873 0.05873017
v 0.01256479 1.26828754 0.05923135
v 0.01346258 1.26521564 0.0609802
v 0.01297172 1.26505947 0.06143984
v 0.01104958 1.26740503 0.06164667
v 0.00927105 1.26584256 0.06718784
v 0.00629201 1.26364827 0.07475543
v 0.00652619 1.2605505 0.07686295
v 0.00401124 1.25914443 0.08102977
v -3.058E-05 1.25709307 0.08404697
v -0.00404641 1.25644934 0.08298472
v -0.00460854 1.25327384 0.08534762
v 0.00023275 1.25975108 0.08180012
v 0.00845782 1.26969576 0.06667603
v 0.00609812 1.26657593 0.07248259
v 0.00352278 1.26466763 0.07721101
v 0.00379455 1.26194692 0.07912146
v 0.00033446 1.26239944 0.07985523
v -0.00345464 1.25919485 0.08096197
v -0.0062509 1.25787497 0.07871989
v 0.0033204 1.26727366 0.0753933
v 0.00595135 1.26976943 0.07126779
v 0.01402014 1.26882064 0.05846421
v 0.01810274 1.2678988 0.05988564
v 0.0213096 1.26698494 0.06107187
v 0.02478983 1.26660776 0.06102208
v 0.02104311 1.26473367 0.06157782
v 0.02503142 1.26390147 0.0613161
v 0.01573191 1.25799751 0.0664138
v 0.01571972 1.25488746 0.06910197
v 0.02017903 1.25526845 0.06491713
v 0.01608369 1.26053417 0.06355449
v 0.01634879 1.26157939 0.06284828
v 0.01660326 1.26242268 0.06217041
v 0.01679627 1.26312423 0.06165623
v 0.02084867 1.26172185 0.06227925
v 0.02548014 1.26044178 0.06179237
v 0.02563041 1.25748444 0.06188269
v 0.02049211 1.25935793 0.06268705
v 0.02034325 1.258371 0.06285728
v 0.02568464 1.25641704 0.0619153
v 0.02614609 1.25193715 0.06316083
v 0.01979273 1.20585537 0.0724498
v 0.0284327 1.20541012 0.06746866
v 0.03048936 1.21188211 0.06679104
v 0.035097 1.22110736 0.06034341
v 0.03653804 1.23441362 0.05906395
v 0.03210313 1.24120927 0.06418231
v 0.02595274 1.24697649 0.06674968
v 0.02028073 1.25170398 0.06793218
v 0.03223398 1.22798717 0.06463633
v 0.02929864 1.21786773 0.06730197
v 0.02593365 1.21731746 0.06840442
v 0.02568003 1.21298707 0.06809712
v 0.01482808 1.2487843 0.07165241
v 0.01527734 1.25162244 0.07097585
v 0.01910353 1.24736285 0.07068499
v 0.02351355 1.24147046 0.07007096
v 0.02830396 1.23476791 0.06812397
v 0.02806184 1.22472644 0.06802145
v 0.01636529 1.24182606 0.07033755
v 0.01925346 1.2364434 0.06935365
v 0.02327443 1.23002517 0.06869396
v 0.0177775 1.24452758 0.07123718
v 0.01659665 1.24307632 0.07069402
v 0.02146261 1.23868036 0.07031805
v 0.01969483 1.2368902 0.06954633
v 0.0251449 1.23172605 0.06903739
v 0.01526199 1.24053478 0.07672258
v 0.01496635 1.23903823 0.07337054
v 0.01677084 1.24285209 0.07279891
v 0.01267869 1.23761988 0.07160474
v 0.01605296 1.24240816 0.07044397
v 0.01587601 1.24707663 0.07273638
v 0.01281061 1.24244165 0.08020703
v 0.00894523 1.24331367 0.08373441
v 0.00465654 1.24311697 0.08729516
v 0.01643177 1.24439228 0.07615516
v -0.00456774 1.24294913 0.08728722
v -0.00784506 1.24296021 0.08373018
v -0.00022129 1.24307156 0.08878284
v -0.01306461 1.24881709 0.07510563
v -0.01120819 1.25158 0.07402697
v -0.0141279 1.24707365 0.07277981
v -0.01043205 1.25035405 0.07859325
v -0.00891365 1.253106 0.07725818
v -0.00680506 1.25492573 0.08038238
v -0.00749433 1.25163448 0.0820152
v -0.0116262 1.24636519 0.07989182
v -0.00835577 1.24759281 0.08366448
v -0.01108792 1.24198604 0.08020225
v -0.00496933 1.2486937 0.08763053
v -0.00046817 1.24907625 0.08895449
v -0.01508524 1.242504 0.07281161
v -0.01347359 1.2385211 0.0733716
v -0.0135589 1.24005103 0.07672573
v -0.01460101 1.24417675 0.07617901
v -0.00870225 1.25624228 0.07588176
v -0.0111176 1.25431371 0.07297637
v -0.01321293 1.24879265 0.07167256
v -0.01402246 1.2516892 0.07099069
v -0.00281146 1.26466596 0.07720731
v -0.0030737 1.26191688 0.07905843
v -0.00583978 1.26068676 0.07685661
v -0.00848716 1.2590735 0.07389187
v -0.01138196 1.25720441 0.07117454
v -0.01484312 1.25490916 0.06912846
v -0.01493795 1.25791943 0.06640427
v -0.01154038 1.26029885 0.06845193
v -0.01033987 1.26731813 0.06159954
v -0.01148898 1.27016103 0.05946818
v -0.01189111 1.26292872 0.06457169
v -0.00845378 1.26220083 0.07126618
v -0.00553885 1.26363969 0.07473529
v -0.00541435 1.26656568 0.07247464
v -0.00539104 1.26976943 0.07128527
v -0.00554688 1.27098787 0.07153362
v -0.00860902 1.2658273 0.06717405
v -0.00785089 1.26970696 0.06662572
v -0.01009086 1.26988447 0.06213887
v -0.01293373 1.27236867 0.0595079
v -0.01227733 1.27205288 0.06248323
v -0.01561133 1.27375674 0.06065704
v -0.01299254 1.26965022 0.05864065
v -0.01327863 1.26858699 0.05837838
v -0.01420685 1.27098918 0.05890924
vn -0.70333 0.23031 -0.67253
vn -0.5375 0.2191 -0.8143
vn -0.70839 0.43429 -0.55639
vn -0.68591 0.0356 -0.72681
vn -0.52129 0.0291 -0.85288
vn -0.67728 -0.1461 -0.72108
vn -0.5129 -0.1808 -0.8392
vn -0.6405 -0.3466 -0.6853
vn -0.50762 -0.36591 -0.78002
vn -0.57441 -0.46421 -0.67421
vn -0.47092 -0.44272 -0.76304
vn -0.58172 -0.40301 -0.70653
vn -0.4645 -0.3934 -0.7934
vn -0.63132 -0.23481 -0.73912
vn -0.51529 -0.1856 -0.83668
vn -0.56479 0.1258 -0.81559
vn -0.38241 -0.1507 -0.91162
vn -0.40211 0.1944 -0.89472
vn -0.61741 0.43001 -0.65871
vn -0.40031 0.53301 -0.74542
vn -0.3348 -0.3869 -0.8592
vn -0.33381 -0.42851 -0.83962
vn -0.3679 -0.3784 -0.84939
vn -0.39751 -0.2023 -0.89502
vn -0.3841 0.0191 -0.92309
vn -0.35399 0.20109 -0.91337
vn -0.32808 0.40048 -0.85556
vn -0.1721 0.3755 -0.9107
vn -0.2023 0.1937 -0.95998
vn -0.23971 0 -0.97084
vn -0.2473 -0.2091 -0.94611
vn -0.2107 -0.3718 -0.90409
vn -0.17531 -0.41872 -0.89104
vn -0.1663 -0.37769 -0.91088
vn -0.201 -0.1257 -0.97149
vn -0.22001 0.24731 -0.94363
vn -0.1726 0.6155 -0.769
vn -0.0904 0.34839 -0.93298
vn -0.1255 0.50822 -0.85203
vn -0.1191 0.18321 -0.97583
vn -0.1163 -0.014 -0.99312
vn -0.1119 -0.21021 -0.97123
vn -0.094 -0.35779 -0.92906
vn -0.0564 -0.40389 -0.91307
vn -0.0324 -0.3654 -0.93029
vn -0.0538 -0.119 -0.99143
vn -0.0902 0.26589 -0.95977
vn -0.0631 0.66202 -0.74682
vn 0.0001 0.45029 -0.89288
vn 0.0009 0.49791 -0.86723
vn -0.0204 0.51409 -0.85749
vn -0.0429 0.4657 -0.8839
vn -0.0098 0.32379 -0.94608
vn -0.0168 0.1647 -0.9862
vn 0.0016 -0.0223 -0.99975
vn 0.0046 -0.21919 -0.97567
vn -0.0049 -0.3501 -0.9367
vn 0.0075 -0.39181 -0.92002
vn 0.019 -0.35839 -0.93338
vn 0.0225 -0.1208 -0.99242
vn 0.0088 0.26149 -0.96517
vn -0.0464 0.66331 -0.74691
vn 0.34369 -0.82507 -0.44848
vn 0.97929 -0.1374 -0.1487
vn 0.55169 -0.57149 -0.60749
vn 0.98807 -0.0707 0.1368
vn 0.96268 -0.2601 0.0748
vn 0.56111 -0.57231 -0.59801
vn 0.6357 -0.4142 -0.6514
vn -0.3607 -0.192 -0.9127
vn -0.46138 -0.28999 -0.83847
vn -0.52038 -0.30769 -0.79657
vn 0.53986 -0.63185 -0.55616
vn -0.56642 -0.32221 -0.75852
vn -0.50631 -0.2162 -0.83481
vn -0.52752 -0.31511 -0.78894
vn -0.47351 -0.45741 -0.75271
vn -0.384 -0.7271 -0.5691
vn -0.5286 -0.7257 -0.4404
vn 0.94122 -0.33461 -0.0462
vn 0.9348 -0.3419 -0.0962
vn 0.73474 -0.16751 -0.65734
vn 0.95636 -0.28809 -0.0487
vn 0.97071 -0.2317 0.0635
vn 0.83402 0.1308 -0.53601
vn -0.47638 0.67528 -0.56308
vn -0.17829 0.62478 -0.76017
vn -0.33981 0.94041 -0.0124
vn -0.4247 0.3291 -0.8434
vn -0.21541 0.29642 -0.93045
vn -0.38282 0.0299 -0.92334
vn -0.27729 -0.0045 -0.96077
vn -0.42461 -0.1228 -0.89701
vn 0.96585 -0.19811 0.16701
vn 0.78468 0.56329 0.2588
vn 0.96452 -0.2244 0.1391
vn 0.96868 -0.1835 0.1673
vn 0.72921 0.2376 0.64171
vn -0.0329 0.99288 0.1145
vn 0.0372 0.80019 0.59859
vn -0.1186 0.91477 -0.38619
vn 0.87798 0.35869 -0.31699
vn 0.96484 -0.22221 0.14041
vn 0.85537 0.50008 -0.1351
vn -0.98817 -0.0651 0.1389
vn -0.55621 -0.56941 -0.60531
vn -0.963 -0.2592 0.0738
vn -0.98124 -0.12621 -0.14571
vn -0.34638 -0.82455 -0.44737
vn 0.57111 -0.3136 -0.75861
vn 0.52032 -0.30741 -0.79672
vn -0.5422 -0.6306 -0.5553
vn -0.56219 -0.57179 -0.59749
vn 0.46142 -0.28942 -0.83865
vn 0.36141 -0.19101 -0.91263
vn -0.63768 -0.41339 -0.64998
vn 0.27921 -0.005 -0.96022
vn 0.42722 -0.1216 -0.89593
vn 0.50722 -0.21511 -0.83454
vn 0.52739 -0.3152 -0.78899
vn 0.49332 -0.48732 -0.72053
vn 0.50499 -0.69759 -0.50829
vn -0.94153 -0.33271 -0.0531
vn 0.3863 0.0295 -0.9219
vn 0.21789 0.29329 -0.93086
vn 0.4263 0.3244 -0.84441
vn 0.1818 0.62251 -0.76121
vn 0.48031 0.67331 -0.56211
vn 0.34431 0.93884 -0.0054
vn -0.93532 -0.33271 -0.1203
vn -0.73582 -0.1652 -0.65672
vn -0.83131 0.1336 -0.53951
vn -0.87471 0.3607 -0.3237
vn 0.12201 0.91464 -0.38542
vn 0.0342 0.99273 0.1154
vn -0.0356 0.7992 0.6
vn -0.7267 0.2394 0.6439
vn -0.78197 0.56618 0.26069
vn -0.96796 -0.17579 0.17929
vn -0.96635 -0.19009 0.17329
vn -0.96713 -0.21831 0.1304
vn -0.8535 0.5021 -0.1394
vn -0.97052 -0.2138 0.1113
vn -0.97578 -0.21789 0.0196
vn -0.95757 -0.27329 -0.0915
vn -0.0523 -0.1334 0.98968
vn -0.2924 -0.18 0.9392
vn -0.6053 0.0534 0.7942
vn -0.58772 0.064 0.80653
vn -0.87907 -0.004 0.47668
vn -0.75442 0.0189 0.65612
vn -0.68491 -0.0683 0.72542
vn -0.26639 -0.35259 0.89706
vn -0.29739 -0.0535 0.95326
vn -0.4308 0.1725 0.88581
vn -0.944 -0.085 0.3188
vn -0.65478 0.0225 0.75548
vn 0.1053 0.0414 0.99358
vn -0.0509 -0.31939 0.94626
vn -0.20841 -0.44601 0.87042
vn -0.81033 -0.28781 0.51042
vn -0.73909 -0.2231 0.63559
vn -0.67976 -0.0637 0.73066
vn -0.52421 -0.25971 0.81102
vn -0.72782 -0.42141 0.54101
vn -0.28841 -0.48101 0.82792
vn -0.65598 -0.45598 0.60148
vn -0.56978 -0.53838 -0.62088
vn -0.52642 -0.70583 -0.47402
vn -0.49811 -0.86162 0.0974
vn -0.75329 -0.3052 0.58259
vn -0.81831 -0.2012 -0.53841
vn -0.76961 -0.1999 -0.60641
vn -0.75381 -0.40721 -0.51571
vn -0.70482 -0.64431 -0.29681
vn -0.62043 -0.74734 0.23781
vn -0.37489 -0.64409 0.66679
vn -0.4628 -0.5485 0.6964
vn -0.34511 -0.29731 0.89023
vn 0.91598 0.2546 -0.31009
vn 0.95463 0.29251 -0.0559
vn 0.99606 -0.0176 0.0869
vn 0.96165 -0.0403 0.27131
vn 0.94847 0.21499 0.23279
vn 0.88249 -0.0781 0.4638
vn 0.85151 0.0572 0.52121
vn 0.83135 0.0468 0.55377
vn 0.6945 0.3106 0.649
vn 0.81829 0.3234 0.4752
vn 0.63291 0.54991 0.54501
vn 0.82139 0.2728 0.5009
vn 0.62199 0.47969 0.61889
vn 0.47548 0.64838 0.59458
vn 0.4116 0.57609 0.70619
vn 0.24409 0.60517 0.75776
vn 0.3162 0.69791 0.64261
vn 0.15921 0.72543 0.66963
vn 0.3037 0.59691 0.74261
vn -0.0196 0.6405 0.7677
vn 0.1287 0.61218 0.78017
vn 0.0016 0.61664 0.78725
vn -0.0049 0.7378 0.675
vn 0.23641 0.0027 -0.97165
vn 0.37681 0.0222 -0.92602
vn 0.2181 0.175 -0.96011
vn 0.37799 -0.2078 -0.90219
vn 0.2397 -0.2203 -0.94552
vn 0.359 -0.3657 -0.85871
vn 0.2169 -0.3622 -0.90651
vn 0.32529 -0.42089 -0.84678
vn 0.4726 -0.4265 -0.7712
vn 0.50922 -0.36301 -0.78033
vn 0.53912 -0.18061 -0.82263
vn 0.9915 -0.0339 0.1256
vn 0.99313 -0.082 0.0835
vn 0.97074 -0.0948 0.22061
vn 0.97859 -0.0954 0.1824
vn 0.99157 -0.1002 0.0822
vn 0.95541 -0.2256 0.1905
vn 0.93556 -0.29699 0.19109
vn 0.93041 -0.3222 0.1747
vn 0.9645 -0.2244 0.1392
vn 0.96487 -0.22209 0.14039
vn 0.9509 0.0465 0.306
vn 0.98062 -0.1937 0.0294
vn 0.95316 -0.13229 0.27199
vn 0.98907 -0.1246 0.0789
vn 0.98187 -0.0225 0.1882
vn 0.96573 0.0509 0.25451
vn 0.94027 0.1387 0.31089
vn 0.91443 0.0433 0.40241
vn 0.912 -0.0382 0.4084
vn 0.92486 -0.1311 0.35699
vn 0.95106 -0.17869 0.25209
vn 0.96988 -0.1921 0.1498
vn 0.93702 -0.31301 0.155
vn 0.93779 0.1748 0.3
vn 0.91593 0.1365 0.37741
vn 0.94716 0.0936 0.30679
vn 0.8637 -0.0285 0.5032
vn 0.97008 -0.0866 0.2268
vn 0.94298 0.1612 0.2912
vn 0.92577 0.1054 0.36309
vn 0.90183 0.0422 0.43002
vn 0.99476 -0.0369 -0.0954
vn 0.97793 -0.20451 0.0428
vn 0.94827 -0.30139 0.0997
vn 0.99871 -0.0297 -0.0411
vn 0.99404 -0.0015 0.109
vn 0.99042 -0.1316 -0.0418
vn 0.96617 -0.25309 -0.0495
vn 0.94391 -0.3256 -0.055
vn 0.93856 -0.34368 -0.0315
vn 0.94559 -0.3247 0.0206
vn 0.94739 -0.286 -0.1437
vn 0.96957 -0.23469 -0.0697
vn 0.91171 -0.2066 -0.3551
vn 0.96164 -0.10831 -0.25201
vn 0.87475 0.11941 -0.46963
vn 0.88779 -0.0341 0.45899
vn 0.84889 -0.42899 0.3088
vn 0.85789 -0.37339 0.35299
vn 0.8187 -0.2476 0.5181
vn 0.32299 -0.93466 -0.14859
vn 0.20521 -0.93593 0.28621
vn 0.47001 -0.73562 0.48781
vn 0.94871 -0.3158 -0.0144
vn 0.70622 -0.0528 0.70602
vn 0.89827 -0.18969 0.39639
vn 0.92639 0.0146 0.37629
vn 0.95359 -0.2353 0.1879
vn 0.85789 0.42009 -0.2959
vn 0.52001 -0.50401 -0.68961
vn 0.21389 -0.19469 -0.95726
vn 0.86534 0.0711 0.49612
vn 0.82447 0.0967 0.55758
vn 0.8119 0.2364 0.5338
vn 0.85525 0.0336 0.51713
vn 0.4929 -0.5979 -0.6321
vn -0.1063 -0.53202 -0.84003
vn 0.7657 -0.0566 -0.6407
vn 0.95448 -0.1099 0.27729
vn 0.69338 0.1219 0.71018
vn 0.89797 -0.0874 0.43129
vn 0.73958 0.1571 0.65448
vn 0.85931 -0.0398 0.50991
vn 0.84272 0.0163 0.53811
vn 0.86203 0.28251 0.42082
vn 0.53393 0.79785 0.27992
vn 0.57053 0.71114 -0.41082
vn 0.80088 0.59838 -0.0232
vn 0.98202 -0.0559 0.1803
vn 0.57522 -0.79143 -0.20681
vn 0.21009 -0.80757 -0.55108
vn 0.81219 0.2593 0.5226
vn 0.66608 0.56539 0.48649
vn 0.40829 0.89987 0.1534
vn 0.57629 0.81618 0.0418
vn 0.46128 0.84837 0.25979
vn 0.68566 0.19229 0.70206
vn 0.55079 0.83449 0.0162
vn 0.2991 -0.5709 -0.7646
vn 0.62389 -0.38199 -0.68179
vn 0.60351 -0.69051 0.39871
vn 0.6379 -0.5918 0.4928
vn 0.66349 0.0168 0.74799
vn 0.81368 0.36679 0.45099
vn 0.57403 0.80514 0.14911
vn 0.0875 0.66921 0.73791
vn 0.77729 0.2824 0.5622
vn 0.23079 0.70407 0.67158
vn 0.73349 0.0438 0.67829
vn 0.90638 0.23119 0.35359
vn -0.0563 0.3653 0.92919
vn 0.73207 -0.0836 0.67608
vn 0.91053 -0.21191 0.35501
vn 0.68131 -0.1686 0.71231
vn -0.1138 0.40361 0.90783
vn 0.98781 -0.0546 0.1458
vn 0.98904 -0.1107 0.0977
vn 0.86303 -0.43952 0.24901
vn 0.91756 -0.13189 -0.37508
vn 0.98704 -0.0119 -0.16001
vn 0.73812 -0.20701 0.64212
vn -0.063 -0.036 0.99736
vn -0.10451 0.0417 0.99365
vn 0.65471 0.0235 0.75551
vn 0.94418 -0.0845 0.31839
vn 0.75309 -0.3053 0.58279
vn 0.81843 -0.20151 -0.53812
vn 0.76969 -0.2 -0.60629
vn 0.0508 -0.31951 0.94622
vn 0.20861 -0.44611 0.87033
vn 0.65598 -0.45598 0.60148
vn 0.56968 -0.53838 -0.62098
vn 0.7538 -0.4071 -0.5158
vn 0.81471 -0.42181 0.3979
vn 0.88265 -0.44968 0.13679
vn 0.72796 -0.42148 0.54077
vn 0.28859 -0.48079 0.82798
vn 0.29279 -0.18009 0.93906
vn 0.0531 -0.1335 0.98962
vn 0.60572 0.0529 0.79392
vn 0.87932 -0.0046 0.47621
vn 0.43109 0.17299 0.88557
vn 0.59983 0.23041 0.76624
vn 0.85609 -0.1513 0.49419
vn 0.58781 0.0633 0.80652
vn 0.5243 -0.2596 0.811
vn 0.81029 -0.2878 0.51049
vn 0.6794 -0.0637 0.731
vn 0.73899 -0.2226 0.63589
vn 0.68469 -0.0677 0.72569
vn 0.38199 -0.73197 -0.56418
vn 0.3399 -0.8561 -0.3893
vn 0.29741 -0.0541 0.95322
vn 0.36451 -0.0731 0.92833
vn 0.75471 0.0182 0.65581
vn 0.26669 -0.35338 0.89666
vn 0.34559 -0.29479 0.89088
vn 0.75213 0.48322 -0.44812
vn 0.77711 -0.0307 -0.62861
vn 0.46332 0.0927 0.88133
vn 0.68161 0.0735 0.72801
vn 0.52701 -0.54581 -0.65142
vn 0.68842 -0.33131 -0.64522
vn 0.55111 0.82541 0.1224
vn 0.46529 -0.54499 0.69749
vn 0.37528 -0.64367 0.66697
vn 0.49838 -0.86147 0.0974
vn 0.52648 -0.70587 -0.47388
vn 0.48871 0.61641 0.61741
vn 0.62289 -0.74539 0.2375
vn 0.70524 -0.64394 -0.29662
vn 0.69672 -0.095 0.71102
vn 0.95247 0.0058 0.30459
vn 0.98764 0.0382 -0.15201
vn 0.94102 -0.32671 -0.088
vn 0.95276 0.0715 0.29519
vn 0.96072 0.096 0.2604
vn 0.55301 0.24441 0.79652
vn 0.99157 -0.1002 0.0821
vn 0.9915 -0.034 0.1256
vn -0.98903 -0.1108 0.0977
vn -0.98778 -0.0546 0.146
vn -0.7323 -0.0838 0.6758
vn -0.73831 -0.2067 0.64201
vn 0.0631 -0.036 0.99736
vn -0.987 -0.0118 -0.1603
vn -0.91746 -0.13199 -0.37528
vn -0.88776 -0.18999 0.41928
vn -0.73369 0.0436 0.67809
vn 0.0569 0.3652 0.92919
vn -0.231 0.70419 0.67139
vn -0.0872 0.66991 0.73731
vn -0.53768 0.81408 0.21949
vn -0.46021 0.79882 0.38741
vn -0.49382 0.86234 0.11181
vn -0.60697 0.76727 0.20709
vn -0.57069 0.71109 -0.41069
vn -0.8574 0.4206 -0.2966
vn -0.214 -0.1948 -0.95721
vn -0.86659 0.3074 0.3931
vn -0.63582 0.59872 0.48711
vn -0.6381 -0.0423 0.76879
vn -0.99046 -0.0783 0.1134
vn -0.67541 0.72381 -0.1411
vn -0.5932 -0.0157 -0.8049
vn -0.57028 -0.67048 0.47459
vn -0.7778 0.2824 0.5615
vn -0.59518 -0.75387 0.27829
vn -0.4364 -0.86289 -0.2549
vn -0.33052 -0.61463 -0.71623
vn 0.1064 -0.53209 -0.83998
vn -0.2996 -0.5709 -0.7644
vn -0.20991 -0.80753 -0.55122
vn -0.62479 -0.38179 -0.68109
vn -0.94128 -0.32599 -0.0879
vn -0.98772 0.0382 -0.1515
vn -0.88269 -0.44939 0.1375
vn -0.83548 -0.46459 0.29349
vn -0.52 -0.5039 -0.6897
vn -0.95373 -0.23481 0.18781
vn -0.96077 0.0958 0.26029
vn -0.9524 0.0052 0.3048
vn -0.81471 -0.42171 0.39801
vn -0.95189 -0.3053 -0.0266
vn -0.90427 -0.18829 0.38319
vn -0.70659 -0.0535 0.70559
vn -0.95526 -0.13239 0.26449
vn -0.92641 0.0155 0.3762
vn -0.97167 -0.0944 0.21669
vn -0.99154 -0.0288 0.1266
vn -0.99156 -0.0917 0.0917
vn -0.95238 0.0724 0.29619
vn -0.69679 -0.0955 0.71089
vn -0.77606 -0.0316 -0.62987
vn 0.42619 0.32439 -0.84447
vn -0.75391 0.47791 -0.45081
vn 0.48028 0.67327 -0.56217
vn -0.55488 0.82198 0.1283
vn 0.34431 0.93884 -0.0055
vn -0.48759 0.61259 0.62209
vn -0.55302 0.24341 0.79682
vn -0.36459 -0.0733 0.92828
vn -0.46361 0.0924 0.88121
vn -0.68709 -0.3316 -0.64649
vn 0.4273 -0.1216 -0.8959
vn 0.50721 -0.21521 -0.83452
vn -0.68129 0.0738 0.72829
vn -0.5259 -0.5456 -0.6525
vn -0.3813 -0.732 -0.5646
vn 0.52751 -0.3152 -0.78891
vn -0.3422 -0.88371 -0.3193
vn -0.245 -0.94812 0.2026
vn -0.4723 -0.73469 0.487
vn -0.34641 -0.82452 -0.44741
vn -0.98126 -0.1261 -0.14569
vn -0.81373 -0.22621 0.53542
vn -0.86971 -0.3355 0.362
vn -0.8552 -0.1491 0.4964
vn -0.59791 0.2315 0.76741
vn -0.95433 -0.1094 0.27801
vn -0.69408 0.1215 0.70958
vn 0.1142 0.40371 0.90773
vn -0.84774 0.22691 0.47942
vn -0.77447 0.21689 0.59427
vn -0.89803 -0.0881 0.43102
vn -0.73761 0.1587 0.65631
vn -0.68621 0.1927 0.70141
vn -0.83813 0.0067 0.54542
vn -0.84613 0.0957 0.52432
vn -0.85521 0.1144 0.5055
vn -0.83593 0.0849 0.54222
vn 0.0218 0.51112 -0.85923
vn 0.10899 -0.35378 -0.92896
vn -0.0048 -0.3501 -0.9367
vn 0.0808 -0.39381 -0.91563
vn 0.12649 -0.22439 -0.96625
vn 0.0047 -0.21919 -0.97567
vn 0.1186 -0.0149 -0.99283
vn 0.0016 -0.0223 -0.99975
vn 0.1005 0.1605 -0.98191
vn 0.08 0.32522 -0.94225
vn 0.0427 0.46329 -0.88518
vn 0.1264 0.5052 -0.8537
vn 0.093 0.56009 -0.82319
vn 0.27648 0.56477 -0.77756
vn 0.23719 0.63178 -0.73797
vn 0.4621 0.62161 -0.63251
vn 0.4204 0.69909 -0.57839
vn 0.069 -0.35979 -0.93048
vn 0.0996 -0.1167 -0.98816
vn 0.1097 0.2453 -0.96322
vn 0.0087 0.26149 -0.96517
vn 0.2767 0.7677 0.578
vn -0.0472 0.623 0.7808
vn -0.0527 0.91159 0.4077
vn 0.132 0.99113 0.0151
vn -0.038 0.99928 0.0009
vn 0.0173 0.95708 -0.2893
vn -0.0655 0.94142 -0.33081
vn -0.052 0.85038 -0.52359
vn -0.0892 0.85267 -0.51478
vn 0.0249 0.62329 -0.78159
vn 0.20929 0.22139 -0.95246
vn 0.18761 -0.11791 -0.97514
vn 0.1608 -0.3678 -0.9159
vn 0.44912 0.68434 0.57443
vn 0.42392 0.54292 0.72493
vn 0.4786 0.4985 0.7228
vn 0.50689 0.49189 0.70789
vn 0.51009 0.58709 0.62859
vn 0.476 0.6185 0.6252
vn 0.71047 0.38638 0.58817
vn 0.5971 0.7916 0.1298
vn 0.42209 0.90038 0.1056
vn 0.29929 0.95236 0.0586
vn 0.2042 0.94918 -0.2395
vn 0.1668 0.83029 -0.53179
vn 0.1953 0.56941 -0.79852
vn 0.41741 0.74841 -0.51541
vn 0.41978 0.49958 -0.75776
vn 0.40152 0.88905 -0.21991
vn 0.81497 0.55548 0.16509
vn 0.6099 0.7627 -0.2152
vn 0.76532 0.47301 -0.43651
vn 0.79657 0.57778 -0.17789
vn 0.39951 0.17211 -0.90043
vn 0.62521 0.39941 -0.67051
vn 0.5775 0.1028 -0.8099
vn 0.74491 0.2976 -0.59711
vn 0.68418 0.0327 -0.72858
vn 0.81862 -0.0869 -0.56772
vn 0.37121 -0.1439 -0.91733
vn 0.6264 0.6148 -0.4792
vn 0.74127 -0.28969 -0.60548
vn 0.62109 -0.2298 -0.74929
vn 0.53939 -0.1796 -0.82268
vn 0.32001 -0.38351 -0.86632
vn 0.17979 -0.40719 -0.89547
vn 0.48688 -0.38698 -0.78307
vn 0.92212 -0.34881 -0.1674
vn 0.84969 -0.3292 -0.4119
vn 0.6972 -0.4062 -0.5907
vn 0.58186 -0.38877 -0.71435
vn 0.80449 -0.42189 -0.41809
vn 0.80061 -0.4129 -0.43421
vn 0.6985 -0.4425 -0.5624
vn 0.57791 -0.43611 -0.68981
vn 0.62761 -0.3651 -0.68761
vn 0.72627 -0.34739 -0.59317
vn 0.80778 -0.29719 -0.50909
vn 0.90144 -0.33661 -0.27221
vn 0.8988 -0.388 -0.204
vn 0.3693 0.1956 -0.90849
vn 0.18481 0.35211 -0.91753
vn 0.53709 0.0456 -0.84229
vn 0.6762 -0.1465 -0.722
vn 0.76358 -0.1251 -0.63348
vn 0.83459 -0.1309 -0.53509
vn 0.91665 -0.22479 -0.33048
vn 0.54042 0.21441 -0.81362
vn 0.71 0.2217 -0.6684
vn 0.68758 0.0617 -0.72348
vn 0.93269 -0.1334 -0.3351
vn 0.99494 -0.0769 -0.0647
vn 0.96111 -0.0547 -0.2707
vn 0.88372 0.0024 -0.46801
vn 0.79669 0.049 -0.60239
vn 0.83964 0.19081 -0.50852
vn 0.86358 0.37559 -0.33639
vn 0.71199 0.4368 -0.54979
vn 0.52427 0.42648 -0.73706
vn 0.34159 0.39029 -0.85498
vn 0.65621 0.64771 -0.38711
vn 0.81355 0.57487 -0.0875
vn 0.91108 0.37319 0.1751
vn 0.96464 0.23171 -0.12561
vn 0.93471 0.1108 -0.3377
vn 0.99601 0.0439 0.0777
vn 0.99103 -0.0005 -0.1336
vn 0.93567 0.121 0.33149
vn 0.95797 -0.1118 0.26419
vn 0.99012 -0.1092 0.088
vn 0.99538 -0.0853 -0.044
vn 0.60678 0.73568 -0.30099
vn 0.7477 0.6621 0.0506
vn 0.83204 0.43992 0.33791
vn 0.87362 0.1655 0.45761
vn 0.91153 -0.0505 0.40811
vn 0.86973 -0.24021 0.43112
vn 0.95371 -0.1859 0.2364
vn 0.98895 -0.0797 0.12499
vn 0.88232 -0.0113 0.47051
vn 0.80994 -0.0581 0.58363
vn 0.82831 -0.1175 0.54781
vn 0.72121 -0.1586 0.67431
vn 0.7736 -0.3221 0.5457
vn 0.76092 -0.41011 0.50281
vn 0.66839 -0.2398 0.70409
vn 0.4225 -0.6166 0.6643
vn 0.3697 -0.4009 0.83821
vn 0.68378 -0.0628 0.72698
vn 0.5995 -0.1315 0.7895
vn 0.30581 -0.29871 0.90402
vn -0.1239 -0.38271 0.91552
vn -0.36869 -0.37469 0.85069
vn 0.2946 -0.43379 0.85149
vn -0.40668 -0.42428 0.80907
vn -0.68478 -0.143 0.71458
vn -0.73438 -0.22379 0.64078
vn -0.69171 -0.0717 0.71861
vn -0.72557 -0.16169 0.66888
vn -0.82901 -0.1218 0.54581
vn -0.80948 -0.0628 0.58378
vn -0.1281 -0.45032 0.88363
vn 0.1501 -0.45379 0.87838
vn 0.1414 -0.40411 0.90372
vn 0.31661 -0.46721 0.82552
vn -0.41561 -0.53561 0.73511
vn -0.78549 -0.36649 0.49869
vn -0.77587 -0.31989 0.54378
vn -0.87085 -0.23831 0.42992
vn -0.91314 -0.0488 0.40472
vn -0.88272 -0.0094 0.46981
vn -0.87529 0.1669 0.45389
vn -0.23791 0.63401 -0.73582
vn -0.2762 0.5669 -0.7761
vn -0.0921 0.56282 -0.82143
vn -0.4194 0.7006 -0.5773
vn -0.46221 0.62131 -0.63272
vn -0.52109 0.42789 -0.73849
vn -0.99412 0.0095 0.1079
vn -0.99483 -0.0698 -0.0737
vn -0.98888 -0.0764 0.1276
vn -0.9951 -0.0834 -0.0532
vn -0.95301 -0.1869 0.2384
vn -0.99007 -0.1146 0.0814
vn -0.95951 -0.1137 0.2577
vn -0.93559 0.1227 0.3311
vn -0.91296 0.36909 0.17399
vn -0.83425 0.43758 0.33548
vn -0.81601 0.57071 -0.0918
vn -0.7484 0.6614 0.0495
vn -0.60401 0.73701 -0.3033
vn -0.65562 0.64512 -0.39241
vn -0.9168 -0.2203 -0.3331
vn -0.93144 -0.12991 -0.33991
vn -0.95878 -0.0534 -0.27909
vn -0.99047 -0.0003 -0.1377
vn -0.99578 0.0447 0.0801
vn -0.96464 0.23301 -0.1232
vn -0.86268 0.37369 -0.34079
vn -0.83279 -0.1313 -0.53779
vn -0.88169 0.0047 -0.4718
vn -0.93389 0.1201 -0.3368
vn -0.8357 0.2022 -0.5106
vn -0.785 -0.1223 -0.6073
vn -0.80758 0.0403 -0.58838
vn -0.68799 0.0387 -0.72469
vn -0.7367 -0.3322 -0.589
vn -0.70083 -0.46092 -0.54442
vn -0.73311 -0.4103 -0.54241
vn -0.76322 -0.30161 -0.57142
vn -0.80832 -0.1098 -0.57841
vn -0.7446 0.3346 -0.5776
vn -0.4067 0.7811 -0.4738
vn -0.63267 0.64987 -0.42118
vn -0.7645 0.5174 -0.3845
vn -0.86142 0.1654 -0.48021
vn -0.8967 -0.2767 -0.3455
vn -0.8612 -0.3578 -0.361
vn -0.84449 -0.4011 -0.3549
vn -0.81841 -0.4017 -0.4109
vn -0.80901 -0.2931 -0.50951
vn -0.99047 -0.129 -0.0483
vn -0.96569 -0.2497 -0.0714
vn -0.92797 -0.35299 -0.1195
vn -0.9137 -0.3682 -0.172
vn -0.90556 -0.36518 -0.21589
vn -0.90724 -0.31661 -0.27691
vn -0.94042 -0.32241 -0.108
vn -0.93583 -0.34011 -0.0925
vn -0.94291 -0.33221 -0.0235
vn -0.9893 -0.1123 0.0931
vn -0.99924 -0.0176 -0.0349
vn -0.98816 -0.0652 0.13889
vn -0.98128 -0.1261 -0.1456
vn -0.99341 -0.0049 -0.1145
vn -0.88787 0.34359 -0.30599
vn -0.95402 -0.1332 -0.26851
vn -0.94121 -0.3346 -0.0465
vn -0.93713 -0.34171 0.0708
vn -0.97575 -0.21799 0.0196
vn -0.92854 -0.30611 0.21001
vn -0.91188 -0.35859 0.1997
vn -0.9705 -0.2138 0.1114
vn -0.91751 -0.3683 0.1501
vn -0.94876 -0.30779 0.0715
vn -0.93801 -0.2714 0.2156
vn -0.99431 0.0163 0.1053
vn -0.92737 -0.22689 0.29749
vn -0.95145 -0.0483 0.30398
vn -0.92354 -0.15011 0.35291
vn -0.87541 -0.0937 0.47421
vn -0.91572 -0.0491 0.39881
vn -0.86026 -0.0282 0.50908
vn -0.95467 -0.22799 0.19139
vn -0.97953 -0.0984 0.17561
vn -0.9942 -0.0741 0.0779
vn -0.98947 -0.1234 0.0756
vn -0.98105 -0.19251 0.022
vn -0.95528 -0.1324 0.2644
vn -0.95405 0.0358 0.29749
vn -0.94033 0.1308 0.31411
vn -0.93803 0.17051 0.30171
vn -0.94451 0.1556 0.2893
vn -0.92611 0.1013 0.3634
vn -0.91259 0.0347 0.4074
vn -0.89791 0.0467 0.4377
vn -0.31571 0.72392 0.61341
vn -0.45341 0.67702 0.57971
vn -0.42638 0.58868 0.68677
vn -0.62749 0.48729 0.60729
vn -0.62229 0.56209 0.54479
vn -0.82408 0.27939 0.49279
vn -0.81792 0.32271 0.47631
vn -0.4673 0.5496 0.69251
vn -0.69356 0.30128 0.65437
vn -0.72254 0.40382 0.56113
vn -0.82309 0.0387 0.56659
vn -0.8498 0.0623 0.5234
vn -0.94565 0.25619 0.20029
vn -0.92671 0.3672 -0.0798
vn -0.80716 0.58367 0.0884
vn -0.77472 0.60352 -0.18861
vn -0.60229 0.76859 -0.2157
vn -0.58991 0.80651 0.0393
vn -0.38528 0.71817 0.57947
vn -0.481 0.6593 0.5779
vn -0.39049 0.60809 0.69119
vn -0.42332 0.90505 0.041
vn -0.42361 0.87802 -0.2228
vn -0.2219 0.93851 -0.2645
vn -0.1332 0.85122 -0.50761
vn -0.31421 0.94852 0.0397
vn -0.43842 0.58172 0.68512
vn -0.4493 0.69729 0.55849
vn -0.18841 0.98194 0.0175
vn -0.0965 0.94277 -0.31919
vn -0.0293 0.85913 -0.51092
vn -0.1766 0.74 0.649
vn -0.38059 0.59419 0.70858
vn -0.36911 0.73891 0.56371
vn -0.0893 0.85266 -0.51478
vn -0.0655 0.94146 -0.33069
vn -0.0528 0.91159 0.4077
vn -0.1171 0.6288 0.7687
vn -0.24521 0.62852 0.73813
vn 0.73351 -0.27601 0.62111
vn 0.743 -0.5363 0.4004
vn 0.85827 -0.36889 0.35679
vn 0.80567 -0.55808 0.19859
vn 0.89823 -0.27371 0.34391
vn 0.86853 -0.45541 0.19561
vn 0.92383 -0.34461 0.1667
vn 0.91419 -0.242 0.3251
vn 0.9476 -0.1838 0.2613
vn 0.9737 -0.2195 0.0611
vn 0.69319 -0.67339 0.25699
vn 0.7457 -0.6143 0.258
vn 0.90687 -0.16209 0.38899
vn 0.96499 -0.1343 0.2253
vn 0.87275 -0.17379 0.45618
vn 0.85959 -0.1192 0.49689
vn 0.8222 -0.2029 0.5318
vn 0.59038 0.0205 0.80687
vn 0.54271 -0.36051 0.75862
vn 0.48651 -0.74541 0.45571
vn 0.39111 -0.84832 0.35691
vn 0.3954 -0.7653 0.5079
vn 0.79403 -0.50082 0.34451
vn 0.40753 -0.72554 0.55453
vn 0.79789 -0.4576 0.3924
vn 0.8504 -0.3802 0.3637
vn 0.93749 -0.2595 0.2319
vn 0.98968 -0.1171 0.0826
vn 0.99871 -0.0297 -0.0412
vn 0.97119 -0.1587 -0.1778
vn 0.94874 -0.31571 -0.0144
vn 0.97031 -0.2305 -0.0733
vn 0.97678 -0.2104 -0.0405
vn 0.92483 -0.35621 0.1334
vn 0.84237 -0.49358 0.21629
vn 0.78029 -0.58879 0.2109
vn 0.5865 0.1822 0.78919
vn 0.64261 0.2875 0.71021
vn 0.56637 0.26179 0.78146
vn 0.61987 0.35429 0.70017
vn 0.56571 0.3178 0.76091
vn 0.6114 0.4025 0.6813
vn 0.55382 0.42292 0.71723
vn 0.59932 0.47652 0.64323
vn 0.31219 0.76817 0.55898
vn 0.3255 0.77289 0.54469
vn 0.1122 0.92563 0.36141
vn 0.0243 0.89971 0.43581
vn -0.0791 -0.0793 0.99371
vn 0.34101 0.23881 0.90922
vn 0.46082 0.18001 0.86904
vn 0.49029 0.1295 0.86188
vn -0.0493 0.86531 0.49881
vn -0.0653 0.81701 0.57291
vn 0.0365 0.92622 0.37521
vn 0.0977 0.92348 0.37099
vn 0.0256 0.7618 0.6473
vn 0.1126 0.92247 0.36929
vn 0.1599 0.74492 0.64771
vn 0.1111 0.92349 0.36719
vn 0.25349 0.75617 0.60328
vn 0.4102 0.3537 0.84061
vn 0.42188 0.21549 0.88067
vn 0.41241 0.155 0.89772
vn 0.41658 0.0622 0.90697
vn 0.4241 0.15 0.89311
vn 0.55532 0.23471 0.79783
vn 0.54209 0.1788 0.82108
vn 0.60111 0.186 0.77722
vn 0.73159 -0.0602 0.67909
vn 0.77929 -0.0143 0.6265
vn 0.89648 -0.1093 0.42939
vn 0.8212 0.1323 0.5551
vn 0.92303 -0.0042 0.38471
vn 0.81853 0.18421 0.54412
vn 0.91107 0.1283 0.39179
vn 0.83819 0.0551 0.54259
vn 0.91589 0.1365 0.3775
vn 0.93938 0.1128 0.32379
vn 0.92921 0.1573 0.3344
vn 0.92581 0.1054 0.363
vn 0.91857 0.0828 0.38649
vn 0.95082 -0.0562 0.30461
vn 0.93879 -0.1159 0.3244
vn 0.81458 -0.1148 0.56858
vn 0.84034 -0.14671 0.52183
vn 0.9805 -0.1584 0.1163
vn 0.98439 -0.1106 0.1369
vn 0.98186 -0.0225 0.18829
vn 0.0884 0.2357 0.9678
vn 0.0607 0.36371 0.92953
vn 0.13211 0.38352 0.91404
vn 0.1761 0.2473 0.9528
vn 0.098 0.4573 0.8839
vn 0.2023 0.4714 0.8584
vn 0.3638 0.4756 0.80091
vn 0.3235 0.2655 0.90821
vn 0.28179 0.41189 0.86657
vn 0.0944 0.47909 0.87268
vn 0.0361 0.45239 0.89109
vn -0.0082 0.44179 0.89708
vn -0.0024 0.35221 0.93592
vn -0.007 0.25381 0.96723
vn 0.0007 0.45679 0.88958
vn 0.59112 0.40912 0.69513
vn 0.54068 0.23249 0.80847
vn 0.5199 0.3819 0.7641
vn 0.24261 0.50052 0.83103
vn 0.1396 0.1013 0.98501
vn 0.0627 0.26809 0.96135
vn 0.0293 0.28381 0.95843
vn 0.0016 0.61659 0.78728
vn -0.1752 0.90511 0.3874
vn -0.1244 0.90068 0.41629
vn -0.1154 0.7615 0.6378
vn -0.1559 0.75789 0.63349
vn -0.0527 0.91194 0.40692
vn -0.039 0.88918 0.45589
vn -0.1223 0.94372 0.30731
vn -0.16981 0.93764 0.30331
vn -0.0514 0.83573 0.54672
vn -0.0032 0.40201 0.91563
vn -0.1879 0.39851 0.89771
vn -0.1782 0.77448 0.60698
vn 0.0612 0.91262 0.40421
vn -0.4152 -0.9027 0.1129
vn -0.2216 -0.86342 0.45321
vn -0.027 -0.8888 0.4575
vn -0.38338 -0.81426 0.43588
vn -0.5056 -0.8371 0.2089
vn -0.80857 -0.32489 0.49058
vn -0.80911 0.1879 0.55681
vn -0.5808 0.6468 0.4943
vn 0.0589 0.63782 0.76793
vn 0.14379 0.49938 0.85437
vn 0.0099 0.25509 0.96687
vn -0.20131 0.21501 0.95564
vn -0.39081 0.2452 0.88721
vn -0.21979 0.1378 0.96577
vn -0.39641 0.1489 0.90592
vn -0.3858 0.3629 0.84821
vn -0.6579 0.3293 0.6773
vn -0.61943 0.14561 0.77143
vn -0.3757 0.1753 0.91001
vn -0.5941 0.0894 0.79941
vn -0.33169 0.1027 0.93778
vn -0.52627 -0.32598 0.78535
vn -0.35851 -0.37651 0.85423
vn -0.37271 -0.60112 0.70692
vn -0.32551 -0.72211 0.61041
vn -0.25161 -0.64762 0.71922
vn -0.2254 -0.77879 0.58539
vn 0.0576 -0.94617 0.31849
vn -0.0827 -0.98525 0.14981
vn 0.0986 -0.82397 0.55798
vn 0.0631 -0.89003 0.45151
vn 0.1184 -0.58109 0.80518
vn 0.0895 -0.58679 0.80478
vn -0.23771 0.36111 0.90172
vn -0.32841 0.54261 0.77312
vn -0.17379 0.22739 0.95817
vn -0.26559 0.25349 0.93016
vn -0.1635 0.2671 0.9497
vn -0.2731 0.49241 0.82641
vn -0.1457 0.46229 0.87468
vn -0.23961 0.56151 0.79202
vn -0.45332 0.52432 0.72083
vn -0.47719 0.36749 0.79828
vn -0.102 -0.0097 0.99474
vn -0.1355 0.141 0.98069
vn -0.16341 0.34051 0.92593
vn -0.47619 0.1858 0.85949
vn -0.6939 0.245 0.6771
vn -0.7063 0.4256 0.5657
vn 0.0285 0.27951 0.95972
vn 0.29939 0.1021 0.94865
vn 0.2531 -0.1104 0.96112
vn -0.2142 -0.5228 0.8251
vn -0.27759 -0.95657 0.089
vn -0.25489 -0.85228 0.45679
vn 0.0735 -0.58778 0.80567
vn -0.0498 -0.1119 0.99247
vn 0.104 0.0831 0.9911
vn -0.1015 0.2732 0.95659
vn -0.0702 0.43 0.9001
vn -0.0883 0.32989 0.93988
vn -0.0921 0.21989 0.97117
vn -0.22301 0.1189 0.96754
vn -0.33962 -0.0341 0.93995
vn -0.2453 0.62851 0.73811
vn -0.2725 0.4829 0.8322
vn -0.0951 0.47151 0.87672
vn -0.0931 0.35072 0.93184
vn -0.0071 0.25381 0.96723
vn -0.0023 0.35221 0.93592
vn 0.13941 0.14311 0.97984
vn 0.0386 0.0058 0.99924
vn -0.39018 -0.0377 0.91996
vn -0.36399 -0.36789 0.85567
vn -0.41671 -0.76662 0.48851
vn -0.75962 -0.45221 0.46741
vn -0.70399 -0.2658 0.65859
vn -0.86565 -0.0476 0.49837
vn -0.71228 -0.0446 0.70048
vn -0.4237 -0.528 0.736
vn -0.65112 -0.38101 0.65642
vn -0.4469 -0.4414 0.7781
vn -0.44991 -0.52231 0.72441
vn -0.41011 -0.53211 0.74072
vn -0.59999 -0.33589 0.72608
vn -0.75509 0.0055 0.65559
vn -0.84278 -0.0627 0.53459
vn -0.85018 -0.0292 0.52569
vn -0.9389 0.1086 0.3266
vn -0.8458 0.0565 0.5305
vn -0.692 0.1898 0.6965
vn -0.43949 -0.2111 0.87309
vn 0.41439 -0.2081 0.88599
vn 0.0079 -0.1612 0.98689
vn 0.4055 -0.0926 0.90939
vn 0.0097 -0.88672 0.46221
vn -0.34529 -0.83898 0.42059
vn 0.0094 -0.8532 0.5215
vn -0.73089 -0.51269 0.45049
vn -0.0016 -0.3174 0.94829
vn -0.54059 -0.0125 0.84119
vn -0.0063 0.1289 0.99164
vn -0.3361 0.197 0.92099
vn -0.56601 0.2651 0.78061
vn -0.5929 0.2566 0.7633
vn -0.47241 0.1933 0.85992
vn -0.63242 -0.50531 -0.58712
vn -0.53281 -0.77141 -0.34791
vn 0.28849 -0.75646 -0.58697
vn -0.2772 -0.1906 0.94172
vn -0.45321 0.1606 0.87682
vn -0.63958 0.0661 0.76588
vn -0.0055 -0.82439 0.56599
vn -0.71752 0.0267 0.69602
vn -0.87293 -0.15061 0.46402
vn -0.79108 -0.133 0.59708
vn -0.0781 -0.0935 0.99255
vn -0.52571 -0.38151 0.76032
vn 0.35411 -0.72462 0.59121
vn 0.80122 -0.59771 -0.0282
vn 0.63331 -0.68091 -0.36781
vn -0.095 -0.0652 0.99334
vn 0.1517 -0.2237 0.96278
vn 0.1085 -0.19771 0.97424
vn -0.0277 -0.0803 0.99639
vn -0.0675 -0.1078 0.99188
vn -0.34012 0.20821 0.91704
vn -0.3788 0.1314 0.9161
vn -0.52021 0.3667 0.77131
vn -0.50951 0.45181 0.73231
vn -0.46271 0.4071 0.78751
vn -0.50647 0.52177 0.68647
vn -0.3322 0.2093 0.91969
vn -0.36399 0.39909 0.84157
vn -0.53679 0.56909 0.62289
vn -0.4145 0.5414 0.73149
vn -0.61049 0.56029 0.55979
vn -0.33448 0.55987 0.75806
vn -0.55668 0.34679 0.75488
vn -0.16989 0.23249 0.95765
vn -0.24699 0.48748 0.83747
vn -0.0658 0.24681 0.96683
vn -0.0712 0.44191 0.89423
vn 0.1123 0.37121 0.92173
vn -0.057 0.47961 0.87563
vn -0.24549 0.0671 0.96707
vn -0.40838 0.0532 0.91126
vn -0.41961 0.15581 0.89423
vn -0.54328 0.19129 0.81747
vn -0.63441 0.163 0.75561
vn -0.54327 0.0501 0.83806
vn -0.54848 0.23049 0.80377
vn -0.58089 0.178 0.79428
vn -0.55549 0.2676 0.78729
vn -0.53602 0.33721 0.77393
vn -0.46893 0.45943 0.75434
vn -0.3499 0.4215 0.8366
vn -0.1658 0.7881 0.5928
vn -0.1335 0.77099 0.62269
vn -0.54401 0.47451 0.69202
vn -0.60313 0.40062 0.68974
vn -0.61149 0.36549 0.70178
vn 0.2131 0.86388 0.45639
vn 0.0578 -0.1237 0.99063
vn -0.40618 0.21659 0.88775
vn -0.46429 0.16609 0.86997
vn -0.4684 0.1259 0.8745
vn 0.716 0.0023 0.6981
vn -0.13901 -0.98585 0.0937
vn 0.1363 -0.8943 0.4262
vn 0.1501 -0.98768 0.0443
vn 0.32011 -0.94734 -0.0089
vn 0.1402 -0.90852 0.39361
vn 0.44649 -0.89459 0.0189
vn 0.1394 -0.92268 0.35949
vn 0.50841 -0.83952 0.19161
vn 0.1939 -0.89649 0.39839
vn -0.149 -0.47629 0.86657
vn -0.054 -0.49908 0.86487
vn -0.1089 -0.46001 0.88121
vn 0.0495 -0.5497 0.8339
vn -0.19201 -0.51351 0.83632
vn -0.31031 -0.63792 0.70482
vn -0.1718 -0.77871 0.60341
vn 0.1219 -0.83338 0.53909
vn 0.0909 -0.78539 0.61229
vn -0.36529 -0.56948 0.73638
vn 0.0727 -0.90203 0.42551
vn -0.017 -0.76189 0.64749
vn -0.013 -0.82083 0.57102
vn 0.0737 -0.86871 0.48981
vn -0.49071 0.0942 0.86622
vn -0.77973 0.058 0.62342
vn -0.85055 0.26009 0.45707
vn -0.92707 0.17809 0.32989
vn -0.93432 0.1888 0.30231
vn -0.85237 0.21699 0.47579
vn -0.92011 0.0928 0.3805
vn -0.92612 0.1012 0.36341
vn -0.89663 0.1141 0.42782
vn -0.86023 -0.0283 0.50912
vn -0.69361 0.3013 0.65431
vn -0.77521 0.2644 0.57371
vn -0.62743 0.48732 0.60733
vn -0.59711 0.36341 0.71512
vn -0.75263 0.15951 0.63883
vn -0.8801 0.1144 0.4608
vn -0.77933 0.34811 0.52102
vn -0.72395 0.0202 0.68955
vn -0.9007 0.0842 0.4262
vn -0.6881 0.1056 0.7179
vn -0.58883 0.41002 0.69654
vn -0.42029 0.44339 0.79168
vn -0.41841 0.47441 0.77451
vn -0.58941 0.44741 0.67262
vn -0.3924 0.5022 0.7706
vn -0.52462 0.1308 0.84123
vn -0.54049 0.2927 0.78879
vn -0.53791 0.47371 0.69732
vn -0.36522 0.36252 0.85744
vn -0.35982 0.16151 0.91894
vn 0.55012 -0.80704 0.21461
vn 0.33789 -0.93408 0.1154
vn 0.44459 -0.73318 0.51458
vn 0.19119 -0.87787 0.43908
vn 0.41721 -0.74232 0.52431
vn -0.0111 -0.63809 0.76988
vn 0.19881 -0.62924 0.75135
vn 0.29879 -0.87488 0.38119
vn 0.4552 -0.81069 0.3682
vn 0.59041 -0.2791 0.75731
vn 0.64989 -0.3299 0.68469
vn 0.83018 -0.39039 0.39799
vn 0.74731 -0.45621 0.48311
vn 0.71308 -0.1796 0.67768
vn 0.41991 -0.30681 0.85413
vn 0.42278 -0.0583 0.90436
vn 0.3787 0.0071 0.92549
vn 0.2671 -0.76929 0.58039
vn 0.3084 -0.6333 0.7098
vn 0.4764 -0.4318 0.7659
vn -0.0192 -0.95155 0.30688
vn 0.1351 -0.98069 0.1414
vn -0.0773 -0.8688 0.4891
vn 0.0123 -0.91055 0.41322
vn -0.0652 -0.64082 0.76492
vn 0.0982 -0.91706 0.38648
vn 0.49809 -0.86658 -0.0307
vn 0.59941 -0.79601 0.0841
vn 0.84261 -0.303 0.4452
vn 0.81694 0.21581 0.53483
vn 0.531 0.66609 0.5238
vn -0.0166 0.91345 0.40662
vn 0.28659 -0.82458 0.48779
vn 0.2435 -0.42529 0.87169
vn 0.39481 -0.54532 0.73943
vn 0.3783 -0.179 0.90821
vn 0.1476 -0.0123 0.98897
vn -0.0726 -0.1592 0.98457
vn 0.0782 -0.55409 0.82878
vn 0.31399 0.16339 0.93526
vn 0.58251 0.2044 0.78671
vn 0.55559 -0.1705 0.81379
vn 0.80241 0.1489 0.5779
vn 0.78173 0.0787 0.61863
vn 0.87516 -0.0424 0.48198
vn 0.61652 0.25081 0.74632
vn 0.36899 0.21899 0.90327
vn 0.17791 0.14871 0.97275
vn -0.0657 0.1005 0.99277
vn 0.138 -0.0584 0.98871
vn 0.32949 0.0597 0.94227
vn 0.0079 -0.0276 0.99959
vn -0.0004 -0.02 0.9998
vn 0.0044 0.27279 0.96206
vn 0.48782 0.19041 0.85193
vn 0.0374 0.1245 0.99151
vn 0.1263 0.48162 0.86723
vn 0.36339 0.48148 0.79757
vn 0.4287 0.2614 0.8648
vn 0.0154 0.45749 0.88908
vn -0.42152 -0.0461 0.90565
vn -0.47932 0.19441 0.85584
vn 0.0064 0.5505 0.83481
vn -0.49371 0.47181 0.73051
vn -0.0007 0.57102 0.82093
vn 0.21221 0.27941 0.93643
vn 0.27389 0.12149 0.95406
vn 0.13029 0.24879 0.95975
vn 0.46978 0.102 0.87687
vn 0.49251 0.47321 0.73042
vn 0.89619 0.1132 0.42899
vn 0.81827 0.32349 0.47518
vn 0.8314 0.0468 0.5537
vn 0.90281 0.0942 0.4196
vn 0.80921 0.2324 0.5396
vn 0.75739 0.1024 0.64489
vn 0.77078 0.25029 0.58588
vn 0.76343 0.37481 0.52602
vn 0.6746 0.0579 0.73591
vn 0.67519 0.23389 0.69958
vn 0.65729 0.44939 0.60499
vn 0.8528 0.3865 0.3512
vn 0.83781 0.2335 0.49351
vn 0.85603 0.0177 0.51662
vn 0.89208 0.142 0.42899
vn 0.91064 0.28621 0.29801
vn 0.81829 0.0617 0.57149
vn 0.91549 0.1956 0.3516
vn 0.85871 -0.0124 0.51231
vn 0.68456 0.19509 0.70236
vn 0.65139 0.2949 0.69909
vn 0.60887 0.31588 0.72766
vn 0.56668 0.1232 0.81467
vn 0.5184 0.0841 0.85099
vn 0.4433 -0.2287 0.86671
vn 0.7074 -0.0505 0.705
vn 0.8575 -0.0553 0.5115
vn 0.70733 -0.23681 0.66603
vn 0.65922 -0.34601 0.66762
vn 0.61829 -0.26429 0.74018
vn 0.47219 -0.41969 0.77518
vn 0.41348 -0.46018 0.78566
vn 0.4647 -0.4812 0.7433
vn 0.39529 -0.53429 0.74718
vn -0.0415 -0.66869 0.74239
vn -0.0918 -0.93691 0.3373
vn -0.1439 -0.92672 0.34711
vn 0.1096 -0.6665 0.7374
vn -0.0607 -0.83162 0.55201
vn -0.0848 -0.90373 0.41961
vn -0.1011 -0.86344 0.49422
vn 0.4505 -0.4191 0.7883
vn -0.1707 -0.89648 0.40889
vn 0.2096 -0.69841 0.68431
vn -0.0767 -0.84758 0.52509
vn -0.1037 -0.75771 0.6443
vn -0.133 -0.80092 0.58381
vn 0.1259 -0.75891 0.63891
vn -0.22361 -0.85182 0.47371
vn -0.50929 -0.80359 0.308
vn -0.44231 -0.88672 0.1345
vn -0.28619 -0.95758 0.0338
vn -0.0921 -0.995 -0.0386
vn 0.22199 -0.97368 -0.0517
vn 0.0285 -0.45919 0.88788
vn -0.5154 0.0965 0.8515
vn 0.0613 -0.45519 0.88828
vn 0.116 -0.44039 0.89028
vn 0.0648 -0.29551 0.95314
vn 0.1354 -0.1279 0.9825
vn 0.35209 -0.1108 0.92938
vn 0.37941 0.0707 0.92252
vn 0.2731 0.0341 0.96138
vn 0.3589 -0.0609 0.93139
vn 0.2798 -0.103 0.95452
vn 0.4218 0.2038 0.88349
vn 0.47931 0.32481 0.81533
vn 0.0165 -0.0283 0.99946
vn -0.2577 -0.4574 0.8511
vn 0.20639 -0.10189 0.97315
vn 0.3747 0.1544 0.9142
vn 0.13751 0.0178 0.99034
vn 0.1947 -0.0178 0.9807
vn 0.49139 0.59599 0.63509
vn 0.36639 0.0924 0.92586
vn 0.5213 0.2278 0.8224
vn 0.56332 0.25921 0.78453
vn 0.5355 0.4871 0.6899
vn 0.3628 0.83311 0.4175
vn 0.3289 0.89799 0.2923
vn 0.086 0.99609 -0.0201
vn 0.1313 0.98991 0.0532
vn 0.1045 0.98989 0.0959
vn 0.3041 0.82691 0.47301
vn 0.45839 0.45529 0.76328
vn 0.45961 0.1248 0.87931
vn 0.37942 0.093 0.92054
vn 0.35681 0.1574 0.92082
vn -0.1992 0.33991 0.91912
vn -0.58721 -0.1815 0.78882
vn -0.0954 0.99302 -0.0693
vn -0.0315 0.99017 -0.1363
vn 0.0297 0.99349 -0.11
vn 0.009 0.99494 -0.1001
vn -0.0192 0.99504 -0.0976
vn 0.032 0.99302 0.1135
vn 0.14159 0.85746 0.49468
vn 0.24411 0.44711 0.86052
vn 0.2245 -0.0308 0.97399
vn -0.11991 -0.98685 0.10841
vn -0.0042 -0.99237 0.1232
vn -0.1649 -0.98629 0.0065
vn -0.1592 -0.98409 -0.0789
vn 0.0079 -0.98163 0.19061
vn -0.1599 -0.98302 -0.09
vn 0.4316 -0.58341 0.68801
vn 0.36951 -0.68971 0.62271
vn 0.031 -0.82872 0.55881
vn -0.0017 -0.9912 -0.1324
vn 0.101 -0.96223 0.25281
vn 0.011 -0.98776 -0.15559
vn -0.0844 -0.99251 -0.0883
vn 0.0551 -0.96737 0.24729
vn 0.38049 -0.50828 0.77258
vn 0.58729 -0.073 0.80608
vn 0.43031 -0.2036 0.87942
vn 0.0628 -0.41209 0.90898
vn -0.51799 -0.59349 0.61599
vn 0.56619 0.1017 0.81798
vn 0.3889 0.0506 0.91989
vn 0.0107 -0.96736 0.25319
vn -0.0746 -0.96067 0.26749
vn 0.2617 -0.4605 0.8482
vn 0.5274 -0.0145 0.8495
vn 0.55301 0.1156 0.82512
vn 0.48319 0.1476 0.86298
vn -0.48811 0.44041 0.75352
vn -0.4719 0.0979 0.8762
vn -0.2624 0.4285 0.8646
vn -0.59069 0.50679 0.62789
vn -0.4439 0.82919 0.3397
vn -0.55 0.6348 0.5427
vn -0.4223 0.8843 0.1992
vn 0.58977 -0.0708 0.80446
vn -0.2956 0.955 0.0245
vn 0.19501 -0.95843 0.20831
vn 0.2501 -0.96481 0.0812
vn 0.0257 -0.9736 0.2268
vn 0.1586 -0.98632 0.045
vn -0.0105 -0.96342 0.2678
vn 0.1485 -0.98839 0.0321
vn -0.0408 -0.95673 0.28811
vn 0.1123 -0.99332 -0.0266
vn 0.0381 -0.99227 -0.1181
vn -0.0173 0.99498 -0.0986
vn -0.0147 0.99355 0.11239
vn -0.0612 0.99362 0.0947
vn -0.0117 0.87299 0.4876
vn -0.1713 0.85149 0.4956
vn -0.34621 0.82252 0.45121
vn -0.1448 0.98607 0.0818
vn -0.24871 0.96664 0.0612
vn -0.3104 0.95061 -0.0009
vn -0.22849 0.96877 -0.0963
vn -0.1174 0.98934 -0.0862
vn -0.0301 0.99264 -0.1173
vn -0.0079 0.99159 -0.1292
vn -0.0063 0.44488 0.89557
vn -0.5904 -0.0128 0.80701
vn -0.59212 -0.0364 0.80503
vn -0.82364 -0.20941 0.52703
vn -0.58829 0.0108 0.80858
vn -0.72248 -0.29609 0.62478
vn -0.53801 -0.37961 0.75262
vn -0.45822 0.0012 0.88884
vn -0.23349 -0.0006 0.97236
vn -0.17221 0.17631 0.96915
vn 0.0018 0.0059 0.99998
vn -0.0037 0.2062 0.9785
vn 0.1757 0.1786 0.96811
vn -0.0002 -0.0482 0.99884
vn 0.16689 -0.0148 0.98586
vn 0.0037 -0.0991 0.99507
vn -0.2133 -0.0461 0.9759
vn -0.38399 0.0763 0.92018
vn -0.1482 -0.0271 0.98859
vn -0.3679 0.1424 0.9189
vn -0.53152 0.29361 0.79453
vn -0.60979 0.2187 0.76179
vn -0.55727 0.20989 0.80336
vn -0.50871 0.1935 0.83891
vn -0.37278 0.0789 0.92456
vn -0.4394 0.1837 0.87931
vn 0.0055 -0.44192 0.89704
vn 0.0005 0.0296 0.99956
vn -0.3 0.0423 0.953
vn -0.25931 -0.44391 0.85773
vn -0.53889 0.0313 0.84179
vn -0.3942 -0.48199 0.78249
vn -0.5932 -0.05 0.8035
vn -0.43582 -0.56072 0.70403
vn -0.4135 -0.2034 0.8875
vn -0.32951 -0.66852 0.66672
vn -0.0154 -0.39601 0.91812
vn 0.0416 -0.7796 0.6249
vn 0.55102 -0.53092 0.64382
vn 0.1908 0.3951 0.8986
vn -0.0289 -0.0193 0.9994
vn -0.1334 -0.1181 0.984
vn 0.29211 0.0101 0.95633
vn 0.84099 -0.1386 0.52299
vn 0.56271 -0.77111 -0.2979
vn 0.71729 -0.49509 0.49029
vn 0.67196 -0.50017 -0.54617
vn -0.2213 -0.77869 -0.58709
vn 0.045 -0.81214 0.58173
vn -0.5659 -0.7424 -0.3586
vn -0.75959 -0.6501 0.0198
vn -0.57219 -0.52099 0.63338
vn 0.28981 -0.1978 0.93642
vn 0.62369 0.0497 0.78009
vn 0.46311 0.1434 0.87462
vn 0.57838 0.22589 0.78387
vn 0.56072 0.20581 0.80202
vn 0.29479 0.1103 0.94917
vn -0.40561 0.0743 0.91102
vn -0.57112 0.1528 0.80652
vn -0.55501 0.1854 0.81092
vn -0.30799 0.15389 0.93886
vn -0.0027 0.1111 0.99381
vn 0.31529 0.1631 0.93487
vn 0.5113 -0.0294 0.8589
vn 0.68323 0.0201 0.72993
vn -0.37732 0.17321 0.90974
vn -0.21269 -0.0942 0.97257
vn -0.3831 0.064 0.92149
vn -0.0657 -0.27579 0.95897
vn -0.35111 -0.1077 0.93012
vn -0.2732 0.0167 0.96181
vn -0.36062 -0.0636 0.93054
vn 0.29418 -0.42278 0.85715
vn -0.1319 0.0164 0.99113
vn -0.2284 -0.0649 0.9714
vn -0.0065 -0.0876 0.99613
vn -0.22371 -0.0252 0.97433
vn -0.3343 -0.0526 0.941
vn -0.28339 -0.1038 0.95337
vn -0.45961 -0.0271 0.88771
vn -0.72197 -0.0081 0.69187
vn -0.5853 -0.0315 0.8102
vn -0.2941 -0.0581 0.95401
vn -0.81558 -0.0437 0.57699
vn -0.75609 -0.0298 0.65379
vn -0.73688 -0.0631 0.67308
vn -0.60018 0.18589 0.77797
vn -0.60341 0.3023 0.73791
vn -0.63151 0.28921 0.71941
vn -0.5525 0.1275 0.8237
vn -0.65638 0.28069 0.70027
vn -0.9158 0.1332 0.3789
vn -0.82412 0.1316 0.55091
vn -0.82423 0.18051 0.53672
vn -0.92417 0.0001 0.38199
vn -0.89726 -0.11119 0.42728
vn -0.78241 -0.014 0.62261
vn -0.91111 0.1267 0.3922
vn -0.94729 0.0909 0.3072
vn -0.96603 0.0481 0.25391
vn -0.98322 -0.0209 0.1812
vn -0.98405 -0.10999 0.13979
vn -0.9699 -0.0886 0.2268
vn -0.95191 -0.0561 0.3012
vn -0.94001 -0.1182 0.32
vn -0.98037 -0.1556 0.1211
vn -0.96488 -0.1339 0.226
vn -0.90804 -0.16071 0.38682
vn -0.84327 -0.15019 0.51608
vn -0.8204 -0.1136 0.5604
vn -0.86808 -0.1134 0.48329
vn -0.85864 -0.37192 0.35272
vn -0.94843 -0.1777 0.26251
vn -0.97462 -0.2158 0.0596
vn -0.98105 -0.19249 0.022
vn -0.96984 -0.22711 -0.0885
vn -0.95524 -0.13251 0.26451
vn -0.90131 -0.2647 0.3429
vn -0.86598 -0.46099 0.1938
vn -0.78501 -0.59131 0.1847
vn -0.87563 -0.16911 0.45241
vn -0.91552 -0.2336 0.32751
vn -0.92722 -0.33751 0.1623
vn -0.9772 -0.2084 -0.0407
vn -0.97092 -0.1505 -0.1862
vn -0.98126 -0.1262 -0.14559
vn -0.92694 -0.35352 0.12571
vn -0.79008 -0.45089 0.41529
vn -0.38911 -0.63891 0.66361
vn -0.38287 -0.76405 0.51927
vn 0.21321 -0.82724 0.51982
vn 0.34321 -0.64411 0.68361
vn -0.79678 -0.43289 0.42159
vn -0.84874 -0.37442 0.37342
vn -0.95303 -0.18691 0.23831
vn -0.93748 -0.25609 0.23569
vn -0.8359 -0.5054 0.2141
vn -0.76339 -0.60549 0.225
vn -0.71499 -0.63859 0.2846
vn 0.3512 -0.53929 0.76539
vn -0.2031 -0.6051 0.7698
vn 0.1159 -0.57548 0.80957
vn 0.0432 -0.71647 0.69627
vn 0.015 -0.91591 0.4011
vn -0.0098 -0.96439 0.2643
vn -0.37719 -0.86747 0.32439
vn -0.64164 -0.73214 0.22861
vn -0.7208 -0.5679 0.3974
vn -0.0014 -0.90729 0.4205
vn -0.17659 -0.88226 0.43638
vn 0.0067 -0.99086 0.1347
vn -0.4752 -0.7638 0.4368
vn 0.0002 -0.5016 0.8651
vn -0.24291 -0.47921 0.84342
vn -0.29321 -0.70813 0.64233
vn -0.2213 -0.84089 0.49389
vn -0.0148 -0.96584 0.25871
vn 0.1584 -0.8804 0.447
vn 0.2406 -0.4668 0.851
vn 0.45231 0.0094 0.89181
vn 0.23379 0.0041 0.97228
vn 0.71731 0.56211 0.41171
vn 0.8064 0.5407 0.2395
vn 0.76625 0.47833 0.42903
vn 0.75629 0.2339 0.61099
vn 0.70719 0.48579 0.51369
vn 0.6947 0.2259 0.6829
vn 0.49238 0.21359 0.84377
vn 0.5016 0.4895 0.7133
vn -0.0074 0.53868 0.84248
vn 0.51653 0.51943 0.68073
vn 0.75252 0.44111 0.48901
vn 0.76342 0.48141 0.43061
vn 0.7879 0.3399 0.5135
vn 0.7251 0.3028 0.6185
vn 0.69912 0.39841 0.59372
vn 0.76971 0.37491 0.51671
vn 0.69281 0.49741 0.52211
vn 0.7647 0.4349 0.4755
vn 0.66289 0.56499 0.49129
vn 0.76151 0.38351 0.52251
vn 0.0337 0.4961 0.86761
vn -0.1386 0.39021 0.91023
vn -0.0787 0.65078 0.75518
vn 0.5082 0.3604 0.7822
vn 0.2495 0.55621 0.79271
vn 0.5484 0.5709 0.611
vn 0.81413 0.31391 0.48852
vn 0.81662 0.37841 0.43581
vn 0.73869 0.43499 0.51489
vn 0.74531 0.4054 0.52931
vn 0.5042 0.5126 0.695
vn -0.0006 0.61602 0.78773
vn -0.5234 0.5554 0.6462
vn -0.54761 0.48151 0.68431
vn -0.0044 0.60808 0.79387
vn 0.88252 -0.1137 0.45631
vn 0.76263 0.36761 0.53222
vn 0.48909 0.52279 0.69819
vn 0.4873 0.5199 0.7016
vn -0.0075 0.58657 0.80986
vn -0.4933 0.5568 0.6683
vn -0.75243 0.42571 0.50262
vn 0.49473 0.47822 0.72564
vn 0.78791 0.0468 0.61401
vn 0.427 0.4307 0.79509
vn -0.1986 0.51819 0.83189
vn -0.0624 0.37879 0.92338
vn 0.202 0.32321 0.92452
vn -0.0291 0.2405 0.97021
vn 0.21491 0.1728 0.96123
vn 0.57961 0.54301 0.60761
vn 0.58352 0.44301 0.68062
vn 0.48771 0.50331 0.71331
vn 0.50509 0.55958 0.65708
vn 0.36 0.5256 0.7708
vn 0.1858 0.46121 0.86762
vn 0.0269 0.41851 0.90782
vn 0.0529 0.21741 0.97465
vn 0.22601 0.12131 0.96654
vn 0.24309 0.0527 0.96857
vn 0.15329 0.20839 0.96596
vn 0.338 0.3771 0.8623
vn 0.32009 0.18489 0.92917
vn 0.45118 0.37748 0.80867
vn 0.48869 0.2052 0.84798
vn 0.59349 -0.0093 0.80479
vn 0.57852 -0.0411 0.81463
vn 0.80248 -0.0487 0.59469
vn 0.74991 -0.0291 0.6609
vn 0.63201 0.1549 0.75932
vn 0.52379 0.3514 0.77599
vn 0.51299 0.44559 0.73368
vn 0.70529 -0.0132 0.70879
vn 0.56047 -0.0369 0.82735
vn 0.31279 -0.0509 0.94846
vn 0.27901 -0.0509 0.95894
vn 0.55958 0.19269 0.80607
vn 0.53571 0.2693 0.80031
vn 0.36491 0.2161 0.90562
vn 0.39141 0.1232 0.91193
vn 0.53631 0.0389 0.84312
vn 0.42779 -0.0327 0.90329
vn 0.0864 -0.1085 0.99033
vn 0.1053 -0.0847 0.99083
vn -0.0248 -0.0991 0.99477
vn 0.0355 -0.0839 0.99584
vn -0.15731 -0.23641 0.95884
vn 0.0585 -0.1267 0.99021
vn -0.1308 -0.2209 0.96649
vn 0.20439 -0.0818 0.97547
vn 0.52801 -0.68491 0.50211
vn 0.5089 -0.81659 0.2724
vn 0.9889 -0.101 -0.109
vn 0.52659 -0.40179 0.74918
vn 0.80571 -0.1631 0.56941
vn 0.92063 0.36341 -0.14271
vn -0.0582 -0.85377 0.51738
vn 0.015 -0.90708 0.42069
vn 0.1815 -0.87211 0.4544
vn 0.52219 -0.53569 0.66359
vn 0.57411 -0.47231 0.66882
vn 0.36709 -0.81717 0.44438
vn 0.45288 -0.44608 0.77196
vn 0.3473 -0.82059 0.45389
vn 0.92862 0.1049 0.35591
vn -0.49528 -0.47698 0.72607
vn -0.62508 -0.49639 0.60239
vn -0.3863 -0.8248 0.4129
vn -0.0059 -0.46401 0.88581
vn -0.86339 0.45449 0.2191
vn -0.83138 0.39229 0.39359
vn -0.93882 0.32201 -0.1222
vn -0.78659 0.461 0.4108
vn -0.81257 0.41558 0.40868
vn -0.7738 0.4343 0.4611
vn -0.77183 0.41592 0.48092
vn -0.79531 0.1618 0.58421
vn -0.77311 0.1535 0.61541
vn -0.54539 -0.54209 0.63929
vn -0.56359 0.1774 0.80678
vn -0.0156 0.21791 0.97584
vn -0.99426 -0.0828 -0.0677
vn -0.52762 -0.79553 0.29791
vn -0.0162 -0.90453 0.42611
vn -0.53779 -0.66759 0.51489
vn -0.1871 -0.87191 0.45251
vn -0.9291 0.0767 0.3618
vn -0.81122 0.33001 0.48271
vn -0.75912 0.25101 0.60061
vn -0.57852 0.14741 0.80223
vn -0.53438 0.22919 0.81358
vn -0.49141 0.51491 0.70241
vn -0.48108 0.53608 0.69367
vn -0.7303 0.4423 0.5206
vn -0.77467 0.39568 0.49328
vn -0.72028 0.38689 0.57578
vn -0.59558 0.42848 0.67948
vn -0.59968 0.54478 0.58618
vn -0.70409 0.4971 0.5071
vn -0.82382 0.30561 0.47741
vn -0.6638 -0.2663 0.6989
vn -0.68091 0.56031 0.47161
vn -0.76527 0.44168 0.46828
vn -0.73783 0.43712 0.51432
vn -0.76821 0.3519 0.53481
vn -0.78848 0.0184 0.61478
vn -0.71512 -0.1934 0.67172
vn -0.82439 0.3668 0.43109
vn -0.88389 -0.1427 0.44539
vn -0.84952 -0.34991 0.39481
vn -0.39072 -0.70513 0.59172
vn -0.55582 -0.80434 0.21001
vn -0.0866 -0.87906 0.46878
vn -0.58851 -0.2436 0.77092
vn -0.46079 0.4225 0.78049
vn -0.1462 -0.5772 0.80341
vn -0.0946 0.1168 0.98864
vn -0.43061 -0.0785 0.89912
vn -0.4392 0.0732 0.8954
vt 0.18709 0.28789
vt 0.16539 0.28619
vt 0.19679 0.24146
vt 0.17563 0.33766
vt 0.15688 0.33644
vt 0.16876 0.39244
vt 0.15112 0.39101
vt 0.1627 0.4492
vt 0.14694 0.4484
vt 0.16225 0.50902
vt 0.14741 0.51009
vt 0.16264 0.57198
vt 0.14862 0.57791
vt 0.1653 0.63744
vt 0.15129 0.64941
vt 0.16284 0.71542
vt 0.13765 0.65791
vt 0.15204 0.72881
vt 0.18222 0.77461
vt 0.17303 0.7952
vt 0.13452 0.58196
vt 0.13333 0.50951
vt 0.13229 0.44612
vt 0.13487 0.3896
vt 0.13901 0.33496
vt 0.14528 0.28442
vt 0.15096 0.23651
vt 0.13031 0.23627
vt 0.12691 0.2838
vt 0.12257 0.33319
vt 0.12035 0.38821
vt 0.11879 0.44229
vt 0.11954 0.50594
vt 0.12093 0.58151
vt 0.12422 0.66553
vt 0.13898 0.74338
vt 0.16251 0.81547
vt 0.11139 0.23946
vt 0.13484 0.19205
vt 0.10985 0.28418
vt 0.10792 0.33136
vt 0.10701 0.38661
vt 0.10596 0.43671
vt 0.10719 0.49921
vt 0.10773 0.57635
vt 0.11079 0.6698
vt 0.12578 0.75676
vt 0.14883 0.83707
vt 0.09584 0.20305
vt 0.09584 0.16144
vt 0.11659 0.1533
vt 0.11441 0.19572
vt 0.09584 0.24628
vt 0.09584 0.28691
vt 0.09584 0.32977
vt 0.09584 0.38796
vt 0.09584 0.43034
vt 0.09584 0.49149
vt 0.09584 0.56699
vt 0.09584 0.67035
vt 0.11069 0.76903
vt 0.13072 0.86206
vt 0.88341 0.92609
vt 0.88501 0.93884
vt 0.8768 0.94766
vt 0.87784 0.95561
vt 0.87099 0.96136
vt 0.86174 0.96197
vt 0.85204 0.96608
vt 0.85011 0.95282
vt 0.86014 0.94676
vt 0.86822 0.94351
vt 0.87019 0.95473
vt 0.87419 0.93918
vt 0.85622 0.92578
vt 0.86508 0.92137
vt 0.87137 0.91824
vt 0.87859 0.91464
vt 0.88136 0.9212
vt 0.86146 0.96611
vt 0.85194 0.97086
vt 0.84325 0.97159
vt 0.84258 0.97553
vt 0.83362 0.97998
vt 0.83452 0.97546
vt 0.81952 0.94408
vt 0.82652 0.96735
vt 0.81152 0.95393
vt 0.82745 0.94011
vt 0.83366 0.9633
vt 0.83673 0.93549
vt 0.84218 0.95857
vt 0.84645 0.93065
vt 0.80945 0.98856
vt 0.80896 0.97681
vt 0.8156 0.98895
vt 0.80501 0.9848
vt 0.80418 0.97824
vt 0.81024 0.97081
vt 0.80589 0.96658
vt 0.81598 0.96867
vt 0.82754 0.97789
vt 0.82565 0.98395
vt 0.8165 0.97868
vt 0.12216 0.95561
vt 0.1232 0.94766
vt 0.12901 0.96136
vt 0.11499 0.93884
vt 0.11659 0.92609
vt 0.12581 0.93918
vt 0.13178 0.94351
vt 0.12981 0.95473
vt 0.13826 0.96197
vt 0.13986 0.94676
vt 0.14989 0.95282
vt 0.14796 0.96608
vt 0.15782 0.95857
vt 0.15355 0.93065
vt 0.14378 0.92578
vt 0.13492 0.92137
vt 0.12863 0.91824
vt 0.11865 0.9212
vt 0.13853 0.96611
vt 0.16327 0.93549
vt 0.16634 0.9633
vt 0.17255 0.94011
vt 0.17348 0.96735
vt 0.18048 0.94408
vt 0.18848 0.95393
vt 0.14804 0.97086
vt 0.15675 0.97159
vt 0.16548 0.97546
vt 0.17245 0.97789
vt 0.18402 0.96867
vt 0.18976 0.97081
vt 0.19411 0.96658
vt 0.19582 0.97824
vt 0.19104 0.97681
vt 0.19499 0.9848
vt 0.19055 0.98856
vt 0.1844 0.98895
vt 0.1835 0.97868
vt 0.17435 0.98395
vt 0.16638 0.97998
vt 0.15743 0.97553
vt 0.06306 0.8629
vt 0.06718 0.8644
vt 0.06067 0.87184
vt 0.06661 0.87291
vt 0.05803 0.88176
vt 0.06358 0.89424
vt 0.06628 0.89763
vt 0.05443 0.914
vt 0.04298 0.89935
vt 0.03742 0.87398
vt 0.04912 0.8636
vt 0.05383 0.8575
vt 0.05858 0.85135
vt 0.06839 0.85245
vt 0.0719 0.8573
vt 0.07672 0.8887
vt 0.07101 0.89944
vt 0.07104 0.87854
vt 0.07243 0.87123
vt 0.07863 0.87528
vt 0.07433 0.86548
vt 0.07768 0.86323
vt 0.08052 0.87651
vt 0.07869 0.89533
vt 0.07373 0.90692
vt 0.07526 0.85161
vt 0.07886 0.86244
vt 0.08511 0.85646
vt 0.08661 0.87689
vt 0.08514 0.89926
vt 0.07976 0.91937
vt 0.06375 0.91719
vt 0.0674 0.93228
vt 0.05232 0.92751
vt 0.7811 0.74918
vt 0.75571 0.77104
vt 0.75864 0.7276
vt 0.73715 0.73822
vt 0.72774 0.78488
vt 0.7158 0.74002
vt 0.70187 0.78165
vt 0.68124 0.78586
vt 0.67138 0.83533
vt 0.64938 0.82979
vt 0.63263 0.85664
vt 0.63935 0.82301
vt 0.62207 0.84732
vt 0.61258 0.88155
vt 0.59893 0.86755
vt 0.5744 0.88408
vt 0.59204 0.904
vt 0.57108 0.92977
vt 0.61446 0.94983
vt 0.57458 0.97729
vt 0.5507 0.90542
vt 0.52518 0.93224
vt 0.54437 0.95846
vt 0.87743 0.33319
vt 0.86099 0.33496
vt 0.87311 0.2838
vt 0.86513 0.3896
vt 0.87965 0.38821
vt 0.86771 0.44612
vt 0.88121 0.44229
vt 0.86667 0.50951
vt 0.85259 0.51009
vt 0.85306 0.4484
vt 0.84888 0.39101
vt 0.73058 0.55525
vt 0.72002 0.57535
vt 0.72879 0.5303
vt 0.72232 0.61725
vt 0.73721 0.58058
vt 0.74614 0.5974
vt 0.73761 0.63625
vt 0.75479 0.60501
vt 0.74948 0.64327
vt 0.76025 0.64085
vt 0.76114 0.60393
vt 0.76385 0.59872
vt 0.70569 0.62884
vt 0.72011 0.51184
vt 0.73193 0.50847
vt 0.71925 0.53864
vt 0.70718 0.58827
vt 0.69019 0.60156
vt 0.68991 0.63796
vt 0.69467 0.68326
vt 0.71252 0.68414
vt 0.72656 0.6886
vt 0.74358 0.68977
vt 0.75946 0.68401
vt 0.7697 0.63107
vt 0.76819 0.58862
vt 0.67659 0.64442
vt 0.6644 0.65062
vt 0.67789 0.61038
vt 0.69881 0.73543
vt 0.68779 0.56201
vt 0.67064 0.6855
vt 0.68268 0.68423
vt 0.68095 0.73216
vt 0.77672 0.70906
vt 0.77321 0.66991
vt 0.77632 0.61621
vt 0.77234 0.57378
vt 0.75333 0.48849
vt 0.74095 0.45209
vt 0.76454 0.49225
vt 0.74725 0.43216
vt 0.77741 0.4704
vt 0.78336 0.51068
vt 0.77371 0.51808
vt 0.78445 0.54149
vt 0.77576 0.54071
vt 0.78349 0.56853
vt 0.77469 0.55861
vt 0.78084 0.59341
vt 0.79086 0.6196
vt 0.78357 0.64818
vt 0.80136 0.64577
vt 0.79215 0.68308
vt 0.79921 0.71495
vt 0.93507 0.75661
vt 0.93951 0.73782
vt 0.94693 0.75487
vt 0.93098 0.73592
vt 0.94241 0.72633
vt 0.93417 0.7238
vt 0.93999 0.70518
vt 0.92618 0.72133
vt 0.93378 0.70032
vt 0.92992 0.68706
vt 0.91995 0.71101
vt 0.91768 0.74509
vt 0.90948 0.73616
vt 0.90155 0.75528
vt 0.91229 0.76773
vt 0.89337 0.78114
vt 0.90236 0.78316
vt 0.91341 0.78082
vt 0.90958 0.78755
vt 0.91283 0.79065
vt 0.92573 0.75189
vt 0.92462 0.75702
vt 0.92206 0.76874
vt 0.93324 0.76537
vt 0.9136 0.80595
vt 0.91229 0.80469
vt 0.91425 0.79607
vt 0.95825 0.83372
vt 0.95178 0.83377
vt 0.94969 0.80063
vt 0.95148 0.79736
vt 0.94136 0.78046
vt 0.94272 0.77602
vt 0.93051 0.77837
vt 0.92131 0.78197
vt 0.91461 0.78748
vt 0.91666 0.79567
vt 0.91457 0.81679
vt 0.91373 0.81784
vt 0.91226 0.82024
vt 0.93889 0.78853
vt 0.91985 0.79698
vt 0.92075 0.79034
vt 0.92825 0.78925
vt 0.93364 0.79799
vt 0.94655 0.80644
vt 0.92667 0.79585
vt 0.90985 0.80409
vt 0.90941 0.82597
vt 0.9147 0.8273
vt 0.91466 0.82152
vt 0.9182 0.81346
vt 0.92525 0.8017
vt 0.93117 0.80476
vt 0.94016 0.81149
vt 0.93283 0.82042
vt 0.9342 0.81389
vt 0.93152 0.82658
vt 0.92853 0.81207
vt 0.93835 0.82793
vt 0.93082 0.83865
vt 0.92206 0.82398
vt 0.92029 0.81888
vt 0.9444 0.83102
vt 0.92746 0.8443
vt 0.92624 0.84164
vt 0.91606 0.83276
vt 0.92003 0.84305
vt 0.92351 0.8495
vt 0.92873 0.847
vt 0.93469 0.84258
vt 0.94142 0.85135
vt 0.94617 0.8575
vt 0.95088 0.8636
vt 0.92474 0.85161
vt 0.92114 0.86244
vt 0.91489 0.85646
vt 0.93161 0.85245
vt 0.9281 0.8573
vt 0.92232 0.86323
vt 0.91948 0.87651
vt 0.91338 0.87689
vt 0.91223 0.84279
vt 0.91009 0.83666
vt 0.92137 0.87528
vt 0.92567 0.86548
vt 0.93282 0.8644
vt 0.93694 0.8629
vt 0.93933 0.87184
vt 0.94197 0.88176
vt 0.96258 0.87398
vt 0.96225 0.83371
vt 0.95734 0.78474
vt 0.9334 0.87291
vt 0.92757 0.87123
vt 0.92328 0.8887
vt 0.92896 0.87854
vt 0.92899 0.89944
vt 0.93372 0.89763
vt 0.96442 0.77422
vt 0.94998 0.74486
vt 0.95818 0.72809
vt 0.94833 0.71173
vt 0.9749 0.76239
vt 0.99149 0.81725
vt 0.95702 0.89935
vt 0.96405 0.91017
vt 0.93642 0.89424
vt 0.94557 0.914
vt 0.94768 0.92751
vt 0.95021 0.9565
vt 0.97365 0.93001
vt 0.97276 0.87552
vt 0.96954 0.83249
vt 0.97815 0.81984
vt 0.98381 0.87891
vt 0.9978 0.87984
vt 0.98593 0.94333
vt 0.95987 0.99179
vt 0.92737 0.9933
vt 0.92596 0.95297
vt 0.9326 0.93228
vt 0.93626 0.91719
vt 0.92627 0.90692
vt 0.92131 0.89533
vt 0.90005 0.95598
vt 0.91191 0.942
vt 0.92024 0.91937
vt 0.91486 0.89926
vt 0.90272 0.87285
vt 0.90158 0.84906
vt 0.90372 0.82584
vt 0.90642 0.80701
vt 0.89227 0.85817
vt 0.89546 0.82259
vt 0.89032 0.92253
vt 0.90276 0.90944
vt 0.88728 0.89471
vt 0.87868 0.89766
vt 0.88135 0.85811
vt 0.88596 0.81937
vt 0.07376 0.84164
vt 0.07254 0.8443
vt 0.06918 0.83865
vt 0.07127 0.847
vt 0.06531 0.84258
vt 0.07649 0.8495
vt 0.07997 0.84305
vt 0.07794 0.82398
vt 0.06848 0.82658
vt 0.06165 0.82793
vt 0.0658 0.81389
vt 0.05986 0.81149
vt 0.06883 0.80476
vt 0.06636 0.79799
vt 0.07925 0.79034
vt 0.07869 0.78197
vt 0.08539 0.78748
vt 0.08659 0.78082
vt 0.08717 0.79065
vt 0.07147 0.81207
vt 0.08015 0.79698
vt 0.0818 0.81346
vt 0.08543 0.81679
vt 0.08334 0.79567
vt 0.08575 0.79607
vt 0.08534 0.82152
vt 0.06717 0.82042
vt 0.0853 0.8273
vt 0.08627 0.81784
vt 0.08638 0.80595
vt 0.08771 0.80469
vt 0.09015 0.80409
vt 0.08772 0.82024
vt 0.09059 0.82597
vt 0.09358 0.80701
vt 0.09628 0.82584
vt 0.08991 0.83666
vt 0.08394 0.83276
vt 0.09042 0.78755
vt 0.09764 0.78316
vt 0.10454 0.82259
vt 0.09842 0.84906
vt 0.08777 0.84279
vt 0.08005 0.71101
vt 0.09052 0.73616
vt 0.08232 0.74509
vt 0.09845 0.75528
vt 0.08771 0.76773
vt 0.10663 0.78114
vt 0.11404 0.81937
vt 0.11865 0.85811
vt 0.10773 0.85817
vt 0.09727 0.87285
vt 0.01407 0.94333
vt 0.02635 0.93001
vt 0.04013 0.99179
vt 0.04979 0.9565
vt 0.07263 0.9933
vt 0.07402 0.95297
vt 0.09995 0.95598
vt 0.08809 0.942
vt 0.10968 0.92253
vt 0.09724 0.90944
vt 0.11272 0.89471
vt 0.12132 0.89766
vt 0.03595 0.91017
vt 0.02724 0.87552
vt 0.01619 0.87891
vt 0.0022 0.87984
vt 0.00851 0.81725
vt 0.03046 0.83249
vt 0.02185 0.81984
vt 0.03558 0.77422
vt 0.0251 0.76239
vt 0.04182 0.72809
vt 0.05002 0.74486
vt 0.06583 0.7238
vt 0.06001 0.70518
vt 0.07382 0.72133
vt 0.06622 0.70032
vt 0.07008 0.68706
vt 0.06902 0.73592
vt 0.05307 0.75487
vt 0.04266 0.78474
vt 0.03775 0.83371
vt 0.04175 0.83372
vt 0.04822 0.83377
vt 0.05559 0.83102
vt 0.07794 0.76874
vt 0.06111 0.78853
vt 0.05031 0.80063
vt 0.04852 0.79736
vt 0.05345 0.80644
vt 0.05864 0.78046
vt 0.07538 0.75702
vt 0.07427 0.75189
vt 0.05728 0.77602
vt 0.90416 0.16144
vt 0.90416 0.20305
vt 0.88341 0.1533
vt 0.89404 0.43671
vt 0.90416 0.43034
vt 0.89282 0.49921
vt 0.89299 0.38661
vt 0.90416 0.38796
vt 0.89208 0.33136
vt 0.90416 0.32977
vt 0.89015 0.28418
vt 0.90416 0.28691
vt 0.88861 0.23946
vt 0.90416 0.24628
vt 0.88559 0.19572
vt 0.86516 0.19205
vt 0.86206 0.14784
vt 0.84372 0.19125
vt 0.83885 0.14752
vt 0.82066 0.19261
vt 0.81488 0.14896
vt 0.90416 0.49149
vt 0.89227 0.57635
vt 0.90416 0.56699
vt 0.88921 0.6698
vt 0.90416 0.67035
vt 0.87422 0.75676
vt 0.88931 0.76903
vt 0.86928 0.86206
vt 0.63433 0.95583
vt 0.59207 0.98144
vt 0.61792 0.98413
vt 0.6853 0.95192
vt 0.67639 0.98923
vt 0.7464 0.93973
vt 0.74536 0.97891
vt 0.80656 0.89848
vt 0.81696 0.93071
vt 0.85117 0.83707
vt 0.86102 0.74338
vt 0.87578 0.66553
vt 0.87907 0.58151
vt 0.66234 0.92126
vt 0.63969 0.92142
vt 0.66023 0.89668
vt 0.66916 0.86794
vt 0.68492 0.86673
vt 0.67514 0.8945
vt 0.68696 0.83562
vt 0.7101 0.86481
vt 0.70274 0.88934
vt 0.69536 0.91676
vt 0.74855 0.90572
vt 0.79936 0.87119
vt 0.83749 0.81547
vt 0.79337 0.84305
vt 0.82696 0.7952
vt 0.75052 0.87593
vt 0.71817 0.82904
vt 0.75189 0.8468
vt 0.78368 0.78555
vt 0.75429 0.81273
vt 0.84796 0.72881
vt 0.81778 0.77461
vt 0.83716 0.71542
vt 0.80908 0.74756
vt 0.8252 0.69809
vt 0.81285 0.67203
vt 0.86235 0.65791
vt 0.78957 0.81827
vt 0.82017 0.62175
vt 0.8347 0.63744
vt 0.84871 0.64941
vt 0.86548 0.58196
vt 0.88046 0.50594
vt 0.85138 0.57791
vt 0.79402 0.58438
vt 0.80713 0.60315
vt 0.82164 0.56395
vt 0.83736 0.57198
vt 0.80864 0.55487
vt 0.80754 0.50658
vt 0.82175 0.50752
vt 0.83775 0.50902
vt 0.8373 0.4492
vt 0.82016 0.45026
vt 0.80385 0.45325
vt 0.79514 0.50702
vt 0.79565 0.54724
vt 0.85472 0.28442
vt 0.86969 0.23627
vt 0.84314 0.33644
vt 0.83124 0.39244
vt 0.81329 0.39334
vt 0.79469 0.39592
vt 0.7899 0.45996
vt 0.83461 0.28619
vt 0.81291 0.28789
vt 0.82437 0.33766
vt 0.77852 0.40234
vt 0.76149 0.41472
vt 0.76195 0.34741
vt 0.78297 0.34044
vt 0.80345 0.33908
vt 0.7894 0.28964
vt 0.7771 0.24466
vt 0.80321 0.24146
vt 0.82726 0.23833
vt 0.84904 0.23651
vt 0.79491 0.19719
vt 0.76645 0.2012
vt 0.73653 0.20728
vt 0.74889 0.24776
vt 0.7643 0.29062
vt 0.71892 0.25247
vt 0.73897 0.29465
vt 0.70402 0.2144
vt 0.68761 0.26308
vt 0.71347 0.30905
vt 0.74109 0.36098
vt 0.78796 0.15396
vt 0.75787 0.15897
vt 0.72478 0.16673
vt 0.69286 0.1749
vt 0.66876 0.21942
vt 0.65231 0.2784
vt 0.6918 0.3282
vt 0.72238 0.3781
vt 0.65367 0.17635
vt 0.61533 0.17955
vt 0.63182 0.22259
vt 0.60136 0.21767
vt 0.61304 0.25377
vt 0.57925 0.24147
vt 0.57039 0.21156
vt 0.55244 0.23254
vt 0.54623 0.20546
vt 0.58341 0.17845
vt 0.55931 0.17651
vt 0.5378 0.17311
vt 0.51842 0.16928
vt 0.4622 0.17311
vt 0.48158 0.16928
vt 0.45377 0.20546
vt 0.4407 0.17651
vt 0.42961 0.21156
vt 0.4166 0.17845
vt 0.39864 0.21767
vt 0.36818 0.22259
vt 0.38467 0.17955
vt 0.52434 0.19856
vt 0.5 0.18907
vt 0.5 0.1674
vt 0.47566 0.19856
vt 0.44756 0.23254
vt 0.42076 0.24147
vt 0.38696 0.25377
vt 0.34769 0.2784
vt 0.33124 0.21942
vt 0.34633 0.17635
vt 0.30714 0.1749
vt 0.16115 0.14752
vt 0.15628 0.19125
vt 0.13794 0.14784
vt 0.18512 0.14896
vt 0.17934 0.19261
vt 0.17275 0.23833
vt 0.25275 0.43216
vt 0.23851 0.41472
vt 0.27762 0.3781
vt 0.25891 0.36098
vt 0.3082 0.3282
vt 0.28653 0.30905
vt 0.31239 0.26308
vt 0.29597 0.2144
vt 0.26347 0.20728
vt 0.27522 0.16673
vt 0.23354 0.2012
vt 0.24213 0.15897
vt 0.21204 0.15396
vt 0.20509 0.19719
vt 0.2101 0.45996
vt 0.22148 0.40234
vt 0.23805 0.34741
vt 0.26103 0.29465
vt 0.28107 0.25247
vt 0.25111 0.24776
vt 0.2229 0.24466
vt 0.20531 0.39592
vt 0.21703 0.34044
vt 0.2357 0.29062
vt 0.2106 0.28964
vt 0.18671 0.39334
vt 0.19655 0.33908
vt 0.17481 0.69809
vt 0.17984 0.45026
vt 0.17825 0.50752
vt 0.17836 0.56395
vt 0.17982 0.62175
vt 0.18715 0.67203
vt 0.19092 0.74756
vt 0.20663 0.84305
vt 0.21043 0.81827
vt 0.21632 0.78555
vt 0.20079 0.71495
vt 0.19864 0.64577
vt 0.19289 0.60315
vt 0.19136 0.55487
vt 0.19246 0.50658
vt 0.19617 0.45325
vt 0.2226 0.4704
vt 0.21664 0.51068
vt 0.20914 0.6196
vt 0.20598 0.58438
vt 0.20435 0.54724
vt 0.20486 0.50702
vt 0.21555 0.54149
vt 0.21651 0.56853
vt 0.21916 0.59341
vt 0.2867 0.40227
vt 0.25905 0.45209
vt 0.23546 0.49225
vt 0.24667 0.48849
vt 0.22328 0.70906
vt 0.2189 0.74918
vt 0.20786 0.68308
vt 0.21643 0.64818
vt 0.22368 0.61621
vt 0.22766 0.57378
vt 0.22531 0.55861
vt 0.22424 0.54071
vt 0.22629 0.51808
vt 0.23181 0.58862
vt 0.25052 0.64327
vt 0.23976 0.64085
vt 0.24521 0.60501
vt 0.23886 0.60393
vt 0.23615 0.59872
vt 0.2303 0.63107
vt 0.22679 0.66991
vt 0.24054 0.68401
vt 0.24136 0.7276
vt 0.25642 0.68977
vt 0.26285 0.73822
vt 0.27344 0.6886
vt 0.2842 0.74002
vt 0.28748 0.68414
vt 0.30119 0.73543
vt 0.25386 0.5974
vt 0.26239 0.63625
vt 0.27768 0.61725
vt 0.26279 0.58058
vt 0.26942 0.55525
vt 0.27998 0.57535
vt 0.27121 0.5303
vt 0.28075 0.53864
vt 0.27989 0.51184
vt 0.26807 0.50847
vt 0.29431 0.62884
vt 0.31009 0.63796
vt 0.3234 0.64442
vt 0.32938 0.6855
vt 0.31732 0.68423
vt 0.30533 0.68326
vt 0.31905 0.73216
vt 0.40797 0.904
vt 0.38742 0.88155
vt 0.39892 0.86975
vt 0.37615 0.84889
vt 0.36737 0.85664
vt 0.35773 0.82498
vt 0.35062 0.82979
vt 0.32651 0.86715
vt 0.3272 0.83455
vt 0.31186 0.83483
vt 0.31876 0.78586
vt 0.29863 0.78313
vt 0.27226 0.78488
vt 0.24429 0.77104
vt 0.28183 0.82904
vt 0.24571 0.81273
vt 0.24811 0.8468
vt 0.2899 0.86481
vt 0.31879 0.89587
vt 0.3114 0.86599
vt 0.33583 0.89825
vt 0.29726 0.88934
vt 0.24948 0.87593
vt 0.25145 0.90572
vt 0.20064 0.87119
vt 0.30464 0.91676
vt 0.35309 0.91982
vt 0.33461 0.91865
vt 0.3147 0.95192
vt 0.2536 0.93973
vt 0.19344 0.89848
vt 0.42892 0.92977
vt 0.38438 0.94973
vt 0.36645 0.95346
vt 0.18304 0.93071
vt 0.25464 0.97891
vt 0.32361 0.98923
vt 0.38208 0.98413
vt 0.40793 0.98144
vt 0.42542 0.97729
vt 0.45563 0.95846
vt 0.44773 0.90728
vt 0.42431 0.88554
vt 0.47482 0.93224
vt 0.55412 0.3605
vt 0.56042 0.33165
vt 0.59235 0.35913
vt 0.60359 0.3299
vt 0.62256 0.39648
vt 0.63747 0.37038
vt 0.66773 0.41222
vt 0.65053 0.44016
vt 0.67212 0.48523
vt 0.69489 0.47469
vt 0.57057 0.30962
vt 0.58435 0.29057
vt 0.65291 0.50592
vt 0.68248 0.52667
vt 0.6322 0.46989
vt 0.60352 0.43243
vt 0.57994 0.38915
vt 0.55158 0.38362
vt 0.53046 0.35301
vt 0.53372 0.32533
vt 0.53947 0.30029
vt 0.55095 0.27696
vt 0.58626 0.27396
vt 0.5574 0.26181
vt 0.61671 0.2905
vt 0.6503 0.31577
vt 0.68384 0.35562
vt 0.7133 0.40227
vt 0.73151 0.46994
vt 0.74295 0.4906
vt 0.73636 0.49728
vt 0.72151 0.49112
vt 0.70711 0.4355
vt 0.6805 0.38678
vt 0.6487 0.34087
vt 0.616 0.3103
vt 0.61609 0.6287
vt 0.62434 0.6389
vt 0.61211 0.64281
vt 0.61917 0.64845
vt 0.60858 0.65448
vt 0.61475 0.65562
vt 0.60649 0.66641
vt 0.61118 0.66287
vt 0.61069 0.66394
vt 0.60626 0.66829
vt 0.60619 0.67073
vt 0.61031 0.66659
vt 0.61354 0.66424
vt 0.61436 0.66254
vt 0.61815 0.66028
vt 0.62276 0.65672
vt 0.57561 0.68669
vt 0.58087 0.68837
vt 0.5806 0.69069
vt 0.5872 0.68657
vt 0.58734 0.68423
vt 0.59352 0.68205
vt 0.59358 0.67958
vt 0.60031 0.67615
vt 0.60033 0.67361
vt 0.60034 0.67155
vt 0.60077 0.65694
vt 0.60175 0.64099
vt 0.60458 0.62281
vt 0.60558 0.61644
vt 0.61722 0.62471
vt 0.6087 0.58659
vt 0.62357 0.60498
vt 0.6223 0.5578
vt 0.63472 0.57962
vt 0.64903 0.55939
vt 0.64598 0.6053
vt 0.65869 0.59061
vt 0.65187 0.6309
vt 0.66277 0.62111
vt 0.65179 0.6592
vt 0.6559 0.68706
vt 0.65689 0.7276
vt 0.66852 0.7305
vt 0.67456 0.57401
vt 0.6653 0.54187
vt 0.61993 0.50151
vt 0.63635 0.52983
vt 0.7023 0.51549
vt 0.70537 0.54849
vt 0.52425 0.8432
vt 0.52294 0.83852
vt 0.54845 0.83399
vt 0.54965 0.83713
vt 0.53281 0.87392
vt 0.55855 0.86042
vt 0.5855 0.85276
vt 0.57463 0.83129
vt 0.57309 0.82824
vt 0.54705 0.83032
vt 0.52176 0.8343
vt 0.5 0.8376
vt 0.50066 0.8431
vt 0.50133 0.84864
vt 0.50596 0.88723
vt 0.61106 0.83759
vt 0.60098 0.82146
vt 0.59891 0.81814
vt 0.57175 0.82559
vt 0.5405 0.79771
vt 0.51704 0.79475
vt 0.5 0.79101
vt 0.4128 0.68657
vt 0.40648 0.68205
vt 0.41266 0.68423
vt 0.40642 0.67958
vt 0.39969 0.67615
vt 0.42439 0.68669
vt 0.42384 0.68919
vt 0.4194 0.69069
vt 0.41913 0.68837
vt 0.41287 0.68216
vt 0.40646 0.67737
vt 0.39967 0.67361
vt 0.39381 0.67073
vt 0.41968 0.69278
vt 0.41306 0.68889
vt 0.42465 0.69229
vt 0.424 0.69054
vt 0.42674 0.69029
vt 0.42552 0.68954
vt 0.42665 0.68797
vt 0.42462 0.68555
vt 0.41937 0.68636
vt 0.41429 0.6693
vt 0.40678 0.66345
vt 0.39923 0.65694
vt 0.40753 0.64824
vt 0.39825 0.64099
vt 0.41827 0.78654
vt 0.39658 0.77834
vt 0.40179 0.75682
vt 0.42232 0.76329
vt 0.40262 0.75258
vt 0.42279 0.7565
vt 0.40501 0.74023
vt 0.42342 0.74753
vt 0.40569 0.73632
vt 0.42353 0.74229
vt 0.40707 0.72835
vt 0.42374 0.73344
vt 0.40887 0.71181
vt 0.42178 0.71712
vt 0.40909 0.69664
vt 0.41824 0.7003
vt 0.41365 0.69023
vt 0.42007 0.69344
vt 0.44632 0.84765
vt 0.42235 0.83668
vt 0.45111 0.83511
vt 0.42841 0.82523
vt 0.45254 0.83136
vt 0.4308 0.82055
vt 0.45477 0.8255
vt 0.43168 0.81739
vt 0.40854 0.80555
vt 0.40664 0.80926
vt 0.44143 0.75187
vt 0.44087 0.76248
vt 0.43967 0.78868
vt 0.40525 0.81142
vt 0.38873 0.79217
vt 0.39127 0.7877
vt 0.46801 0.78681
vt 0.45861 0.75605
vt 0.45829 0.74244
vt 0.44199 0.74126
vt 0.43086 0.71063
vt 0.43701 0.72664
vt 0.45797 0.72884
vt 0.46208 0.74037
vt 0.46283 0.75452
vt 0.48375 0.78782
vt 0.47868 0.8327
vt 0.4775 0.83695
vt 0.47648 0.84061
vt 0.48447 0.75209
vt 0.48336 0.73883
vt 0.43853 0.86807
vt 0.46613 0.87767
vt 0.47374 0.85042
vt 0.49867 0.84864
vt 0.49934 0.8431
vt 0.5 0.75134
vt 0.5 0.73905
vt 0.48225 0.72557
vt 0.46133 0.72623
vt 0.44658 0.71149
vt 0.44847 0.70011
vt 0.49404 0.88723
vt 0.36557 0.68594
vt 0.3558 0.68808
vt 0.35951 0.66208
vt 0.37731 0.70304
vt 0.37534 0.70551
vt 0.37299 0.67874
vt 0.3819 0.6973
vt 0.38817 0.72136
vt 0.38677 0.72377
vt 0.38382 0.73449
vt 0.37181 0.71032
vt 0.36722 0.71661
vt 0.3441 0.68706
vt 0.34821 0.6592
vt 0.35852 0.64192
vt 0.36926 0.66458
vt 0.5 0.55449
vt 0.48093 0.55803
vt 0.5 0.54796
vt 0.48462 0.55014
vt 0.5 0.5408
vt 0.47833 0.54449
vt 0.5 0.53078
vt 0.48102 0.53176
vt 0.46309 0.53237
vt 0.45952 0.54471
vt 0.4428 0.52725
vt 0.47252 0.55714
vt 0.47646 0.56427
vt 0.45854 0.5558
vt 0.44773 0.54957
vt 0.46335 0.55167
vt 0.46494 0.55858
vt 0.4679 0.55028
vt 0.47144 0.55386
vt 0.43825 0.57195
vt 0.43766 0.56945
vt 0.44739 0.55113
vt 0.45793 0.55989
vt 0.45935 0.56406
vt 0.46408 0.56728
vt 0.43204 0.54567
vt 0.43678 0.57472
vt 0.43108 0.54729
vt 0.43371 0.58051
vt 0.42728 0.55371
vt 0.42917 0.58908
vt 0.42252 0.56175
vt 0.41432 0.57948
vt 0.42578 0.60677
vt 0.40901 0.60107
vt 0.42163 0.62431
vt 0.40779 0.62927
vt 0.41794 0.64143
vt 0.42715 0.65328
vt 0.42561 0.65732
vt 0.43154 0.67626
vt 0.4297 0.6765
vt 0.43115 0.68616
vt 0.41734 0.64516
vt 0.42437 0.66059
vt 0.41542 0.65706
vt 0.42261 0.66521
vt 0.42091 0.67543
vt 0.42717 0.6812
vt 0.40774 0.63312
vt 0.3953 0.62205
vt 0.39442 0.61644
vt 0.3913 0.58659
vt 0.40074 0.55382
vt 0.41255 0.53134
vt 0.38278 0.62471
vt 0.38382 0.62837
vt 0.38789 0.64281
vt 0.39142 0.65448
vt 0.39349 0.66641
vt 0.39966 0.67155
vt 0.39374 0.66829
vt 0.38931 0.66394
vt 0.38882 0.66287
vt 0.38525 0.65562
vt 0.38083 0.64845
vt 0.38968 0.66659
vt 0.38646 0.66424
vt 0.38563 0.66254
vt 0.38185 0.66028
vt 0.37724 0.65672
vt 0.38835 0.66548
vt 0.40663 0.68448
vt 0.39975 0.67865
vt 0.39377 0.67277
vt 0.38948 0.6682
vt 0.38506 0.66467
vt 0.38156 0.66626
vt 0.37805 0.6683
vt 0.40697 0.68611
vt 0.39977 0.68028
vt 0.39346 0.67396
vt 0.38879 0.66878
vt 0.38594 0.6712
vt 0.38269 0.67979
vt 0.39262 0.7137
vt 0.39824 0.70183
vt 0.3999 0.68849
vt 0.39191 0.68013
vt 0.38888 0.69081
vt 0.37043 0.65113
vt 0.38228 0.74013
vt 0.37308 0.75516
vt 0.35649 0.72205
vt 0.34705 0.72597
vt 0.36683 0.76198
vt 0.33148 0.7305
vt 0.33794 0.78207
vt 0.36918 0.81724
vt 0.38566 0.84048
vt 0.37819 0.806
vt 0.35437 0.77447
vt 0.38014 0.80358
vt 0.3766 0.80799
vt 0.35054 0.77795
vt 0.38681 0.79472
vt 0.3876 0.83878
vt 0.40977 0.85862
vt 0.41168 0.85666
vt 0.38901 0.83658
vt 0.41314 0.85392
vt 0.39474 0.82771
vt 0.39622 0.82541
vt 0.39818 0.82237
vt 0.42104 0.83914
vt 0.41966 0.84171
vt 0.56409 0.70126
vt 0.56914 0.71063
vt 0.55302 0.70908
vt 0.57468 0.70172
vt 0.57016 0.69704
vt 0.57993 0.69344
vt 0.57487 0.69279
vt 0.58032 0.69278
vt 0.57536 0.69229
vt 0.57172 0.69118
vt 0.5679 0.69138
vt 0.56371 0.69353
vt 0.55143 0.69952
vt 0.5314 0.71173
vt 0.52714 0.72627
vt 0.51645 0.71482
vt 0.51775 0.72557
vt 0.57626 0.73344
vt 0.59293 0.72835
vt 0.59458 0.73787
vt 0.59113 0.71181
vt 0.57822 0.71712
vt 0.59091 0.69664
vt 0.58176 0.7003
vt 0.58635 0.69023
vt 0.58694 0.68889
vt 0.576 0.69054
vt 0.57326 0.69029
vt 0.57447 0.68954
vt 0.57335 0.68797
vt 0.57616 0.68919
vt 0.56299 0.72664
vt 0.55801 0.74126
vt 0.57651 0.74435
vt 0.57689 0.75189
vt 0.55857 0.75187
vt 0.53051 0.74262
vt 0.53561 0.72974
vt 0.57735 0.75846
vt 0.5978 0.75473
vt 0.59617 0.74634
vt 0.62024 0.74424
vt 0.61691 0.73717
vt 0.62826 0.71043
vt 0.59944 0.76133
vt 0.57836 0.76605
vt 0.55913 0.76248
vt 0.52541 0.75552
vt 0.51682 0.73902
vt 0.50887 0.73846
vt 0.5 0.72675
vt 0.5 0.71515
vt 0.5 0.70698
vt 0.5157 0.70856
vt 0.5065 0.75178
vt 0.56163 0.79363
vt 0.58486 0.79273
vt 0.58791 0.79875
vt 0.53818 0.78508
vt 0.48355 0.71482
vt 0.4843 0.70856
vt 0.5 0.69444
vt 0.48346 0.69243
vt 0.5 0.68242
vt 0.56322 0.79973
vt 0.56461 0.80392
vt 0.53957 0.79311
vt 0.58963 0.80183
vt 0.59728 0.81554
vt 0.66206 0.78207
vt 0.64946 0.77795
vt 0.62967 0.81646
vt 0.61956 0.80347
vt 0.61784 0.80126
vt 0.61631 0.7993
vt 0.60865 0.78726
vt 0.60719 0.78498
vt 0.60473 0.78063
vt 0.62692 0.75516
vt 0.62947 0.75794
vt 0.64373 0.77274
vt 0.64244 0.77157
vt 0.64114 0.77039
vt 0.63157 0.76018
vt 0.64351 0.72205
vt 0.63278 0.71661
vt 0.64148 0.64192
vt 0.63445 0.61932
vt 0.62578 0.63625
vt 0.63036 0.65048
vt 0.62915 0.65147
vt 0.63074 0.66458
vt 0.64049 0.66208
vt 0.6442 0.68808
vt 0.63443 0.68594
vt 0.62621 0.70763
vt 0.61468 0.72905
vt 0.61323 0.72377
vt 0.6245 0.70545
vt 0.6181 0.6973
vt 0.60738 0.7137
vt 0.59305 0.68611
vt 0.59337 0.68448
vt 0.60025 0.67865
vt 0.60023 0.68028
vt 0.60011 0.68849
vt 0.60176 0.70183
vt 0.61111 0.69081
vt 0.62701 0.67874
vt 0.60623 0.67277
vt 0.60654 0.67396
vt 0.60809 0.68013
vt 0.61731 0.67979
vt 0.61406 0.6712
vt 0.61121 0.66878
vt 0.61052 0.6682
vt 0.61494 0.66467
vt 0.61165 0.66548
vt 0.61844 0.66626
vt 0.62195 0.6683
vt 0.56476 0.4568
vt 0.56346 0.44168
vt 0.57329 0.45915
vt 0.57222 0.47951
vt 0.57907 0.48649
vt 0.57566 0.4602
vt 0.57198 0.43555
vt 0.55717 0.42416
vt 0.55302 0.43181
vt 0.55885 0.44392
vt 0.55989 0.45578
vt 0.56351 0.4734
vt 0.56784 0.50111
vt 0.57748 0.51482
vt 0.58014 0.4877
vt 0.55098 0.43948
vt 0.56313 0.41548
vt 0.54552 0.40909
vt 0.54111 0.41834
vt 0.53957 0.42415
vt 0.53569 0.43338
vt 0.54855 0.44309
vt 0.5444 0.44704
vt 0.53442 0.44363
vt 0.52325 0.44109
vt 0.52431 0.4284
vt 0.52673 0.41915
vt 0.5271 0.41125
vt 0.53021 0.39944
vt 0.53217 0.38907
vt 0.55617 0.44672
vt 0.55154 0.45194
vt 0.54701 0.45494
vt 0.53966 0.45508
vt 0.53291 0.45662
vt 0.52306 0.45578
vt 0.51039 0.45454
vt 0.51292 0.44078
vt 0.51262 0.42629
vt 0.51378 0.41712
vt 0.51385 0.4082
vt 0.54874 0.46292
vt 0.54384 0.47351
vt 0.54413 0.46099
vt 0.53842 0.4628
vt 0.53853 0.47732
vt 0.53192 0.46306
vt 0.54118 0.48087
vt 0.54781 0.4761
vt 0.55374 0.46381
vt 0.50911 0.46332
vt 0.51297 0.48774
vt 0.5 0.46377
vt 0.52241 0.46324
vt 0.52748 0.48569
vt 0.52959 0.4931
vt 0.54317 0.49044
vt 0.55133 0.48212
vt 0.5569 0.46884
vt 0.55669 0.45477
vt 0.5489 0.50355
vt 0.5582 0.49057
vt 0.5 0.48742
vt 0.48703 0.48774
vt 0.5152 0.49796
vt 0.53069 0.50197
vt 0.53435 0.5183
vt 0.55721 0.52725
vt 0.47327 0.41915
vt 0.4729 0.41125
vt 0.48622 0.41712
vt 0.46043 0.42415
vt 0.46431 0.43338
vt 0.44902 0.43948
vt 0.45145 0.44309
vt 0.44846 0.45194
vt 0.45299 0.45494
vt 0.45126 0.46292
vt 0.45587 0.46099
vt 0.45616 0.47351
vt 0.46158 0.4628
vt 0.46147 0.47732
vt 0.46808 0.46306
vt 0.47252 0.48569
vt 0.47758 0.46324
vt 0.49089 0.46332
vt 0.5 0.45344
vt 0.5 0.43999
vt 0.48708 0.44078
vt 0.5 0.42507
vt 0.48738 0.42629
vt 0.47569 0.4284
vt 0.47675 0.44109
vt 0.46558 0.44363
vt 0.4556 0.44704
vt 0.46034 0.45508
vt 0.4671 0.45662
vt 0.47696 0.45578
vt 0.48961 0.45454
vt 0.5 0.41696
vt 0.43033 0.40498
vt 0.41861 0.4331
vt 0.42006 0.38915
vt 0.44842 0.38362
vt 0.44588 0.3605
vt 0.46954 0.35301
vt 0.46719 0.37433
vt 0.48315 0.37022
vt 0.48315 0.3857
vt 0.5 0.36748
vt 0.5 0.38347
vt 0.51685 0.3857
vt 0.5 0.3947
vt 0.51492 0.39621
vt 0.5 0.40781
vt 0.48614 0.4082
vt 0.46979 0.39944
vt 0.48508 0.39621
vt 0.46783 0.38907
vt 0.44698 0.43181
vt 0.45889 0.41834
vt 0.45447 0.40909
vt 0.45132 0.39847
vt 0.43687 0.41548
vt 0.44282 0.42416
vt 0.5 0.49664
vt 0.5 0.50862
vt 0.48555 0.51032
vt 0.4848 0.49796
vt 0.46931 0.50197
vt 0.47041 0.4931
vt 0.45683 0.49044
vt 0.45882 0.48087
vt 0.44867 0.48212
vt 0.45219 0.4761
vt 0.4431 0.46884
vt 0.44626 0.46381
vt 0.44331 0.45477
vt 0.44383 0.44672
vt 0.44115 0.44392
vt 0.43654 0.44168
vt 0.51445 0.51032
vt 0.52856 0.55386
vt 0.52748 0.55714
vt 0.51538 0.55014
vt 0.51907 0.55803
vt 0.52354 0.56427
vt 0.53506 0.55858
vt 0.53592 0.56728
vt 0.54065 0.56406
vt 0.54207 0.55989
vt 0.54146 0.5558
vt 0.53665 0.55167
vt 0.55214 0.54932
vt 0.54048 0.54471
vt 0.53691 0.53237
vt 0.51523 0.5208
vt 0.4418 0.49057
vt 0.4511 0.50355
vt 0.46565 0.5183
vt 0.48477 0.5208
vt 0.5 0.51873
vt 0.51897 0.53176
vt 0.52167 0.54449
vt 0.5321 0.55028
vt 0.43216 0.50111
vt 0.43649 0.4734
vt 0.42778 0.47951
vt 0.43524 0.4568
vt 0.42671 0.45915
vt 0.42059 0.48683
vt 0.42399 0.46036
vt 0.44011 0.45578
vt 0.42252 0.51482
vt 0.41848 0.52151
vt 0.42161 0.51631
vt 0.41964 0.48791
vt 0.42287 0.46088
vt 0.42802 0.43555
vt 0.41425 0.49399
vt 0.40469 0.50603
vt 0.41392 0.46511
vt 0.427 0.43528
vt 0.39944 0.47557
vt 0.39125 0.5302
vt 0.3777 0.5578
vt 0.37643 0.60498
vt 0.37422 0.63625
vt 0.37528 0.6382
vt 0.36964 0.65048
vt 0.36555 0.61932
vt 0.3356 0.65062
vt 0.35402 0.6053
vt 0.34813 0.6309
vt 0.34131 0.59061
vt 0.35097 0.55939
vt 0.36528 0.57962
vt 0.33723 0.62111
vt 0.32211 0.61038
vt 0.30981 0.60156
vt 0.29282 0.58827
vt 0.29463 0.54849
vt 0.31221 0.56201
vt 0.32544 0.57401
vt 0.3347 0.54187
vt 0.2977 0.51549
vt 0.31752 0.52667
vt 0.34709 0.50592
vt 0.36365 0.52983
vt 0.38007 0.50151
vt 0.39648 0.43243
vt 0.40765 0.35913
vt 0.32788 0.48523
vt 0.30512 0.47469
vt 0.26364 0.49728
vt 0.27847 0.49112
vt 0.37744 0.39648
vt 0.36253 0.37038
vt 0.39642 0.3299
vt 0.3678 0.46989
vt 0.34947 0.44016
vt 0.33228 0.41222
vt 0.29289 0.4355
vt 0.26848 0.46994
vt 0.25705 0.4906
vt 0.3195 0.38678
vt 0.41374 0.27396
vt 0.4426 0.26181
vt 0.44905 0.27696
vt 0.47726 0.26683
vt 0.47119 0.24898
vt 0.38329 0.2905
vt 0.3497 0.31577
vt 0.31616 0.35562
vt 0.3513 0.34087
vt 0.384 0.3103
vt 0.41565 0.29057
vt 0.47491 0.22133
vt 0.52508 0.22133
vt 0.5 0.2175
vt 0.5 0.24376
vt 0.5 0.26637
vt 0.48122 0.29825
vt 0.46053 0.30029
vt 0.42943 0.30962
vt 0.43957 0.33165
vt 0.5 0.32716
vt 0.48767 0.32965
vt 0.5 0.29533
vt 0.46628 0.32533
vt 0.5 0.35025
vt 0.48673 0.3521
vt 0.52881 0.24898
vt 0.52274 0.26683
vt 0.51878 0.29825
vt 0.51233 0.32965
vt 0.51328 0.3521
vt 0.53281 0.37433
vt 0.51685 0.37022
vt 0.53926 0.60429
vt 0.55188 0.59679
vt 0.55386 0.60849
vt 0.53694 0.5907
vt 0.52788 0.60587
vt 0.52397 0.59041
vt 0.51271 0.59367
vt 0.51442 0.61208
vt 0.5 0.61761
vt 0.51613 0.62668
vt 0.52768 0.62187
vt 0.54025 0.61578
vt 0.54001 0.63235
vt 0.55278 0.62323
vt 0.55286 0.63962
vt 0.53975 0.65018
vt 0.55812 0.65414
vt 0.54552 0.66563
vt 0.56403 0.6653
vt 0.52657 0.64058
vt 0.57283 0.6812
vt 0.57909 0.67543
vt 0.57538 0.68555
vt 0.56886 0.68616
vt 0.5703 0.6765
vt 0.56891 0.67675
vt 0.56497 0.68625
vt 0.55377 0.67937
vt 0.53122 0.67458
vt 0.52792 0.65665
vt 0.51442 0.64751
vt 0.5 0.63705
vt 0.48387 0.62668
vt 0.48558 0.61208
vt 0.5 0.65475
vt 0.55092 0.69644
vt 0.53264 0.68883
vt 0.51773 0.67809
vt 0.51512 0.66242
vt 0.5 0.66896
vt 0.48558 0.64751
vt 0.47343 0.64058
vt 0.51654 0.69243
vt 0.53365 0.70404
vt 0.57223 0.68637
vt 0.58063 0.68636
vt 0.58713 0.68216
vt 0.59354 0.67737
vt 0.58571 0.6693
vt 0.59322 0.66345
vt 0.56816 0.64195
vt 0.56288 0.62781
vt 0.57837 0.62431
vt 0.57284 0.65328
vt 0.57454 0.65771
vt 0.57616 0.66198
vt 0.57739 0.66521
vt 0.58458 0.65706
vt 0.59247 0.64824
vt 0.59228 0.6343
vt 0.5828 0.64604
vt 0.58206 0.64143
vt 0.59221 0.62927
vt 0.59099 0.60107
vt 0.54868 0.39847
vt 0.56967 0.40498
vt 0.58139 0.4331
vt 0.60056 0.47557
vt 0.60875 0.5302
vt 0.59926 0.55382
vt 0.58568 0.57948
vt 0.57422 0.60677
vt 0.59531 0.50603
vt 0.58585 0.46495
vt 0.57697 0.46081
vt 0.57292 0.4353
vt 0.55949 0.59839
vt 0.56096 0.61383
vt 0.57083 0.58908
vt 0.57748 0.56175
vt 0.58745 0.53134
vt 0.5855 0.49368
vt 0.56236 0.56938
vt 0.56796 0.54567
vt 0.57832 0.51621
vt 0.56629 0.58051
vt 0.56318 0.57465
vt 0.57272 0.55371
vt 0.56891 0.54728
vt 0.58134 0.52121
vt 0.54602 0.57278
vt 0.55188 0.5634
vt 0.55763 0.57504
vt 0.55261 0.55113
vt 0.56175 0.57195
vt 0.55809 0.59302
vt 0.53601 0.57619
vt 0.52588 0.57463
vt 0.51065 0.57526
vt 0.54991 0.58217
vt 0.48935 0.57526
vt 0.47411 0.57463
vt 0.5 0.57401
vt 0.44812 0.59679
vt 0.44614 0.60849
vt 0.44192 0.59302
vt 0.46074 0.60429
vt 0.45975 0.61578
vt 0.47232 0.62187
vt 0.47212 0.60587
vt 0.46306 0.5907
vt 0.47603 0.59041
vt 0.46399 0.57619
vt 0.48729 0.59367
vt 0.5 0.5954
vt 0.44237 0.57504
vt 0.44812 0.5634
vt 0.45398 0.57278
vt 0.45009 0.58217
vt 0.45999 0.63235
vt 0.44723 0.62323
vt 0.44051 0.59839
vt 0.43904 0.61383
vt 0.48227 0.67809
vt 0.48488 0.66242
vt 0.47208 0.65665
vt 0.46025 0.65018
vt 0.44714 0.63962
vt 0.43712 0.62781
vt 0.43184 0.64195
vt 0.44186 0.65414
vt 0.43503 0.68625
vt 0.4321 0.69138
vt 0.43597 0.6653
vt 0.45447 0.66563
vt 0.46878 0.67458
vt 0.46736 0.68883
vt 0.46635 0.70404
vt 0.46504 0.70983
vt 0.44621 0.67937
vt 0.44908 0.69644
vt 0.4363 0.69353
vt 0.42984 0.69704
vt 0.43591 0.70126
vt 0.42532 0.70172
vt 0.42828 0.69118
vt 0.42777 0.68637
vt 0.42513 0.69279
usemtl mat0
f 1/1/1 2/2/2 3/3/3
f 2/2/2 1/1/1 4/4/4
f 5/5/5 2/2/2 4/4/4
f 5/5/5 4/4/4 6/6/6
f 7/7/7 5/5/5 6/6/6
f 7/7/7 6/6/6 8/8/8
f 9/9/9 7/7/7 8/8/8
f 9/9/9 8/8/8 10/10/10
f 11/11/11 9/9/9 10/10/10
f 11/11/11 10/10/10 12/12/12
f 13/13/13 11/11/11 12/12/12
f 13/13/13 12/12/12 14/14/14
f 15/15/15 13/13/13 14/14/14
f 16/16/16 15/15/15 14/14/14
f 15/15/15 16/16/16 17/17/17
f 16/16/16 18/18/18 17/17/17
f 16/16/16 19/19/19 18/18/18
f 19/19/19 20/20/20 18/18/18
f 17/17/17 21/21/21 15/15/15
f 21/21/21 13/13/13 15/15/15
f 11/11/11 13/13/13 21/21/21
f 22/22/22 11/11/11 21/21/21
f 22/22/22 23/23/23 11/11/11
f 23/23/23 9/9/9 11/11/11
f 23/23/23 24/24/24 9/9/9
f 24/24/24 7/7/7 9/9/9
f 24/24/24 25/25/25 7/7/7
f 25/25/25 5/5/5 7/7/7
f 25/25/25 26/26/26 5/5/5
f 26/26/26 2/2/2 5/5/5
f 27/27/27 26/26/26 28/28/28
f 26/26/26 29/29/29 28/28/28
f 26/26/26 25/25/25 29/29/29
f 25/25/25 30/30/30 29/29/29
f 25/25/25 24/24/24 30/30/30
f 24/24/24 31/31/31 30/30/30
f 24/24/24 23/23/23 31/31/31
f 23/23/23 32/32/32 31/31/31
f 23/23/23 22/22/22 32/32/32
f 22/22/22 33/33/33 32/32/32
f 22/22/22 21/21/21 33/33/33
f 21/21/21 34/34/34 33/33/33
f 34/34/34 21/21/21 17/17/17
f 35/35/35 34/34/34 17/17/17
f 36/36/36 35/35/35 17/17/17
f 18/18/18 36/36/36 17/17/17
f 37/37/37 36/36/36 18/18/18
f 20/20/20 37/37/37 18/18/18
f 28/28/28 38/38/38 39/39/39
f 28/28/28 29/29/29 38/38/38
f 29/29/29 40/40/40 38/38/38
f 29/29/29 30/30/30 40/40/40
f 30/30/30 41/41/41 40/40/40
f 30/30/30 31/31/31 41/41/41
f 31/31/31 42/42/42 41/41/41
f 31/31/31 32/32/32 42/42/42
f 32/32/32 43/43/43 42/42/42
f 43/43/43 32/32/32 33/33/33
f 44/44/44 43/43/43 33/33/33
f 33/33/33 34/34/34 44/44/44
f 34/34/34 45/45/45 44/44/44
f 45/45/45 34/34/34 35/35/35
f 46/46/46 45/45/45 35/35/35
f 35/35/35 36/36/36 46/46/46
f 36/36/36 47/47/47 46/46/46
f 48/48/48 47/47/47 36/36/36
f 49/49/49 50/50/50 51/51/51
f 52/52/52 49/49/49 51/51/51
f 53/53/53 49/49/49 52/52/52
f 38/38/38 53/53/53 52/52/52
f 53/53/53 38/38/38 54/54/54
f 38/38/38 40/40/40 54/54/54
f 54/54/54 40/40/40 55/55/55
f 40/40/40 41/41/41 55/55/55
f 55/55/55 41/41/41 56/56/56
f 41/41/41 42/42/42 56/56/56
f 56/56/56 42/42/42 57/57/57
f 42/42/42 43/43/43 57/57/57
f 57/57/57 43/43/43 44/44/44
f 58/58/58 57/57/57 44/44/44
f 44/44/44 45/45/45 58/58/58
f 45/45/45 59/59/59 58/58/58
f 59/59/59 45/45/45 46/46/46
f 60/60/60 59/59/59 46/46/46
f 46/46/46 47/47/47 60/60/60
f 47/47/47 61/61/61 60/60/60
f 62/62/62 61/61/61 47/47/47
f 63/63/63 64/64/64 65/65/65
f 64/64/64 66/66/66 65/65/65
f 65/65/65 66/66/66 67/67/67
f 68/68/68 69/69/69 70/70/70
f 71/71/71 68/68/68 70/70/70
f 68/68/68 71/71/71 72/72/72
f 73/73/73 68/68/68 72/72/72
f 72/72/72 74/74/74 73/73/73
f 71/71/71 75/75/75 72/72/72
f 75/75/75 76/76/76 72/72/72
f 76/76/76 77/77/77 72/72/72
f 77/77/77 74/74/74 72/72/72
f 77/77/77 78/78/78 74/74/74
f 78/78/78 79/79/79 74/74/74
f 74/74/74 79/79/79 63/63/63
f 65/65/65 74/74/74 63/63/63
f 74/74/74 65/65/65 73/73/73
f 73/73/73 65/65/65 67/67/67
f 73/73/73 67/67/67 68/68/68
f 67/67/67 80/80/80 68/68/68
f 68/68/68 80/80/80 69/69/69
f 80/80/80 81/81/81 69/69/69
f 69/69/69 81/81/81 82/82/82
f 81/81/81 83/83/83 82/82/82
f 82/82/82 83/83/83 84/84/84
f 85/85/85 82/82/82 84/84/84
f 86/86/86 87/87/87 88/88/88
f 86/86/86 89/89/89 87/87/87
f 89/89/89 90/90/90 87/87/87
f 89/89/89 91/91/91 90/90/90
f 91/91/91 92/92/92 90/90/90
f 91/91/91 93/93/93 92/92/92
f 94/94/94 95/95/95 96/96/96
f 95/95/95 94/94/94 97/97/97
f 98/98/98 95/95/95 97/97/97
f 99/99/99 95/95/95 98/98/98
f 100/100/100 99/99/99 98/98/98
f 100/100/100 88/88/88 99/99/99
f 88/88/88 101/101/101 99/99/99
f 87/87/87 101/101/101 88/88/88
f 87/87/87 102/102/102 101/101/101
f 87/87/87 90/90/90 102/102/102
f 90/90/90 85/85/85 102/102/102
f 90/90/90 92/92/92 85/85/85
f 92/92/92 82/82/82 85/85/85
f 69/69/69 82/82/82 92/92/92
f 70/70/70 69/69/69 92/92/92
f 93/93/93 70/70/70 92/92/92
f 71/71/71 70/70/70 93/93/93
f 75/75/75 71/71/71 93/93/93
f 85/85/85 84/84/84 103/103/103
f 102/102/102 85/85/85 103/103/103
f 102/102/102 103/103/103 104/104/104
f 103/103/103 96/96/96 104/104/104
f 95/95/95 104/104/104 96/96/96
f 102/102/102 104/104/104 101/101/101
f 99/99/99 101/101/101 104/104/104
f 95/95/95 99/99/99 104/104/104
f 105/105/105 106/106/106 107/107/107
f 105/105/105 108/108/108 106/106/106
f 108/108/108 109/109/109 106/106/106
f 110/110/110 111/111/111 112/112/112
f 113/113/113 112/112/112 111/111/111
f 114/114/114 113/113/113 111/111/111
f 113/113/113 114/114/114 115/115/115
f 116/116/116 113/113/113 115/115/115
f 116/116/116 115/115/115 117/117/117
f 115/115/115 118/118/118 117/117/117
f 115/115/115 114/114/114 118/118/118
f 114/114/114 119/119/119 118/118/118
f 119/119/119 114/114/114 111/111/111
f 120/120/120 119/119/119 111/111/111
f 121/121/121 120/120/120 111/111/111
f 110/110/110 121/121/121 111/111/111
f 122/122/122 121/121/121 110/110/110
f 122/122/122 110/110/110 109/109/109
f 110/110/110 106/106/106 109/109/109
f 106/106/106 110/110/110 112/112/112
f 106/106/106 112/112/112 107/107/107
f 107/107/107 112/112/112 113/113/113
f 123/123/123 107/107/107 113/113/113
f 123/123/123 113/113/113 116/116/116
f 118/118/118 124/124/124 117/117/117
f 117/117/117 124/124/124 125/125/125
f 124/124/124 126/126/126 125/125/125
f 125/125/125 126/126/126 127/127/127
f 126/126/126 128/128/128 127/127/127
f 127/127/127 128/128/128 129/129/129
f 130/130/130 123/123/123 116/116/116
f 130/130/130 116/116/116 131/131/131
f 131/131/131 116/116/116 117/117/117
f 131/131/131 117/117/117 132/132/132
f 117/117/117 125/125/125 132/132/132
f 132/132/132 125/125/125 133/133/133
f 125/125/125 127/127/127 133/133/133
f 133/133/133 127/127/127 134/134/134
f 134/134/134 127/127/127 129/129/129
f 134/134/134 129/129/129 135/135/135
f 129/129/129 136/136/136 135/135/135
f 135/135/135 136/136/136 137/137/137
f 138/138/138 135/135/135 137/137/137
f 138/138/138 137/137/137 139/139/139
f 140/140/140 138/138/138 139/139/139
f 138/138/138 140/140/140 141/141/141
f 142/142/142 138/138/138 141/141/141
f 141/141/141 143/143/143 142/142/142
f 135/135/135 138/138/138 142/142/142
f 134/134/134 135/135/135 142/142/142
f 142/142/142 133/133/133 134/134/134
f 143/143/143 133/133/133 142/142/142
f 132/132/132 133/133/133 143/143/143
f 144/144/144 132/132/132 143/143/143
f 131/131/131 132/132/132 144/144/144
f 145/145/145 131/131/131 144/144/144
f 145/145/145 130/130/130 131/131/131
f 146/146/146 147/147/147 148/148/148
f 147/147/147 149/149/149 148/148/148
f 150/150/150 148/148/148 149/149/149
f 151/151/151 150/150/150 149/149/149
f 152/152/152 151/151/151 149/149/149
f 151/151/151 152/152/152 153/153/153
f 150/150/150 151/151/151 153/153/153
f 154/154/154 150/150/150 153/153/153
f 150/150/150 154/154/154 155/155/155
f 156/156/156 150/150/150 155/155/155
f 150/150/150 156/156/156 157/157/157
f 148/148/148 150/150/150 157/157/157
f 148/148/148 157/157/157 158/158/158
f 146/146/146 148/148/148 158/158/158
f 159/159/159 146/146/146 158/158/158
f 146/146/146 159/159/159 147/147/147
f 159/159/159 160/160/160 147/147/147
f 161/161/161 162/162/162 163/163/163
f 161/161/161 163/163/163 164/164/164
f 165/165/165 161/161/161 164/164/164
f 165/165/165 164/164/164 166/166/166
f 167/167/167 165/165/165 166/166/166
f 165/165/165 167/167/167 168/168/168
f 161/161/161 165/165/165 168/168/168
f 169/169/169 161/161/161 168/168/168
f 161/161/161 169/169/169 162/162/162
f 169/169/169 170/170/170 162/162/162
f 152/152/152 162/162/162 170/170/170
f 162/162/162 152/152/152 163/163/163
f 163/163/163 152/152/152 149/149/149
f 163/163/163 149/149/149 164/164/164
f 149/149/149 147/147/147 164/164/164
f 166/166/166 164/164/164 147/147/147
f 160/160/160 166/166/166 147/147/147
f 167/167/167 166/166/166 160/160/160
f 171/171/171 167/167/167 160/160/160
f 172/172/172 167/167/167 171/171/171
f 167/167/167 172/172/172 168/168/168
f 168/168/168 172/172/172 173/173/173
f 174/174/174 168/168/168 173/173/173
f 169/169/169 168/168/168 174/174/174
f 175/175/175 169/169/169 174/174/174
f 170/170/170 169/169/169 175/175/175
f 176/176/176 170/170/170 175/175/175
f 177/177/177 170/170/170 176/176/176
f 178/178/178 177/177/177 176/176/176
f 153/153/153 177/177/177 178/178/178
f 179/179/179 153/153/153 178/178/178
f 154/154/154 153/153/153 179/179/179
f 177/177/177 152/152/152 170/170/170
f 152/152/152 177/177/177 153/153/153
f 180/180/180 181/181/181 182/182/182
f 183/183/183 182/182/182 181/181/181
f 184/184/184 183/183/183 181/181/181
f 185/185/185 183/183/183 184/184/184
f 186/186/186 185/185/185 184/184/184
f 186/186/186 187/187/187 185/185/185
f 187/187/187 186/186/186 188/188/188
f 188/188/188 189/189/189 187/187/187
f 190/190/190 189/189/189 188/188/188
f 191/191/191 189/189/189 190/190/190
f 192/192/192 191/191/191 190/190/190
f 192/192/192 190/190/190 193/193/193
f 194/194/194 192/192/192 193/193/193
f 194/194/194 193/193/193 195/195/195
f 193/193/193 196/196/196 195/195/195
f 195/195/195 196/196/196 197/197/197
f 197/197/197 196/196/196 198/198/198
f 197/197/197 198/198/198 199/199/199
f 200/200/200 195/195/195 197/197/197
f 201/201/201 200/200/200 197/197/197
f 202/202/202 201/201/201 197/197/197
f 202/202/202 197/197/197 199/199/199
f 203/203/203 204/204/204 205/205/205
f 206/206/206 204/204/204 203/203/203
f 207/207/207 206/206/206 203/203/203
f 208/208/208 206/206/206 207/207/207
f 209/209/209 208/208/208 207/207/207
f 210/210/210 208/208/208 209/209/209
f 208/208/208 210/210/210 211/211/211
f 212/212/212 208/208/208 211/211/211
f 206/206/206 208/208/208 212/212/212
f 213/213/213 206/206/206 212/212/212
f 204/204/204 206/206/206 213/213/213
f 214/214/214 215/215/215 216/216/216
f 217/217/217 215/215/215 214/214/214
f 218/218/218 217/217/217 214/214/214
f 218/218/218 219/219/97 217/217/217
f 219/219/97 220/220/219 217/217/217
f 219/219/97 221/221/94 220/220/219
f 221/221/94 222/222/220 220/220/219
f 223/223/221 222/222/220 221/221/94
f 224/224/222 223/223/221 221/221/94
f 224/224/222 225/225/223 223/223/221
f 215/215/215 217/217/217 226/226/224
f 227/227/225 228/228/226 216/216/216
f 229/229/227 227/227/225 216/216/216
f 215/215/215 229/229/227 216/216/216
f 229/229/227 215/215/215 230/230/228
f 230/230/228 215/215/215 226/226/224
f 230/230/228 226/226/224 231/231/229
f 226/226/224 232/232/230 231/231/229
f 226/226/224 233/233/231 232/232/230
f 233/233/231 226/226/224 217/217/217
f 234/234/232 233/233/231 217/217/217
f 234/234/232 217/217/217 220/220/219
f 235/235/233 234/234/232 220/220/219
f 235/235/233 220/220/219 222/222/220
f 236/236/234 235/235/233 222/222/220
f 236/236/234 222/222/220 223/223/221
f 237/237/235 236/236/234 223/223/221
f 223/223/221 238/238/236 237/237/235
f 225/225/223 238/238/236 223/223/221
f 238/238/236 225/225/223 239/239/84
f 240/240/237 241/241/238 242/242/239
f 187/187/187 243/243/240 185/185/185
f 244/244/241 231/231/229 242/242/239
f 242/242/239 231/231/229 240/240/237
f 231/231/229 232/232/230 240/240/237
f 240/240/237 232/232/230 245/245/242
f 232/232/230 246/246/243 245/245/242
f 233/233/231 246/246/243 232/232/230
f 233/233/231 247/247/244 246/246/243
f 247/247/244 233/233/231 243/243/240
f 233/233/231 234/234/232 243/243/240
f 243/243/240 234/234/232 185/185/185
f 234/234/232 235/235/233 185/185/185
f 183/183/183 185/185/185 235/235/233
f 236/236/234 183/183/183 235/235/233
f 182/182/182 183/183/183 236/236/234
f 237/237/235 182/182/182 236/236/234
f 248/248/245 182/182/182 237/237/235
f 249/249/246 248/248/245 237/237/235
f 238/238/236 249/249/246 237/237/235
f 238/238/236 250/250/247 249/249/246
f 250/250/247 238/238/236 239/239/84
f 250/250/247 239/239/84 251/251/83
f 252/252/64 253/253/248 254/254/66
f 253/253/248 255/255/249 254/254/66
f 254/254/66 255/255/249 256/256/250
f 256/256/250 257/257/251 254/254/66
f 257/257/251 258/258/67 254/254/66
f 257/257/251 259/259/252 258/258/67
f 259/259/252 260/260/80 258/258/67
f 260/260/80 259/259/252 261/261/253
f 262/262/81 260/260/80 261/261/253
f 251/251/83 262/262/81 261/261/253
f 263/263/254 251/251/83 261/261/253
f 263/263/254 250/250/247 251/251/83
f 250/250/247 263/263/254 264/264/255
f 265/265/256 250/250/247 264/264/255
f 264/264/255 266/266/257 265/265/256
f 266/266/257 267/267/258 265/265/256
f 267/267/258 266/266/257 268/268/259
f 248/248/245 267/267/258 268/268/259
f 180/180/180 248/248/245 268/268/259
f 248/248/245 180/180/180 182/182/182
f 250/250/247 265/265/256 249/249/246
f 265/265/256 267/267/258 249/249/246
f 267/267/258 248/248/245 249/249/246
f 269/269/260 270/270/261 271/271/262
f 272/272/263 270/270/261 269/269/260
f 270/270/261 272/272/263 273/273/264
f 272/272/263 274/274/265 273/273/264
f 274/274/265 275/275/79 273/273/264
f 274/274/265 276/276/266 275/275/79
f 276/276/266 277/277/63 275/275/79
f 277/277/63 276/276/266 278/278/64
f 276/276/266 279/279/267 278/278/64
f 279/279/267 276/276/266 280/280/268
f 281/281/269 279/279/267 280/280/268
f 282/282/226 281/281/269 280/280/268
f 283/283/270 282/282/226 280/280/268
f 282/282/226 283/283/270 284/284/216
f 283/283/270 285/285/271 284/284/216
f 285/285/271 283/283/270 286/286/272
f 287/287/273 285/285/271 286/286/272
f 288/288/274 287/287/273 286/286/272
f 289/289/275 290/290/276 280/280/268
f 286/286/272 283/283/270 291/291/277
f 283/283/270 280/280/268 291/291/277
f 280/280/268 290/290/276 291/291/277
f 290/290/276 292/292/278 291/291/277
f 269/269/260 292/292/278 290/290/276
f 289/289/275 269/269/260 290/290/276
f 289/289/275 272/272/263 269/269/260
f 272/272/263 289/289/275 280/280/268
f 274/274/265 272/272/263 280/280/268
f 276/276/266 274/274/265 280/280/268
f 293/293/279 294/294/280 295/295/281
f 294/294/280 288/288/274 295/295/281
f 296/296/282 297/297/283 298/298/284
f 296/296/282 298/298/284 299/299/285
f 298/298/284 300/300/286 299/299/285
f 300/300/286 301/301/287 299/299/285
f 301/301/287 300/300/286 292/292/278
f 292/292/278 300/300/286 302/302/288
f 292/292/278 302/302/288 291/291/277
f 291/291/277 302/302/288 303/303/289
f 303/303/289 286/286/272 291/291/277
f 286/286/272 303/303/289 304/304/290
f 304/304/290 288/288/274 286/286/272
f 288/288/274 304/304/290 305/305/291
f 295/295/281 288/288/274 305/305/291
f 295/295/281 305/305/291 306/306/292
f 293/293/279 295/295/281 306/306/292
f 307/307/293 293/293/279 306/306/292
f 293/293/279 307/307/293 294/294/280
f 307/307/293 308/308/294 294/294/280
f 300/300/286 309/309/295 302/302/288
f 306/306/292 305/305/291 310/310/296
f 310/310/296 305/305/291 304/304/290
f 311/311/297 310/310/296 304/304/290
f 303/303/289 311/311/297 304/304/290
f 311/311/297 303/303/289 312/312/298
f 302/302/288 312/312/298 303/303/289
f 312/312/298 302/302/288 313/313/299
f 302/302/288 309/309/295 313/313/299
f 313/313/299 309/309/295 314/314/300
f 314/314/300 309/309/295 300/300/286
f 298/298/284 314/314/300 300/300/286
f 310/310/296 311/311/297 315/315/301
f 315/315/301 311/311/297 312/312/298
f 315/315/301 312/312/298 313/313/299
f 287/287/273 288/288/274 316/316/302
f 288/288/274 294/294/280 316/316/302
f 316/316/302 294/294/280 317/317/303
f 294/294/280 308/308/294 317/317/303
f 308/308/294 318/318/304 317/317/303
f 318/318/304 308/308/294 307/307/293
f 319/319/305 318/318/304 307/307/293
f 319/319/305 307/307/293 306/306/292
f 320/320/306 319/319/305 306/306/292
f 320/320/306 306/306/292 310/310/296
f 310/310/296 321/321/307 320/320/306
f 321/321/307 310/310/296 315/315/301
f 321/321/307 315/315/301 322/322/308
f 322/322/308 315/315/301 313/313/299
f 322/322/308 313/313/299 323/323/309
f 323/323/309 313/313/299 314/314/300
f 314/314/300 297/297/283 323/323/309
f 297/297/283 314/314/300 298/298/284
f 324/324/310 325/325/311 326/326/312
f 324/324/310 326/326/312 327/327/313
f 325/325/311 324/324/310 327/327/313
f 322/322/308 325/325/311 327/327/313
f 325/325/311 322/322/308 323/323/309
f 328/328/314 325/325/311 323/323/309
f 325/325/311 328/328/314 326/326/312
f 326/326/312 328/328/314 329/329/315
f 330/330/316 326/326/312 329/329/315
f 326/326/312 330/330/316 327/327/313
f 327/327/313 330/330/316 331/331/317
f 321/321/307 327/327/313 331/331/317
f 327/327/313 321/321/307 322/322/308
f 321/321/307 331/331/317 320/320/306
f 297/297/283 332/332/318 323/323/309
f 332/332/318 328/328/314 323/323/309
f 333/333/319 334/334/320 329/329/315
f 334/334/320 330/330/316 329/329/315
f 319/319/305 320/320/306 318/318/304
f 320/320/306 331/331/317 318/318/304
f 335/335/321 318/318/304 331/331/317
f 330/330/316 335/335/321 331/331/317
f 335/335/321 330/330/316 336/336/322
f 330/330/316 334/334/320 336/336/322
f 336/336/322 334/334/320 337/337/323
f 334/334/320 333/333/319 337/337/323
f 333/333/319 338/338/324 337/337/323
f 338/338/324 333/333/319 329/329/315
f 338/338/324 329/329/315 339/339/325
f 328/328/314 339/339/325 329/329/315
f 339/339/325 328/328/314 340/340/326
f 328/328/314 332/332/318 340/340/326
f 341/341/327 340/340/326 332/332/318
f 297/297/283 341/341/327 332/332/318
f 341/341/327 297/297/283 342/342/328
f 297/297/283 296/296/282 342/342/328
f 338/338/324 343/343/329 337/337/323
f 344/344/330 337/337/323 343/343/329
f 337/337/323 344/344/330 336/336/322
f 344/344/330 345/345/331 336/336/322
f 336/336/322 345/345/331 335/335/321
f 346/346/332 339/339/325 340/340/326
f 346/346/332 338/338/324 339/339/325
f 346/346/332 347/347/333 338/338/324
f 347/347/333 343/343/329 338/338/324
f 348/348/334 343/343/329 347/347/333
f 348/348/334 344/344/330 343/343/329
f 344/344/330 348/348/334 349/349/335
f 344/344/330 349/349/335 345/345/331
f 349/349/335 350/350/336 345/345/331
f 345/345/331 350/350/336 351/351/337
f 345/345/331 351/351/337 335/335/321
f 351/351/337 352/352/338 335/335/321
f 352/352/338 318/318/304 335/335/321
f 318/318/304 352/352/338 317/317/303
f 269/269/260 301/301/287 292/292/278
f 353/353/339 348/348/334 354/354/340
f 354/354/340 348/348/334 347/347/333
f 354/354/340 347/347/333 355/355/341
f 347/347/333 346/346/332 355/355/341
f 346/346/332 356/356/342 355/355/341
f 356/356/342 346/346/332 340/340/326
f 357/357/343 356/356/342 340/340/326
f 341/341/327 357/357/343 340/340/326
f 358/358/344 357/357/343 341/341/327
f 342/342/328 358/358/344 341/341/327
f 358/358/344 342/342/328 359/359/345
f 342/342/328 296/296/282 359/359/345
f 296/296/282 360/360/346 359/359/345
f 360/360/346 296/296/282 299/299/285
f 360/360/346 299/299/285 361/361/347
f 299/299/285 301/301/287 361/361/347
f 301/301/287 271/271/262 361/361/347
f 301/301/287 269/269/260 271/271/262
f 355/355/341 356/356/342 357/357/343
f 357/357/343 358/358/344 362/362/348
f 362/362/348 355/355/341 357/357/343
f 355/355/341 362/362/348 363/363/349
f 363/363/349 354/354/340 355/355/341
f 363/363/349 353/353/339 354/354/340
f 364/364/350 353/353/339 363/363/349
f 365/365/351 364/364/350 363/363/349
f 366/366/352 364/364/350 365/365/351
f 367/367/353 366/366/352 365/365/351
f 367/367/353 365/365/351 362/362/348
f 362/362/348 365/365/351 363/363/349
f 361/361/347 271/271/262 368/368/354
f 271/271/262 369/369/355 368/368/354
f 369/369/355 271/271/262 270/270/261
f 273/273/264 369/369/355 270/270/261
f 370/370/77 369/369/355 273/273/264
f 371/371/78 370/370/77 273/273/264
f 275/275/79 371/371/78 273/273/264
f 369/369/355 370/370/77 368/368/354
f 370/370/77 372/372/76 368/368/354
f 368/368/354 372/372/76 373/373/75
f 374/374/356 358/358/344 359/359/345
f 374/374/356 359/359/345 375/375/357
f 376/376/358 367/367/353 362/362/348
f 358/358/344 376/376/358 362/362/348
f 376/376/358 358/358/344 377/377/359
f 358/358/344 374/374/356 377/377/359
f 377/377/359 374/374/356 378/378/360
f 374/374/356 375/375/357 378/378/360
f 379/379/361 378/378/360 375/375/357
f 380/380/362 379/379/361 375/375/357
f 380/380/362 375/375/357 381/381/363
f 359/359/345 381/381/363 375/375/357
f 381/381/363 359/359/345 382/382/364
f 359/359/345 360/360/346 382/382/364
f 382/382/364 360/360/346 361/361/347
f 382/382/364 361/361/347 368/368/354
f 383/383/365 382/382/364 368/368/354
f 383/383/365 368/368/354 373/373/75
f 384/384/366 383/383/365 373/373/75
f 385/385/93 384/384/366 373/373/75
f 383/383/365 384/384/366 382/382/364
f 384/384/366 381/381/363 382/382/364
f 384/384/366 380/380/362 381/381/363
f 367/367/353 376/376/358 377/377/359
f 384/384/366 385/385/93 386/386/91
f 380/380/362 384/384/366 386/386/91
f 380/380/362 386/386/91 387/387/89
f 379/379/361 380/380/362 387/387/89
f 379/379/361 387/387/89 388/388/86
f 389/389/367 379/379/361 388/388/86
f 379/379/361 389/389/367 378/378/360
f 389/389/367 390/390/368 378/378/360
f 377/377/359 378/378/360 390/390/368
f 391/391/369 377/377/359 390/390/368
f 391/391/369 367/367/353 377/377/359
f 367/367/353 391/391/369 392/392/370
f 366/366/352 367/367/353 392/392/370
f 392/392/370 393/393/371 366/366/352
f 393/393/371 364/364/350 366/366/352
f 364/364/350 393/393/371 349/349/335
f 353/353/339 364/364/350 349/349/335
f 348/348/334 353/353/339 349/349/335
f 349/349/335 393/393/371 350/350/336
f 389/389/367 388/388/86 394/394/88
f 395/395/372 389/389/367 394/394/88
f 389/389/367 395/395/372 390/390/368
f 395/395/372 396/396/373 390/390/368
f 391/391/369 390/390/368 396/396/373
f 392/392/370 391/391/369 396/396/373
f 392/392/370 396/396/373 397/397/374
f 393/393/371 392/392/370 397/397/374
f 393/393/371 397/397/374 350/350/336
f 398/398/375 350/350/336 397/397/374
f 350/350/336 398/398/375 351/351/337
f 398/398/375 399/399/376 351/351/337
f 399/399/376 352/352/338 351/351/337
f 399/399/376 400/400/377 352/352/338
f 400/400/377 317/317/303 352/352/338
f 400/400/377 401/401/378 317/317/303
f 401/401/378 316/316/302 317/317/303
f 316/316/302 401/401/378 285/285/271
f 287/287/273 316/316/302 285/285/271
f 402/402/379 399/399/376 398/398/375
f 402/402/379 403/403/380 399/399/376
f 403/403/380 400/400/377 399/399/376
f 401/401/378 400/400/377 403/403/380
f 285/285/271 401/401/378 403/403/380
f 395/395/372 394/394/88 404/404/100
f 405/405/381 395/395/372 404/404/100
f 395/395/372 405/405/381 396/396/373
f 405/405/381 397/397/374 396/396/373
f 405/405/381 398/398/375 397/397/374
f 406/406/98 398/398/375 405/405/381
f 406/406/98 402/402/379 398/398/375
f 406/406/98 407/407/97 402/402/379
f 407/407/97 408/408/382 402/402/379
f 402/402/379 408/408/382 403/403/380
f 408/408/382 409/409/383 403/403/380
f 285/285/271 403/403/380 409/409/383
f 284/284/216 285/285/271 409/409/383
f 404/404/100 406/406/98 405/405/381
f 410/410/384 411/411/385 412/412/386
f 412/412/386 413/413/387 414/414/388
f 411/411/385 413/413/387 412/412/386
f 413/413/387 411/411/385 415/415/389
f 411/411/385 410/410/384 415/415/389
f 410/410/384 416/416/390 415/415/389
f 410/410/384 417/417/391 416/416/390
f 417/417/391 410/410/384 412/412/386
f 418/418/392 417/417/391 412/412/386
f 419/419/393 418/418/392 412/412/386
f 419/419/393 420/420/394 418/418/392
f 420/420/394 419/419/393 421/421/395
f 422/422/396 420/420/394 421/421/395
f 423/423/397 422/422/396 421/421/395
f 424/424/398 422/422/396 423/423/397
f 425/425/399 424/424/398 423/423/397
f 424/424/398 425/425/399 426/426/400
f 425/425/399 427/427/401 426/426/400
f 428/428/402 426/426/400 427/427/401
f 429/429/403 430/430/404 431/431/405
f 430/430/404 432/432/406 431/431/405
f 430/430/404 433/433/407 432/432/406
f 433/433/407 434/434/408 432/432/406
f 428/428/402 434/434/408 433/433/407
f 426/426/400 428/428/402 433/433/407
f 433/433/407 430/430/404 426/426/400
f 431/431/405 432/432/406 435/435/409
f 430/430/404 424/424/398 426/426/400
f 424/424/398 430/430/404 429/429/403
f 422/422/396 424/424/398 429/429/403
f 420/420/394 422/422/396 429/429/403
f 436/436/410 420/420/394 429/429/403
f 420/420/394 436/436/410 418/418/392
f 418/418/392 436/436/410 429/429/403
f 417/417/391 418/418/392 429/429/403
f 417/417/391 429/429/403 431/431/405
f 417/417/391 431/431/405 437/437/411
f 431/431/405 435/435/409 437/437/411
f 437/437/411 435/435/409 438/438/412
f 432/432/406 438/438/412 435/435/409
f 438/438/412 432/432/406 439/439/413
f 432/432/406 434/434/408 439/439/413
f 440/440/414 439/439/413 434/434/408
f 428/428/402 440/440/414 434/434/408
f 440/440/414 428/428/402 441/441/415
f 442/442/416 440/440/414 443/443/417
f 440/440/414 441/441/415 443/443/417
f 441/441/415 444/444/418 443/443/417
f 444/444/418 445/445/419 443/443/417
f 443/443/417 445/445/419 446/446/420
f 446/446/420 437/437/411 443/443/417
f 437/437/411 442/442/416 443/443/417
f 442/442/416 437/437/411 438/438/412
f 442/442/416 438/438/412 440/440/414
f 438/438/412 439/439/413 440/440/414
f 437/437/411 446/446/420 447/447/421
f 447/447/421 417/417/391 437/437/411
f 417/417/391 447/447/421 416/416/390
f 448/448/422 428/428/402 427/427/401
f 428/428/402 448/448/422 441/441/415
f 441/441/415 448/448/422 449/449/423
f 444/444/418 441/441/415 449/449/423
f 444/444/418 449/449/423 450/450/424
f 445/445/419 444/444/418 450/450/424
f 445/445/419 450/450/424 451/451/425
f 445/445/419 451/451/425 446/446/420
f 446/446/420 451/451/425 452/452/426
f 446/446/420 452/452/426 447/447/421
f 452/452/426 173/173/173 447/447/421
f 173/173/173 416/416/390 447/447/421
f 173/173/173 172/172/172 416/416/390
f 172/172/172 415/415/389 416/416/390
f 415/415/389 172/172/172 171/171/171
f 171/171/171 413/413/387 415/415/389
f 171/171/171 160/160/160 413/413/387
f 160/160/160 159/159/159 413/413/387
f 453/453/427 454/454/428 455/455/429
f 454/454/428 456/456/430 455/455/429
f 456/456/430 457/457/431 455/455/429
f 457/457/431 456/456/430 458/458/432
f 449/449/423 457/457/431 458/458/432
f 449/449/423 458/458/432 459/459/433
f 450/450/424 449/449/423 459/459/433
f 459/459/433 460/460/434 450/450/424
f 460/460/434 461/461/435 450/450/424
f 174/174/174 173/173/173 452/452/426
f 462/462/436 174/174/174 452/452/426
f 451/451/425 462/462/436 452/452/426
f 451/451/425 461/461/435 462/462/436
f 450/450/424 461/461/435 451/451/425
f 463/463/124 464/464/437 465/465/438
f 464/464/437 466/466/439 465/465/438
f 465/465/438 466/466/439 467/467/440
f 466/466/439 468/468/441 467/467/440
f 467/467/440 468/468/441 469/469/442
f 468/468/441 470/470/443 469/469/442
f 469/469/442 470/470/443 471/471/136
f 470/470/443 472/472/444 471/471/136
f 473/473/137 471/471/136 472/472/444
f 174/174/174 462/462/436 175/175/175
f 460/460/434 474/474/139 461/461/435
f 474/474/139 473/473/137 461/461/435
f 461/461/435 473/473/137 462/462/436
f 462/462/436 473/473/137 472/472/444
f 462/462/436 472/472/444 175/175/175
f 175/175/175 472/472/444 176/176/176
f 472/472/444 470/470/443 176/176/176
f 176/176/176 470/470/443 178/178/178
f 470/470/443 468/468/441 178/178/178
f 178/178/178 468/468/441 179/179/179
f 468/468/441 466/466/439 179/179/179
f 179/179/179 466/466/439 475/475/445
f 466/466/439 464/464/437 475/475/445
f 475/475/445 464/464/437 476/476/446
f 464/464/437 477/477/447 476/476/446
f 477/477/447 464/464/437 463/463/124
f 478/478/448 477/477/447 463/463/124
f 477/477/447 478/478/448 479/479/449
f 475/475/445 154/154/154 179/179/179
f 155/155/155 154/154/154 475/475/445
f 476/476/446 155/155/155 475/475/445
f 155/155/155 476/476/446 480/480/450
f 476/476/446 477/477/447 480/480/450
f 477/477/447 481/481/451 480/480/450
f 481/481/451 477/477/447 479/479/449
f 482/482/452 481/481/451 479/479/449
f 483/483/453 482/482/452 479/479/449
f 483/483/453 484/484/121 482/482/452
f 484/484/121 485/485/454 482/482/452
f 486/486/455 485/485/454 484/484/121
f 487/487/122 486/486/455 484/484/121
f 488/488/456 486/486/455 487/487/122
f 489/489/457 488/488/456 487/487/122
f 488/488/456 489/489/457 490/490/458
f 453/453/427 488/488/456 490/490/458
f 488/488/456 453/453/427 455/455/429
f 413/413/387 159/159/159 414/414/388
f 414/414/388 159/159/159 158/158/158
f 480/480/450 481/481/451 482/482/452
f 486/486/455 488/488/456 455/455/429
f 491/491/459 486/486/455 455/455/429
f 485/485/454 486/486/455 491/491/459
f 492/492/460 485/485/454 491/491/459
f 485/485/454 492/492/460 482/482/452
f 492/492/460 493/493/461 482/482/452
f 493/493/461 480/480/450 482/482/452
f 494/494/462 480/480/450 493/493/461
f 494/494/462 155/155/155 480/480/450
f 494/494/462 495/495/463 155/155/155
f 495/495/463 156/156/156 155/155/155
f 495/495/463 496/496/464 156/156/156
f 496/496/464 157/157/157 156/156/156
f 157/157/157 496/496/464 497/497/465
f 158/158/158 157/157/157 497/497/465
f 497/497/465 419/419/393 158/158/158
f 419/419/393 414/414/388 158/158/158
f 414/414/388 419/419/393 412/412/386
f 449/449/423 448/448/422 427/427/401
f 457/457/431 449/449/423 427/427/401
f 455/455/429 457/457/431 498/498/466
f 457/457/431 427/427/401 498/498/466
f 427/427/401 425/425/399 498/498/466
f 498/498/466 425/425/399 499/499/467
f 425/425/399 423/423/397 499/499/467
f 496/496/464 495/495/463 500/500/468
f 500/500/468 495/495/463 501/501/469
f 495/495/463 494/494/462 501/501/469
f 501/501/469 494/494/462 493/493/461
f 423/423/397 421/421/395 502/502/470
f 499/499/467 423/423/397 502/502/470
f 499/499/467 502/502/470 503/503/471
f 499/499/467 503/503/471 498/498/466
f 503/503/471 504/504/472 498/498/466
f 504/504/472 455/455/429 498/498/466
f 504/504/472 505/505/473 455/455/429
f 505/505/473 491/491/459 455/455/429
f 491/491/459 505/505/473 506/506/474
f 492/492/460 491/491/459 506/506/474
f 492/492/460 506/506/474 493/493/461
f 506/506/474 501/501/469 493/493/461
f 506/506/474 503/503/471 501/501/469
f 503/503/471 500/500/468 501/501/469
f 502/502/470 500/500/468 503/503/471
f 502/502/470 496/496/464 500/500/468
f 496/496/464 502/502/470 421/421/395
f 497/497/465 496/496/464 421/421/395
f 419/419/393 497/497/465 421/421/395
f 506/506/474 505/505/473 503/503/471
f 505/505/473 504/504/472 503/503/471
f 507/507/50 508/508/49 509/509/475
f 510/510/476 511/511/477 512/512/478
f 510/510/476 513/513/479 511/511/477
f 513/513/479 514/514/480 511/511/477
f 513/513/479 515/515/481 514/514/480
f 515/515/481 516/516/482 514/514/480
f 515/515/481 517/517/483 516/516/482
f 517/517/483 518/518/54 516/516/482
f 517/517/483 519/519/484 518/518/54
f 519/519/484 520/520/53 518/518/54
f 520/520/53 519/519/484 521/521/485
f 508/508/49 520/520/53 521/521/485
f 508/508/49 521/521/485 509/509/475
f 521/521/485 522/522/486 509/509/475
f 522/522/486 523/523/487 509/509/475
f 522/522/486 524/524/488 523/523/487
f 524/524/488 525/525/489 523/523/487
f 524/524/488 526/526/490 525/525/489
f 526/526/490 527/527/491 525/525/489
f 511/511/477 528/528/58 512/512/478
f 529/529/492 512/512/478 528/528/58
f 530/530/59 529/529/492 528/528/58
f 529/529/492 530/530/59 531/531/493
f 530/530/59 532/532/60 531/531/493
f 533/533/494 531/531/493 532/532/60
f 534/534/495 533/533/494 532/532/60
f 534/534/495 535/535/62 533/533/494
f 199/199/199 198/198/198 536/536/496
f 537/537/497 199/199/199 536/536/496
f 537/537/497 536/536/496 538/538/498
f 536/536/496 539/539/499 538/538/498
f 539/539/499 540/540/500 538/538/498
f 540/540/500 539/539/499 541/541/501
f 542/542/502 540/540/500 541/541/501
f 542/542/502 541/541/501 543/543/503
f 544/544/504 542/542/502 543/543/503
f 535/535/62 544/544/504 543/543/503
f 545/545/505 535/535/62 543/543/503
f 535/535/62 545/545/505 533/533/494
f 533/533/494 545/545/505 546/546/506
f 533/533/494 546/546/506 531/531/493
f 546/546/506 547/547/507 531/531/493
f 529/529/492 531/531/493 547/547/507
f 548/548/508 529/529/492 547/547/507
f 529/529/492 548/548/508 512/512/478
f 536/536/496 549/549/509 539/539/499
f 550/550/510 549/549/509 536/536/496
f 198/198/198 550/550/510 536/536/496
f 196/196/196 550/550/510 198/198/198
f 550/550/510 196/196/196 551/551/511
f 196/196/196 193/193/193 551/551/511
f 551/551/511 193/193/193 552/552/512
f 552/552/512 553/553/513 551/551/511
f 553/553/513 554/554/514 551/551/511
f 554/554/514 549/549/509 551/551/511
f 549/549/509 550/550/510 551/551/511
f 193/193/193 190/190/190 552/552/512
f 552/552/512 190/190/190 188/188/188
f 552/552/512 188/188/188 555/555/515
f 553/553/513 552/552/512 555/555/515
f 553/553/513 555/555/515 556/556/516
f 553/553/513 556/556/516 554/554/514
f 556/556/516 557/557/517 554/554/514
f 554/554/514 557/557/517 549/549/509
f 557/557/517 558/558/518 549/549/509
f 549/549/509 558/558/518 539/539/499
f 539/539/499 558/558/518 559/559/519
f 541/541/501 539/539/499 559/559/519
f 541/541/501 559/559/519 560/560/520
f 543/543/503 541/541/501 560/560/520
f 545/545/505 543/543/503 560/560/520
f 561/561/521 545/545/505 560/560/520
f 561/561/521 560/560/520 562/562/522
f 563/563/523 561/561/521 562/562/522
f 557/557/517 556/556/516 564/564/524
f 557/557/517 564/564/524 558/558/518
f 564/564/524 559/559/519 558/558/518
f 186/186/186 555/555/515 188/188/188
f 555/555/515 186/186/186 565/565/525
f 555/555/515 565/565/525 556/556/516
f 566/566/526 556/556/516 565/565/525
f 556/556/516 566/566/526 564/564/524
f 562/562/522 564/564/524 566/566/526
f 559/559/519 564/564/524 562/562/522
f 560/560/520 559/559/519 562/562/522
f 567/567/527 180/180/180 268/268/259
f 567/567/527 568/568/528 180/180/180
f 568/568/528 181/181/181 180/180/180
f 568/568/528 565/565/525 181/181/181
f 565/565/525 184/184/184 181/181/181
f 186/186/186 184/184/184 565/565/525
f 545/545/505 561/561/521 546/546/506
f 546/546/506 561/561/521 569/569/529
f 561/561/521 563/563/523 569/569/529
f 563/563/523 570/570/530 569/569/529
f 570/570/530 571/571/531 569/569/529
f 571/571/531 570/570/530 572/572/532
f 573/573/533 571/571/531 572/572/532
f 574/574/534 573/573/533 572/572/532
f 569/569/529 571/571/531 575/575/535
f 546/546/506 569/569/529 575/575/535
f 547/547/507 546/546/506 575/575/535
f 567/567/527 576/576/536 568/568/528
f 576/576/536 566/566/526 568/568/528
f 568/568/528 566/566/526 565/565/525
f 576/576/536 562/562/522 566/566/526
f 548/548/508 547/547/507 575/575/535
f 563/563/523 562/562/522 576/576/536
f 570/570/530 563/563/523 576/576/536
f 570/570/530 576/576/536 567/567/527
f 572/572/532 570/570/530 567/567/527
f 572/572/532 567/567/527 268/268/259
f 268/268/259 574/574/534 572/572/532
f 266/266/257 574/574/534 268/268/259
f 574/574/534 266/266/257 577/577/537
f 573/573/533 574/574/534 577/577/537
f 578/578/538 573/573/533 577/577/537
f 571/571/531 573/573/533 578/578/538
f 579/579/539 571/571/531 578/578/538
f 571/571/531 579/579/539 575/575/535
f 580/580/540 575/575/535 579/579/539
f 580/580/540 548/548/508 575/575/535
f 548/548/508 580/580/540 581/581/541
f 548/548/508 581/581/541 512/512/478
f 510/510/476 512/512/478 581/581/541
f 582/582/542 580/580/540 579/579/539
f 582/582/542 579/579/539 578/578/538
f 264/264/255 583/583/543 584/584/544
f 266/266/257 264/264/255 584/584/544
f 266/266/257 584/584/544 577/577/537
f 585/585/545 577/577/537 584/584/544
f 577/577/537 585/585/545 578/578/538
f 585/585/545 586/586/546 578/578/538
f 586/586/546 582/582/542 578/578/538
f 211/211/211 582/582/542 586/586/546
f 582/582/542 211/211/211 580/580/540
f 211/211/211 210/210/210 580/580/540
f 580/580/540 210/210/210 581/581/541
f 581/581/541 210/210/210 209/209/209
f 209/209/209 510/510/476 581/581/541
f 510/510/476 209/209/209 513/513/479
f 209/209/209 207/207/207 513/513/479
f 513/513/479 207/207/207 515/515/481
f 207/207/207 203/203/203 515/515/481
f 515/515/481 203/203/203 517/517/483
f 587/587/547 588/588/548 589/589/549
f 590/590/550 589/589/549 591/591/551
f 589/589/549 592/592/552 591/591/551
f 589/589/549 588/588/548 592/592/552
f 588/588/548 593/593/553 592/592/552
f 588/588/548 594/594/554 593/593/553
f 595/595/555 594/594/554 588/588/548
f 587/587/547 595/595/555 588/588/548
f 595/595/555 587/587/547 583/583/543
f 587/587/547 584/584/544 583/583/543
f 587/587/547 585/585/545 584/584/544
f 585/585/545 587/587/547 589/589/549
f 585/585/545 589/589/549 586/586/546
f 589/589/549 590/590/550 586/586/546
f 590/590/550 211/211/211 586/586/546
f 212/212/212 211/211/211 590/590/550
f 591/591/551 212/212/212 590/590/550
f 213/213/213 212/212/212 591/591/551
f 264/264/255 263/263/254 261/261/253
f 205/205/205 596/596/556 597/597/557
f 204/204/204 596/596/556 205/205/205
f 596/596/556 204/204/204 598/598/558
f 598/598/558 204/204/204 213/213/213
f 598/598/558 213/213/213 599/599/559
f 599/599/559 213/213/213 591/591/551
f 599/599/559 591/591/551 600/600/560
f 591/591/551 592/592/552 600/600/560
f 601/601/561 600/600/560 592/592/552
f 593/593/553 601/601/561 592/592/552
f 593/593/553 602/602/562 601/601/561
f 594/594/554 602/602/562 593/593/553
f 602/602/562 594/594/554 257/257/251
f 594/594/554 595/595/555 257/257/251
f 595/595/555 259/259/252 257/257/251
f 595/595/555 583/583/543 259/259/252
f 583/583/543 261/261/253 259/259/252
f 583/583/543 264/264/255 261/261/253
f 603/603/563 596/596/556 598/598/558
f 604/604/564 603/603/563 605/605/565
f 603/603/563 598/598/558 605/605/565
f 605/605/565 598/598/558 599/599/559
f 602/602/562 606/606/566 601/601/561
f 256/256/250 602/602/562 257/257/251
f 602/602/562 256/256/250 607/607/567
f 606/606/566 602/602/562 607/607/567
f 606/606/566 607/607/567 608/608/568
f 601/601/561 606/606/566 608/608/568
f 609/609/569 601/601/561 608/608/568
f 600/600/560 601/601/561 609/609/569
f 610/610/570 600/600/560 609/609/569
f 600/600/560 610/610/570 599/599/559
f 610/610/570 605/605/565 599/599/559
f 610/610/570 611/611/571 605/605/565
f 611/611/571 604/604/564 605/605/565
f 611/611/571 612/612/572 604/604/564
f 612/612/572 613/613/573 604/604/564
f 603/603/563 604/604/564 613/613/573
f 614/614/574 603/603/563 613/613/573
f 614/614/574 615/615/575 603/603/563
f 615/615/575 596/596/556 603/603/563
f 596/596/556 615/615/575 597/597/557
f 521/521/485 519/519/484 522/522/486
f 203/203/203 205/205/205 517/517/483
f 517/517/483 205/205/205 519/519/484
f 205/205/205 597/597/557 519/519/484
f 519/519/484 597/597/557 522/522/486
f 522/522/486 597/597/557 615/615/575
f 524/524/488 522/522/486 615/615/575
f 615/615/575 614/614/574 524/524/488
f 614/614/574 526/526/490 524/524/488
f 526/526/490 614/614/574 616/616/576
f 614/614/574 613/613/573 616/616/576
f 617/617/577 616/616/576 613/613/573
f 612/612/572 617/617/577 613/613/573
f 618/618/578 617/617/577 612/612/572
f 619/619/579 618/618/578 612/612/572
f 619/619/579 612/612/572 611/611/571
f 620/620/580 619/619/579 611/611/571
f 620/620/580 611/611/571 610/610/570
f 609/609/569 620/620/580 610/610/570
f 621/621/581 619/619/579 620/620/580
f 622/622/582 621/621/581 620/620/580
f 622/622/582 620/620/580 609/609/569
f 608/608/568 622/622/582 609/609/569
f 623/623/583 618/618/578 619/619/579
f 621/621/581 623/623/583 619/619/579
f 621/621/581 624/624/584 623/623/583
f 624/624/584 621/621/581 622/622/582
f 625/625/585 624/624/584 622/622/582
f 626/626/586 625/625/585 622/622/582
f 608/608/568 626/626/586 622/622/582
f 607/607/567 626/626/586 608/608/568
f 527/527/491 526/526/490 616/616/576
f 627/627/587 527/527/491 616/616/576
f 616/616/576 617/617/577 627/627/587
f 617/617/577 628/628/588 627/627/587
f 629/629/589 628/628/588 617/617/577
f 618/618/578 629/629/589 617/617/577
f 630/630/590 629/629/589 618/618/578
f 623/623/583 630/630/590 618/618/578
f 630/630/590 623/623/583 631/631/591
f 624/624/584 631/631/591 623/623/583
f 624/624/584 632/632/592 631/631/591
f 624/624/584 625/625/585 632/632/592
f 625/625/585 633/633/593 632/632/592
f 633/633/593 625/625/585 626/626/586
f 634/634/594 633/633/593 626/626/586
f 626/626/586 607/607/567 634/634/594
f 607/607/567 255/255/249 634/634/594
f 255/255/249 607/607/567 256/256/250
f 635/635/595 630/630/590 631/631/591
f 635/635/595 631/631/591 636/636/596
f 631/631/591 637/637/597 636/636/596
f 632/632/592 637/637/597 631/631/591
f 637/637/597 632/632/592 638/638/598
f 632/632/592 639/639/599 638/638/598
f 639/639/599 640/640/600 638/638/598
f 640/640/600 641/641/601 638/638/598
f 640/640/600 642/642/602 641/641/601
f 642/642/602 643/643/603 641/641/601
f 636/636/596 637/637/597 644/644/604
f 637/637/597 638/638/598 644/644/604
f 638/638/598 641/641/601 644/644/604
f 641/641/601 645/645/605 644/644/604
f 641/641/601 643/643/603 645/645/605
f 643/643/603 646/646/606 645/645/605
f 647/647/607 646/646/606 643/643/603
f 648/648/608 649/649/609 650/650/610
f 648/648/608 650/650/610 651/651/611
f 650/650/610 652/652/612 651/651/611
f 651/651/611 652/652/612 653/653/613
f 652/652/612 654/654/614 653/653/613
f 654/654/614 655/655/615 653/653/613
f 655/655/615 656/656/616 653/653/613
f 657/657/617 643/643/603 642/642/602
f 657/657/617 647/647/607 643/643/603
f 657/657/617 658/658/618 647/647/607
f 658/658/618 659/659/619 647/647/607
f 659/659/619 658/658/618 649/649/609
f 658/658/618 660/660/620 649/649/609
f 649/649/609 660/660/620 650/650/610
f 650/650/610 660/660/620 661/661/621
f 650/650/610 661/661/621 652/652/612
f 661/661/621 662/662/622 652/652/612
f 652/652/612 662/662/622 654/654/614
f 662/662/622 663/663/623 654/654/614
f 663/663/623 664/664/624 654/654/614
f 664/664/624 655/655/615 654/654/614
f 655/655/615 664/664/624 665/665/625
f 655/655/615 665/665/625 656/656/616
f 665/665/625 666/666/626 656/656/616
f 667/667/627 666/666/626 665/665/625
f 668/668/628 669/669/629 670/670/630
f 669/669/629 39/39/39 670/670/630
f 670/670/630 39/39/39 51/51/51
f 39/39/39 52/52/52 51/51/51
f 38/38/38 52/52/52 39/39/39
f 671/671/631 672/672/632 668/668/628
f 672/672/632 669/669/629 668/668/628
f 672/672/632 673/673/633 669/669/629
f 673/673/633 27/27/27 669/669/629
f 39/39/39 669/669/629 27/27/27
f 28/28/28 39/39/39 27/27/27
f 674/674/634 675/675/635 676/676/636
f 675/675/635 677/677/637 676/676/636
f 678/678/638 676/676/636 677/677/637
f 679/679/639 678/678/638 677/677/637
f 678/678/638 679/679/639 664/664/624
f 679/679/639 680/680/640 664/664/624
f 664/664/624 680/680/640 665/665/625
f 665/665/625 680/680/640 681/681/641
f 681/681/641 667/667/627 665/665/625
f 667/667/627 681/681/641 682/682/642
f 683/683/643 667/667/627 682/682/642
f 683/683/643 682/682/642 684/684/644
f 685/685/645 683/683/643 684/684/644
f 685/685/645 684/684/644 686/686/646
f 684/684/644 687/687/647 686/686/646
f 671/671/631 686/686/646 687/687/647
f 672/672/632 671/671/631 687/687/647
f 673/673/633 672/672/632 687/687/647
f 688/688/648 689/689/649 675/675/635
f 675/675/635 689/689/649 690/690/650
f 677/677/637 675/675/635 690/690/650
f 677/677/637 690/690/650 691/691/651
f 679/679/639 677/677/637 691/691/651
f 680/680/640 679/679/639 691/691/651
f 692/692/652 680/680/640 691/691/651
f 680/680/640 692/692/652 681/681/641
f 681/681/641 692/692/652 693/693/653
f 682/682/642 681/681/641 693/693/653
f 682/682/642 693/693/653 694/694/654
f 684/684/644 682/682/642 694/694/654
f 684/684/644 694/694/654 3/3/3
f 687/687/647 684/684/644 3/3/3
f 3/3/3 673/673/633 687/687/647
f 2/2/2 673/673/633 3/3/3
f 27/27/27 673/673/633 2/2/2
f 26/26/26 27/27/27 2/2/2
f 689/689/649 695/695/655 690/690/650
f 695/695/655 696/696/656 690/690/650
f 691/691/651 690/690/650 696/696/656
f 697/697/657 691/691/651 696/696/656
f 692/692/652 691/691/651 697/697/657
f 693/693/653 692/692/652 697/697/657
f 693/693/653 697/697/657 698/698/658
f 694/694/654 693/693/653 698/698/658
f 694/694/654 698/698/658 1/1/1
f 3/3/3 694/694/654 1/1/1
f 8/8/8 6/6/6 699/699/659
f 700/700/660 699/699/659 6/6/6
f 4/4/4 700/700/660 6/6/6
f 701/701/661 16/16/16 14/14/14
f 1/1/1 698/698/658 4/4/4
f 698/698/658 700/700/660 4/4/4
f 698/698/658 697/697/657 700/700/660
f 697/697/657 696/696/656 700/700/660
f 699/699/659 700/700/660 696/696/656
f 695/695/655 699/699/659 696/696/656
f 699/699/659 695/695/655 702/702/662
f 702/702/662 8/8/8 699/699/659
f 702/702/662 703/703/663 8/8/8
f 703/703/663 10/10/10 8/8/8
f 10/10/10 703/703/663 12/12/12
f 703/703/663 704/704/664 12/12/12
f 12/12/12 704/704/664 14/14/14
f 704/704/664 705/705/665 14/14/14
f 701/701/661 14/14/14 705/705/665
f 706/706/666 701/701/661 705/705/665
f 701/701/661 706/706/666 707/707/667
f 16/16/16 701/701/661 707/707/667
f 19/19/19 16/16/16 707/707/667
f 708/708/668 20/20/20 709/709/669
f 20/20/20 19/19/19 709/709/669
f 709/709/669 19/19/19 710/710/670
f 19/19/19 707/707/667 710/710/670
f 710/710/670 707/707/667 711/711/671
f 706/706/666 711/711/671 707/707/667
f 706/706/666 712/712/672 711/711/671
f 712/712/672 706/706/666 705/705/665
f 713/713/673 712/712/672 705/705/665
f 705/705/665 704/704/664 713/713/673
f 704/704/664 714/714/674 713/713/673
f 714/714/674 704/704/664 703/703/663
f 715/715/675 714/714/674 703/703/663
f 715/715/675 703/703/663 702/702/662
f 716/716/676 715/715/675 702/702/662
f 695/695/655 716/716/676 702/702/662
f 688/688/648 716/716/676 695/695/655
f 689/689/649 688/688/648 695/695/655
f 717/717/677 688/688/648 675/675/635
f 688/688/648 717/717/677 718/718/678
f 719/719/679 712/712/672 713/713/673
f 720/720/680 719/719/679 713/713/673
f 713/713/673 714/714/674 720/720/680
f 714/714/674 721/721/681 720/720/680
f 721/721/681 714/714/674 715/715/675
f 722/722/682 721/721/681 715/715/675
f 722/722/682 715/715/675 716/716/676
f 688/688/648 722/722/682 716/716/676
f 722/722/682 688/688/648 718/718/678
f 721/721/681 722/722/682 718/718/678
f 723/723/683 721/721/681 718/718/678
f 720/720/680 721/721/681 723/723/683
f 724/724/684 720/720/680 723/723/683
f 719/719/679 720/720/680 724/724/684
f 725/725/685 719/719/679 724/724/684
f 674/674/634 676/676/636 726/726/686
f 727/727/687 674/674/634 726/726/686
f 674/674/634 727/727/687 728/728/688
f 727/727/687 729/729/689 728/728/688
f 730/730/690 731/731/691 711/711/671
f 732/732/692 730/730/690 711/711/671
f 712/712/672 732/732/692 711/711/671
f 732/732/692 712/712/672 733/733/693
f 712/712/672 719/719/679 733/733/693
f 734/734/694 733/733/693 719/719/679
f 725/725/685 734/734/694 719/719/679
f 734/734/694 725/725/685 735/735/145
f 735/735/145 725/725/685 724/724/684
f 736/736/130 735/735/145 724/724/684
f 737/737/123 736/736/130 724/724/684
f 723/723/683 737/737/123 724/724/684
f 737/737/123 723/723/683 738/738/107
f 723/723/683 718/718/678 738/738/107
f 738/738/107 718/718/678 728/728/688
f 718/718/678 717/717/677 728/728/688
f 674/674/634 728/728/688 717/717/677
f 675/675/635 674/674/634 717/717/677
f 739/739/695 734/734/694 735/735/145
f 740/740/696 741/741/697 742/742/140
f 741/741/697 743/743/141 742/742/140
f 744/744/698 743/743/141 741/741/697
f 745/745/699 744/744/698 741/741/697
f 744/744/698 745/745/699 739/739/695
f 745/745/699 734/734/694 739/739/695
f 734/734/694 745/745/699 746/746/700
f 733/733/693 734/734/694 746/746/700
f 732/732/692 733/733/693 746/746/700
f 730/730/690 732/732/692 746/746/700
f 730/730/690 746/746/700 747/747/701
f 748/748/702 730/730/690 747/747/701
f 748/748/702 747/747/701 749/749/703
f 750/750/704 748/748/702 749/749/703
f 750/750/704 749/749/703 751/751/705
f 752/752/706 750/750/704 751/751/705
f 751/751/705 753/753/707 752/752/706
f 753/753/707 754/754/708 752/752/706
f 751/751/705 749/749/703 740/740/696
f 740/740/696 749/749/703 741/741/697
f 749/749/703 747/747/701 741/741/697
f 745/745/699 741/741/697 747/747/701
f 746/746/700 745/745/699 747/747/701
f 742/742/140 755/755/139 756/756/709
f 756/756/709 755/755/139 757/757/710
f 755/755/139 758/758/434 757/757/710
f 757/757/710 758/758/434 759/759/433
f 760/760/711 757/757/710 759/759/433
f 760/760/711 759/759/433 761/761/432
f 762/762/712 760/760/711 761/761/432
f 763/763/713 762/762/712 761/761/432
f 764/764/714 763/763/713 761/761/432
f 757/757/710 760/760/711 765/765/715
f 766/766/716 767/767/717 768/768/718
f 769/769/719 766/766/716 768/768/718
f 769/769/719 770/770/720 766/766/716
f 770/770/720 765/765/715 766/766/716
f 765/765/715 770/770/720 757/757/710
f 770/770/720 753/753/707 757/757/710
f 757/757/710 753/753/707 756/756/709
f 753/753/707 751/751/705 756/756/709
f 756/756/709 751/751/705 740/740/696
f 740/740/696 742/742/140 756/756/709
f 753/753/707 770/770/720 754/754/708
f 770/770/720 771/771/721 754/754/708
f 771/771/721 770/770/720 769/769/719
f 772/772/722 773/773/723 774/774/724
f 774/774/724 773/773/723 775/775/725
f 773/773/723 776/776/726 775/775/725
f 775/775/725 776/776/726 777/777/727
f 776/776/726 778/778/728 777/777/727
f 778/778/728 776/776/726 779/779/729
f 780/780/730 778/778/728 779/779/729
f 781/781/731 780/780/730 779/779/729
f 780/780/730 781/781/731 782/782/732
f 781/781/731 783/783/733 782/782/732
f 754/754/708 782/782/732 783/783/733
f 752/752/706 754/754/708 783/783/733
f 752/752/706 783/783/733 784/784/734
f 750/750/704 752/752/706 784/784/734
f 750/750/704 784/784/734 785/785/735
f 748/748/702 750/750/704 785/785/735
f 785/785/735 731/731/691 748/748/702
f 731/731/691 730/730/690 748/748/702
f 783/783/733 781/781/731 786/786/736
f 784/784/734 783/783/733 786/786/736
f 784/784/734 786/786/736 785/785/735
f 786/786/736 787/787/737 785/785/735
f 785/785/735 787/787/737 731/731/691
f 731/731/691 710/710/670 711/711/671
f 787/787/737 710/710/670 731/731/691
f 709/709/669 710/710/670 787/787/737
f 788/788/738 709/709/669 787/787/737
f 788/788/738 787/787/737 786/786/736
f 789/789/739 788/788/738 786/786/736
f 786/786/736 781/781/731 789/789/739
f 790/790/740 791/791/741 792/792/742
f 790/790/740 793/793/743 791/791/741
f 793/793/743 789/789/739 791/791/741
f 789/789/739 793/793/743 794/794/744
f 788/788/738 789/789/739 794/794/744
f 794/794/744 708/708/668 788/788/738
f 708/708/668 709/709/669 788/788/738
f 795/795/745 796/796/746 708/708/668
f 794/794/744 795/795/745 708/708/668
f 795/795/745 794/794/744 797/797/747
f 794/794/744 793/793/743 797/797/747
f 797/797/747 793/793/743 790/790/740
f 781/781/731 791/791/741 789/789/739
f 791/791/741 781/781/731 779/779/729
f 791/791/741 779/779/729 792/792/742
f 779/779/729 776/776/726 792/792/742
f 776/776/726 773/773/723 792/792/742
f 792/792/742 773/773/723 798/798/748
f 790/790/740 792/792/742 798/798/748
f 799/799/749 790/790/740 798/798/748
f 799/799/749 797/797/747 790/790/740
f 797/797/747 799/799/749 800/800/750
f 797/797/747 800/800/750 795/795/745
f 800/800/750 801/801/751 795/795/745
f 795/795/745 801/801/751 796/796/746
f 801/801/751 802/802/752 796/796/746
f 802/802/752 48/48/48 796/796/746
f 48/48/48 37/37/37 796/796/746
f 796/796/746 37/37/37 708/708/668
f 37/37/37 20/20/20 708/708/668
f 37/37/37 48/48/48 36/36/36
f 773/773/723 772/772/722 798/798/748
f 772/772/722 803/803/753 798/798/748
f 803/803/753 804/804/754 798/798/748
f 804/804/754 805/805/755 798/798/748
f 805/805/755 799/799/749 798/798/748
f 799/799/749 805/805/755 800/800/750
f 48/48/48 62/62/62 47/47/47
f 62/62/62 48/48/48 802/802/752
f 806/806/756 62/62/62 802/802/752
f 807/807/757 806/806/756 802/802/752
f 801/801/751 807/807/757 802/802/752
f 808/808/500 807/807/757 801/801/751
f 800/800/750 808/808/500 801/801/751
f 808/808/500 800/800/750 809/809/758
f 800/800/750 805/805/755 809/809/758
f 809/809/758 805/805/755 810/810/497
f 810/810/497 805/805/755 811/811/199
f 805/805/755 804/804/754 811/811/199
f 812/812/202 811/811/199 804/804/754
f 803/803/753 812/812/202 804/804/754
f 812/812/202 803/803/753 813/813/759
f 813/813/759 803/803/753 772/772/722
f 814/814/760 813/813/759 772/772/722
f 814/814/760 772/772/722 774/774/724
f 815/815/201 812/812/202 813/813/759
f 816/816/761 817/817/762 818/818/763
f 818/818/763 817/817/762 819/819/764
f 820/820/765 818/818/763 819/819/764
f 821/821/766 820/820/765 819/819/764
f 820/820/765 821/821/766 822/822/767
f 823/823/768 820/820/765 822/822/767
f 823/823/768 822/822/767 824/824/769
f 822/822/767 825/825/770 824/824/769
f 819/819/764 826/826/771 827/827/772
f 817/817/762 826/826/771 819/819/764
f 828/828/773 824/824/769 829/829/774
f 823/823/768 824/824/769 828/828/773
f 830/830/775 823/823/768 828/828/773
f 820/820/765 823/823/768 830/830/775
f 831/831/776 820/820/765 830/830/775
f 818/818/763 820/820/765 831/831/776
f 832/832/777 818/818/763 831/831/776
f 832/832/777 816/816/761 818/818/763
f 833/833/778 816/816/761 832/832/777
f 816/816/761 833/833/778 834/834/779
f 816/816/761 834/834/779 817/817/762
f 834/834/779 835/835/780 817/817/762
f 817/817/762 835/835/780 826/826/771
f 835/835/780 836/836/781 826/826/771
f 826/826/771 836/836/781 827/827/772
f 836/836/781 837/837/782 827/827/772
f 838/838/783 827/827/772 837/837/782
f 839/839/784 838/838/783 837/837/782
f 839/839/784 642/642/602 838/838/783
f 642/642/602 640/640/600 838/838/783
f 838/838/783 640/640/600 840/840/785
f 640/640/600 639/639/599 840/840/785
f 840/840/785 639/639/599 632/632/592
f 841/841/786 840/840/785 632/632/592
f 632/632/592 633/633/593 841/841/786
f 633/633/593 842/842/787 841/841/786
f 842/842/787 633/633/593 634/634/594
f 843/843/788 842/842/787 634/634/594
f 634/634/594 255/255/249 843/843/788
f 255/255/249 253/253/789 843/843/788
f 253/253/789 844/844/790 843/843/788
f 844/844/790 253/253/789 252/252/64
f 845/845/791 844/844/790 252/252/64
f 845/845/791 846/846/269 844/844/790
f 846/846/269 847/847/792 844/844/790
f 847/847/792 846/846/269 228/228/226
f 227/227/225 847/847/792 228/228/226
f 825/825/770 847/847/792 227/227/225
f 847/847/792 825/825/770 848/848/793
f 825/825/770 822/822/767 848/848/793
f 822/822/767 849/849/794 848/848/793
f 822/822/767 821/821/766 849/849/794
f 821/821/766 850/850/795 849/849/794
f 821/821/766 819/819/764 850/850/795
f 819/819/764 851/851/796 850/850/795
f 851/851/796 819/819/764 827/827/772
f 851/851/796 827/827/772 840/840/785
f 827/827/772 838/838/783 840/840/785
f 844/844/790 847/847/792 848/848/793
f 844/844/790 848/848/793 843/843/788
f 848/848/793 849/849/794 843/843/788
f 849/849/794 842/842/787 843/843/788
f 849/849/794 850/850/795 842/842/787
f 850/850/795 841/841/786 842/842/787
f 850/850/795 851/851/796 841/841/786
f 851/851/796 840/840/785 841/841/786
f 852/852/797 853/853/798 854/854/799
f 853/853/798 855/855/800 854/854/799
f 856/856/801 854/854/799 855/855/800
f 857/857/802 856/856/801 855/855/800
f 858/858/803 856/856/801 857/857/802
f 859/859/804 858/858/803 857/857/802
f 859/859/804 860/860/805 858/858/803
f 860/860/805 861/861/806 858/858/803
f 861/861/806 860/860/805 862/862/807
f 860/860/805 863/863/808 862/862/807
f 860/860/805 864/864/809 863/863/808
f 864/864/809 860/860/805 859/859/804
f 865/865/810 864/864/809 859/859/804
f 859/859/804 857/857/802 865/865/810
f 857/857/802 866/866/811 865/865/810
f 857/857/802 855/855/800 866/866/811
f 855/855/800 867/867/812 866/866/811
f 855/855/800 853/853/798 867/867/812
f 868/868/813 869/869/814 870/870/815
f 871/871/816 870/870/815 869/869/814
f 872/872/817 871/871/816 869/869/814
f 873/873/818 871/871/816 872/872/817
f 874/874/819 873/873/818 872/872/817
f 873/873/818 874/874/819 875/875/820
f 874/874/819 876/876/821 875/875/820
f 875/875/820 876/876/821 862/862/807
f 876/876/821 861/861/806 862/862/807
f 876/876/821 877/877/822 861/861/806
f 877/877/822 858/858/803 861/861/806
f 858/858/803 877/877/822 878/878/823
f 856/856/801 858/858/803 878/878/823
f 856/856/801 878/878/823 879/879/824
f 854/854/799 856/856/801 879/879/824
f 879/879/824 880/880/825 854/854/799
f 880/880/825 852/852/797 854/854/799
f 852/852/797 880/880/825 881/881/826
f 882/882/827 852/852/797 881/881/826
f 882/882/827 881/881/826 883/883/828
f 884/884/829 882/882/827 883/883/828
f 884/884/829 883/883/828 885/885/830
f 886/886/831 884/884/829 885/885/830
f 887/887/832 886/886/831 885/885/830
f 888/888/833 886/886/831 887/887/832
f 889/889/834 888/888/833 887/887/832
f 890/890/835 888/888/833 889/889/834
f 891/891/836 890/890/835 889/889/834
f 892/892/837 890/890/835 891/891/836
f 241/241/838 892/892/837 891/891/836
f 892/892/837 241/241/838 893/893/839
f 241/241/838 240/240/237 893/893/839
f 240/240/237 245/245/242 893/893/839
f 245/245/242 894/894/840 893/893/839
f 245/245/242 246/246/841 894/894/840
f 246/246/841 895/895/842 894/894/840
f 241/241/838 891/891/836 242/242/239
f 242/242/239 891/891/836 896/896/843
f 891/891/836 889/889/834 896/896/843
f 896/896/843 889/889/834 897/897/844
f 889/889/834 887/887/832 897/897/844
f 896/896/843 244/244/241 242/242/239
f 896/896/843 897/897/844 244/244/241
f 830/830/775 898/898/845 831/831/776
f 899/899/846 898/898/845 830/830/775
f 898/898/845 899/899/846 885/885/830
f 899/899/846 887/887/832 885/885/830
f 887/887/832 899/899/846 828/828/773
f 897/897/844 887/887/832 828/828/773
f 897/897/844 828/828/773 829/829/774
f 897/897/844 829/829/774 244/244/241
f 244/244/241 829/829/774 900/900/847
f 901/901/848 244/244/241 900/900/847
f 231/231/229 244/244/241 901/901/848
f 230/230/849 231/231/229 901/901/848
f 901/901/848 229/229/227 230/230/849
f 901/901/848 900/900/847 229/229/227
f 900/900/847 227/227/225 229/229/227
f 900/900/847 825/825/770 227/227/225
f 900/900/847 829/829/774 825/825/770
f 829/829/774 824/824/769 825/825/770
f 828/828/773 899/899/846 830/830/775
f 902/902/850 903/903/851 904/904/852
f 905/905/853 902/902/850 904/904/852
f 906/906/854 902/902/850 905/905/853
f 907/907/855 906/906/854 905/905/853
f 907/907/855 905/905/853 908/908/856
f 905/905/853 909/909/857 908/908/856
f 905/905/853 904/904/852 909/909/857
f 904/904/852 910/910/858 909/909/857
f 904/904/852 911/911/859 910/910/858
f 904/904/852 903/903/851 911/911/859
f 903/903/851 912/912/860 911/911/859
f 913/913/861 912/912/860 903/903/851
f 914/914/862 913/913/861 903/903/851
f 914/914/862 903/903/851 902/902/850
f 915/915/863 914/914/862 902/902/850
f 915/915/863 902/902/850 906/906/854
f 916/916/864 915/915/863 906/906/854
f 916/916/864 906/906/854 200/200/200
f 200/200/200 906/906/854 907/907/855
f 195/195/195 200/200/200 907/907/855
f 195/195/195 907/907/855 194/194/194
f 907/907/855 908/908/856 194/194/194
f 194/194/194 908/908/856 917/917/865
f 908/908/856 909/909/857 917/917/865
f 909/909/857 918/918/866 917/917/865
f 909/909/857 910/910/858 918/918/866
f 910/910/858 919/919/867 918/918/866
f 910/910/858 920/920/868 919/919/867
f 911/911/859 920/920/868 910/910/858
f 920/920/868 911/911/859 921/921/869
f 921/921/869 911/911/859 912/912/860
f 922/922/870 921/921/869 912/912/860
f 922/922/870 912/912/860 913/913/861
f 923/923/871 922/922/870 913/913/861
f 201/201/872 916/916/864 200/200/200
f 924/924/873 925/925/874 926/926/875
f 925/925/874 927/927/876 926/926/875
f 927/927/876 925/925/874 928/928/877
f 929/929/878 930/930/879 931/931/880
f 932/932/881 929/929/878 931/931/880
f 931/931/880 924/924/873 932/932/881
f 924/924/873 926/926/875 932/932/881
f 926/926/875 933/933/882 932/932/881
f 926/926/875 927/927/876 933/933/882
f 927/927/876 934/934/883 933/933/882
f 934/934/883 927/927/876 935/935/884
f 935/935/884 927/927/876 928/928/877
f 935/935/884 928/928/877 936/936/885
f 937/931/886 938/937/887 939/938/888
f 938/937/887 937/931/886 940/939/889
f 937/931/886 941/940/890 940/939/889
f 940/939/889 941/940/890 942/941/891
f 941/940/890 943/942/892 942/941/891
f 943/942/892 944/943/893 942/941/891
f 943/942/892 930/930/879 944/943/893
f 930/930/879 929/929/878 944/943/893
f 929/929/878 945/944/894 944/943/893
f 929/929/878 932/932/881 945/944/894
f 932/932/881 946/945/895 945/944/894
f 933/933/882 946/945/895 932/932/881
f 933/933/882 947/946/896 946/945/895
f 947/946/896 933/933/882 934/934/883
f 948/947/897 947/946/896 934/934/883
f 948/947/897 934/934/883 949/948/898
f 950/949/899 948/947/897 949/948/898
f 951/950/900 950/949/899 949/948/898
f 952/951/901 953/952/902 954/953/903
f 955/954/904 952/951/901 954/953/903
f 954/953/903 956/955/905 955/954/904
f 956/955/905 957/956/906 955/954/904
f 956/955/905 958/957/907 957/956/906
f 958/957/907 959/958/908 957/956/906
f 958/957/907 960/959/909 959/958/908
f 960/959/909 961/960/910 959/958/908
f 960/959/909 962/961/911 961/960/910
f 962/961/911 963/962/912 961/960/910
f 963/962/912 962/961/911 964/963/913
f 965/964/914 963/962/912 964/963/913
f 964/963/913 966/965/915 965/964/914
f 966/965/915 967/966/916 965/964/914
f 967/966/916 966/965/915 968/967/917
f 967/966/916 968/967/917 969/968/918
f 969/968/918 968/967/917 939/938/888
f 938/937/887 969/968/918 939/938/888
f 970/969/919 971/970/920 972/971/921
f 971/970/920 973/972/922 972/971/921
f 972/971/921 973/972/922 974/973/923
f 973/972/922 975/974/924 974/973/923
f 975/974/924 976/975/925 974/973/923
f 976/975/925 975/974/924 977/976/926
f 977/976/926 975/974/924 978/977/927
f 975/974/924 979/978/928 978/977/927
f 979/978/928 975/974/924 973/972/922
f 980/979/929 981/980/930 957/956/906
f 981/980/930 955/954/904 957/956/906
f 981/980/930 982/981/931 955/954/904
f 982/981/931 952/951/901 955/954/904
f 983/982/932 979/978/928 973/972/922
f 984/983/933 979/978/928 983/982/932
f 984/983/933 985/984/934 979/978/928
f 985/984/934 978/977/927 979/978/928
f 952/951/901 978/977/927 985/984/934
f 977/976/926 978/977/927 952/951/901
f 982/981/931 977/976/926 952/951/901
f 976/975/925 977/976/926 982/981/931
f 986/985/935 976/975/925 982/981/931
f 987/986/936 986/985/935 982/981/931
f 981/980/930 987/986/936 982/981/931
f 988/987/937 987/986/936 981/980/930
f 980/979/929 988/987/937 981/980/930
f 988/987/937 980/979/929 989/988/938
f 980/979/929 957/956/906 989/988/938
f 957/956/906 959/958/908 989/988/938
f 959/958/908 961/960/910 989/988/938
f 961/960/910 963/962/912 989/988/938
f 990/989/939 965/964/914 967/966/916
f 990/989/939 991/990/940 965/964/914
f 991/990/940 963/962/912 965/964/914
f 963/962/912 991/990/940 989/988/938
f 992/991/941 989/988/938 991/990/940
f 992/991/941 988/987/937 989/988/938
f 993/992/942 988/987/937 992/991/941
f 988/987/937 993/992/942 987/986/936
f 993/992/942 994/993/943 987/986/936
f 987/986/936 994/993/943 986/985/935
f 995/994/944 986/985/935 994/993/943
f 986/985/935 995/994/944 976/975/925
f 995/994/944 996/995/945 976/975/925
f 974/973/923 976/975/925 996/995/945
f 997/996/946 974/973/923 996/995/945
f 972/971/921 974/973/923 997/996/946
f 998/997/947 972/971/921 997/996/946
f 970/969/919 972/971/921 998/997/947
f 999/998/948 995/994/944 994/993/943
f 994/993/943 993/992/942 999/998/948
f 993/992/942 1000/999/949 999/998/948
f 814/814/950 774/774/724 1001/1000/951
f 814/814/950 1001/1000/951 1002/1001/952
f 1002/1001/952 1001/1000/951 1003/1002/953
f 1002/1001/952 1003/1002/953 1004/1003/954
f 1003/1002/953 998/997/947 1004/1003/954
f 1004/1003/954 998/997/947 1005/1004/955
f 998/997/947 997/996/946 1005/1004/955
f 1005/1004/955 997/996/946 913/913/861
f 997/996/946 996/995/945 913/913/861
f 996/995/945 995/994/944 913/913/861
f 995/994/944 923/923/871 913/913/861
f 923/923/871 995/994/944 999/998/948
f 1006/1005/956 923/923/871 999/998/948
f 999/998/948 1000/999/949 1006/1005/956
f 1000/999/949 1007/1006/957 1006/1005/956
f 1007/1006/957 1000/999/949 1008/1007/958
f 1000/999/949 993/992/942 1008/1007/958
f 993/992/942 1009/1008/959 1008/1007/958
f 1009/1008/959 993/992/942 992/991/941
f 1010/1009/960 1009/1008/959 992/991/941
f 1010/1009/960 1011/1010/961 1009/1008/959
f 1012/1011/864 1002/1001/952 1004/1003/954
f 813/813/759 1002/1001/952 1012/1011/864
f 813/813/759 814/814/950 1002/1001/952
f 815/815/201 813/813/759 1012/1011/864
f 1013/1012/962 1014/1013/963 1015/1014/964
f 1013/1012/962 1016/1015/965 1017/1016/966
f 1013/1012/962 1018/1017/967 1016/1015/965
f 1018/1017/967 1019/1018/968 1016/1015/965
f 1016/1015/965 1019/1018/968 1020/1019/969
f 1016/1015/965 1020/1019/969 1021/1020/970
f 1017/1016/966 1016/1015/965 1021/1020/970
f 1017/1016/966 1021/1020/970 1022/1021/971
f 1023/1022/972 1017/1016/966 1022/1021/971
f 1017/1016/966 1023/1022/972 1013/1012/962
f 1023/1022/972 1024/1023/973 1013/1012/962
f 1024/1023/973 1014/1013/963 1013/1012/962
f 1014/1013/963 1024/1023/973 1025/1024/974
f 1026/1025/975 1014/1013/963 1025/1024/974
f 1014/1013/963 1026/1025/975 1015/1014/964
f 1015/1014/964 1026/1025/975 1027/1026/976
f 1015/1014/964 1027/1026/976 1028/1027/977
f 1013/1012/962 1015/1014/964 1028/1027/977
f 1018/1017/967 1013/1012/962 1028/1027/977
f 930/930/978 943/942/979 941/940/980
f 1029/1028/981 1030/1029/982 1031/1030/983
f 1030/1029/982 1032/1031/984 1031/1030/983
f 1031/1030/983 1032/1031/984 1033/1032/985
f 1032/1031/984 1034/1033/986 1033/1032/985
f 1035/1034/987 1033/1032/985 1034/1033/986
f 1036/1035/988 1035/1034/987 1034/1033/986
f 1036/1035/988 1034/1033/986 1037/1036/989
f 1034/1033/986 1038/1037/990 1037/1036/989
f 1037/1036/989 1038/1037/990 1039/1038/991
f 1030/1029/992 1040/1039/993 1032/1031/984
f 1040/1039/993 1030/1029/992 1041/1040/994
f 1042/1041/995 1043/1042/996 1044/1043/997
f 1044/1043/997 1045/1044/998 1042/1041/995
f 1045/1044/998 1044/1043/997 1046/1045/999
f 1046/1045/999 1047/1046/1000 1045/1044/998
f 1048/1047/1001 1049/1048/1002 1050/1049/1003
f 1049/1048/1002 1043/1042/996 1050/1049/1003
f 1043/1042/996 1042/1041/995 1050/1049/1003
f 1050/1049/1003 1042/1041/995 1051/1050/1004
f 1045/1044/998 1051/1050/1004 1042/1041/995
f 1045/1044/998 1052/1051/1005 1051/1050/1004
f 1045/1044/998 1053/1052/1006 1052/1051/1005
f 1041/1040/994 1053/1052/1006 1045/1044/998
f 1040/1039/993 1041/1040/994 1045/1044/998
f 1047/1046/1000 1040/1039/993 1045/1044/998
f 1040/1039/993 1047/1046/1000 1032/1031/984
f 1032/1031/984 1047/1046/1000 1046/1045/999
f 1034/1033/986 1032/1031/984 1046/1045/999
f 1046/1045/999 1044/1043/997 1034/1033/986
f 1044/1043/997 1038/1037/990 1034/1033/986
f 1043/1042/996 1038/1037/990 1044/1043/997
f 1038/1037/990 1043/1042/996 1039/1038/991
f 1043/1042/996 1049/1048/1002 1039/1038/991
f 1049/1048/1002 1054/1053/1007 1039/1038/991
f 1049/1048/1002 1055/1054/1008 1054/1053/1007
f 1055/1054/1008 1056/1055/1009 1054/1053/1007
f 1056/1055/1009 1055/1054/1008 1057/1056/1010
f 1058/1057/1011 1056/1055/1009 1057/1056/1010
f 1057/1056/1010 1059/1058/1012 1058/1057/1011
f 1059/1058/1012 1060/1059/1013 1058/1057/1011
f 1061/1060/1014 1060/1059/1013 1059/1058/1012
f 1062/1061/1015 1061/1060/1014 1059/1058/1012
f 1063/1062/1016 1061/1060/1014 1062/1061/1015
f 1064/1063/1017 1063/1062/1016 1062/1061/1015
f 1065/1064/1018 1063/1062/1016 1064/1063/1017
f 1066/1065/1019 1065/1064/1018 1064/1063/1017
f 1066/1065/1019 1064/1063/1017 1067/1066/1020
f 1068/1067/1021 1066/1065/1019 1067/1066/1020
f 1069/1068/1022 1068/1067/1021 1067/1066/1020
f 1068/1067/1021 1069/1068/1022 1070/1069/1023
f 1069/1068/1022 1071/1070/1024 1070/1069/1023
f 1072/1071/1025 1073/1072/1026 1074/1073/1027
f 1073/1072/1026 1075/1074/1028 1074/1073/1027
f 1075/1074/1028 1076/1075/1029 1074/1073/1027
f 1077/1076/1030 1076/1075/1029 1075/1074/1028
f 1070/1069/1023 1077/1076/1030 1075/1074/1028
f 1073/1072/1026 1070/1069/1023 1075/1074/1028
f 1073/1072/1026 1068/1067/1021 1070/1069/1023
f 1066/1065/1019 1068/1067/1021 1073/1072/1026
f 1072/1071/1025 1066/1065/1019 1073/1072/1026
f 1066/1065/1019 1072/1071/1025 1065/1064/1018
f 1072/1071/1025 1078/1077/1031 1065/1064/1018
f 1078/1077/1031 1072/1071/1025 1074/1073/1027
f 1070/1069/1023 1071/1070/1024 1077/1076/1030
f 945/944/894 1077/1076/1030 1071/1070/1024
f 1076/1075/1029 1077/1076/1030 945/944/894
f 946/945/895 1076/1075/1029 945/944/894
f 947/946/896 1076/1075/1029 946/945/895
f 1076/1075/1029 947/946/896 1074/1073/1027
f 950/949/899 1074/1073/1027 947/946/896
f 950/949/899 1078/1077/1031 1074/1073/1027
f 1079/1078/1032 1078/1077/1031 950/949/899
f 1078/1077/1031 1079/1078/1032 1065/1064/1018
f 1079/1078/1032 1080/1079/1033 1065/1064/1018
f 1065/1064/1018 1080/1079/1033 1063/1062/1016
f 1080/1079/1033 1081/1080/1034 1063/1062/1016
f 1061/1060/1014 1063/1062/1016 1081/1080/1034
f 1082/1081/1035 1061/1060/1014 1081/1080/1034
f 1061/1060/1014 1082/1081/1035 1060/1059/1013
f 1082/1081/1035 1083/1082/1036 1060/1059/1013
f 1058/1057/1011 1060/1059/1013 1083/1082/1036
f 948/947/897 950/949/899 947/946/896
f 951/950/900 1079/1078/1032 950/949/899
f 1080/1079/1033 1084/1083/1037 1081/1080/1034
f 1080/1079/1033 1079/1078/1032 1084/1083/1037
f 1079/1078/1032 1085/1084/1038 1084/1083/1037
f 1085/1084/1038 1079/1078/1032 1086/1085/1039
f 1079/1078/1032 951/950/900 1086/1085/1039
f 1087/1086/1040 1086/1085/1039 951/950/900
f 949/948/898 1087/1086/1040 951/950/900
f 1088/1087/1041 1089/1088/1042 1090/1089/1043
f 1090/1089/1043 1091/1090/1044 1088/1087/1041
f 1091/1090/1044 1092/1091/1045 1088/1087/1041
f 1088/1087/1041 1092/1091/1045 1093/1092/1046
f 1086/1085/1039 1087/1086/1040 1094/1093/1047
f 1087/1086/1040 1093/1092/1046 1094/1093/1047
f 1087/1086/1040 1088/1087/1041 1093/1092/1046
f 1088/1087/1041 1087/1086/1040 949/948/898
f 1089/1088/1042 1088/1087/1041 949/948/898
f 934/934/883 1089/1088/1042 949/948/898
f 1089/1088/1042 934/934/883 935/935/884
f 1089/1088/1042 935/935/884 1090/1089/1043
f 1090/1089/1043 935/935/884 936/936/885
f 1091/1090/1044 1090/1089/1043 936/936/885
f 1095/1094/1048 1091/1090/1044 936/936/885
f 1096/1095/1049 1091/1090/1044 1095/1094/1048
f 1091/1090/1044 1096/1095/1049 1092/1091/1045
f 1096/1095/1049 1097/1096/1050 1092/1091/1045
f 1093/1092/1046 1092/1091/1045 1097/1096/1050
f 1098/1097/1051 1093/1092/1046 1097/1096/1050
f 1094/1093/1047 1093/1092/1046 1098/1097/1051
f 1099/1098/1052 1094/1093/1047 1098/1097/1051
f 1100/1099/1053 1096/1095/1049 1095/1094/1048
f 1101/924/1054 937/931/886 939/938/888
f 939/938/888 1102/1100/1055 1101/924/1054
f 1102/1100/1055 1103/925/1056 1101/924/1054
f 1103/925/1056 1102/1100/1055 1104/928/1057
f 1102/1100/1055 1105/1101/1058 1104/928/1057
f 1106/936/1059 1104/928/1057 1105/1101/1058
f 1107/1102/1060 1106/936/1059 1105/1101/1058
f 1106/936/1059 1107/1102/1060 1108/1094/1061
f 1107/1102/1060 1109/1103/1062 1108/1094/1061
f 1100/1099/1053 1108/1094/1061 1109/1103/1062
f 1096/1095/1049 1100/1099/1053 1109/1103/1062
f 1096/1095/1049 1109/1103/1062 1110/1104/1063
f 1096/1095/1049 1110/1104/1063 1097/1096/1050
f 1097/1096/1050 1110/1104/1063 1111/1105/1064
f 1098/1097/1051 1097/1096/1050 1111/1105/1064
f 1111/1105/1064 1112/1106/1065 1098/1097/1051
f 1112/1106/1065 1099/1098/1052 1098/1097/1051
f 1102/1100/1055 1113/1107/1066 1105/1101/1058
f 1113/1107/1066 1102/1100/1055 939/938/888
f 968/967/917 1113/1107/1066 939/938/888
f 966/965/915 1113/1107/1066 968/967/917
f 1113/1107/1066 966/965/915 1114/1108/1067
f 1113/1107/1066 1114/1108/1067 1105/1101/1058
f 1114/1108/1067 1115/1109/1068 1105/1101/1058
f 1115/1109/1068 1107/1102/1060 1105/1101/1058
f 1107/1102/1060 1115/1109/1068 1109/1103/1062
f 1115/1109/1068 1116/1110/1069 1109/1103/1062
f 1109/1103/1062 1116/1110/1069 1110/1104/1063
f 1110/1104/1063 1116/1110/1069 1117/1111/1070
f 1111/1105/1064 1110/1104/1063 1117/1111/1070
f 1112/1106/1065 1111/1105/1064 1117/1111/1070
f 1118/1112/1071 1112/1106/1065 1117/1111/1070
f 1119/1113/1072 962/961/911 960/959/909
f 962/961/911 1119/1113/1072 1120/1114/1073
f 964/963/913 962/961/911 1120/1114/1073
f 1120/1114/1073 1121/1115/1074 964/963/913
f 1121/1115/1074 966/965/915 964/963/913
f 966/965/915 1121/1115/1074 1114/1108/1067
f 1121/1115/1074 1122/1116/1075 1114/1108/1067
f 1122/1116/1075 1115/1109/1068 1114/1108/1067
f 1115/1109/1068 1122/1116/1075 1116/1110/1069
f 1122/1116/1075 1117/1111/1070 1116/1110/1069
f 1122/1116/1075 1121/1115/1074 1120/1114/1073
f 1123/1117/1076 1122/1116/1075 1120/1114/1073
f 1122/1116/1075 1123/1117/1076 1117/1111/1070
f 1123/1117/1076 1118/1112/1071 1117/1111/1070
f 1123/1117/1076 1120/1114/1073 1119/1113/1072
f 1099/1098/1052 1124/1118/1077 1094/1093/1047
f 1124/1118/1077 1099/1098/1052 1112/1106/1065
f 1028/1027/977 1124/1118/1077 1112/1106/1065
f 1112/1106/1065 1118/1112/1071 1028/1027/977
f 1118/1112/1071 1018/1017/967 1028/1027/977
f 1018/1017/967 1118/1112/1071 1123/1117/1076
f 1019/1018/968 1018/1017/967 1123/1117/1076
f 1019/1018/968 1123/1117/1076 1119/1113/1072
f 1019/1018/968 1119/1113/1072 1020/1019/969
f 1020/1019/969 1119/1113/1072 960/959/909
f 1020/1019/969 960/959/909 1021/1020/970
f 960/959/909 958/957/907 1021/1020/970
f 1021/1020/970 958/957/907 956/955/905
f 1022/1021/971 1021/1020/970 956/955/905
f 1022/1021/971 956/955/905 954/953/903
f 1125/1119/1078 1022/1021/971 954/953/903
f 954/953/903 953/952/902 1125/1119/1078
f 953/952/902 1126/1120/1079 1125/1119/1078
f 1024/1023/973 1023/1022/972 1125/1119/1078
f 1023/1022/972 1022/1021/971 1125/1119/1078
f 1127/1121/1080 1126/1120/1079 1128/1122/1081
f 1126/1120/1079 1129/1123/1082 1128/1122/1081
f 1126/1120/1079 953/952/902 1129/1123/1082
f 1024/1023/973 1125/1119/1078 1126/1120/1079
f 1127/1121/1080 1024/1023/973 1126/1120/1079
f 1024/1023/973 1127/1121/1080 1025/1024/974
f 1127/1121/1080 1128/1122/1081 1025/1024/974
f 1128/1122/1081 768/768/718 1025/1024/974
f 1128/1122/1081 1130/1124/1083 768/768/718
f 1130/1124/1083 769/769/1084 768/768/718
f 1130/1124/1083 771/771/721 769/769/1084
f 1131/1125/1085 771/771/721 1130/1124/1083
f 754/754/1086 771/771/721 1131/1125/1085
f 782/782/732 754/754/1086 1131/1125/1085
f 782/782/732 1131/1125/1085 780/780/1087
f 1131/1125/1085 778/778/728 780/780/1087
f 777/777/727 778/778/728 1131/1125/1085
f 1132/1126/1088 777/777/727 1131/1125/1085
f 775/775/1089 777/777/727 1132/1126/1088
f 1133/1127/1090 775/775/1089 1132/1126/1088
f 774/774/724 775/775/1089 1133/1127/1090
f 1134/1128/1091 1135/1129/1092 1136/1130/1093
f 1137/1131/1094 1135/1129/1092 1134/1128/1091
f 1137/1131/1094 1132/1126/1088 1135/1129/1092
f 1132/1126/1088 1138/1132/1095 1135/1129/1092
f 1138/1132/1095 1132/1126/1088 1131/1125/1085
f 1138/1132/1095 1131/1125/1085 1130/1124/1083
f 1135/1129/1092 1138/1132/1095 1130/1124/1083
f 1135/1129/1092 1130/1124/1083 1128/1122/1081
f 1129/1123/1082 1135/1129/1092 1128/1122/1081
f 1135/1129/1092 1129/1123/1082 1136/1130/1093
f 1129/1123/1082 1139/1133/1096 1136/1130/1093
f 1140/1134/1097 1133/1127/1090 1132/1126/1088
f 1141/1135/1098 1133/1127/1090 1140/1134/1097
f 1142/1136/1099 1141/1135/1098 1140/1134/1097
f 1142/1136/1099 1140/1134/1097 1143/1137/1100
f 1143/1137/1100 1140/1134/1097 1132/1126/1088
f 1143/1137/1100 1132/1126/1088 1137/1131/1094
f 1141/1135/1098 774/774/724 1133/1127/1090
f 774/774/724 1141/1135/1098 1001/1000/951
f 1141/1135/1098 1142/1136/1099 1001/1000/951
f 1142/1136/1099 1144/1138/1101 1001/1000/951
f 1144/1138/1101 1142/1136/1099 1143/1137/1100
f 1144/1138/1101 1143/1137/1100 1145/1139/1102
f 1145/1139/1102 1143/1137/1100 1137/1131/1094
f 1145/1139/1102 1137/1131/1094 1146/1140/1103
f 1137/1131/1094 1134/1128/1091 1146/1140/1103
f 1146/1140/1103 1134/1128/1091 1147/1141/1104
f 1134/1128/1091 1136/1130/1093 1147/1141/1104
f 983/982/932 1147/1141/1104 1136/1130/1093
f 1139/1133/1096 983/982/932 1136/1130/1093
f 1139/1133/1096 984/983/933 983/982/932
f 1129/1123/1082 984/983/933 1139/1133/1096
f 1129/1123/1082 985/984/934 984/983/933
f 953/952/902 985/984/934 1129/1123/1082
f 953/952/902 952/951/901 985/984/934
f 1148/1142/1105 1146/1140/1103 1147/1141/1104
f 1145/1139/1102 1146/1140/1103 1148/1142/1105
f 1149/1143/1106 1145/1139/1102 1148/1142/1105
f 1149/1143/1106 1144/1138/1101 1145/1139/1102
f 1144/1138/1101 1149/1143/1106 1001/1000/951
f 1149/1143/1106 970/969/919 1001/1000/951
f 1149/1143/1106 1148/1142/1105 970/969/919
f 1148/1142/1105 971/970/920 970/969/919
f 971/970/920 1148/1142/1105 1147/1141/1104
f 971/970/920 1147/1141/1104 973/972/922
f 1147/1141/1104 983/982/932 973/972/922
f 1001/1000/951 970/969/919 1003/1002/953
f 1003/1002/953 970/969/919 998/997/947
f 1150/1144/1107 1151/1145/1108 1152/1146/1109
f 1151/1145/1108 1150/1144/1107 1153/1147/1110
f 1150/1144/1107 1154/1148/1111 1153/1147/1110
f 1155/1149/1112 1153/1147/1110 1154/1148/1111
f 1156/1150/1113 1155/1149/1112 1154/1148/1111
f 1155/1149/1112 1156/1150/1113 1157/1151/1114
f 1156/1150/1113 1158/1152/1115 1157/1151/1114
f 1156/1150/1113 1159/1153/1116 1158/1152/1115
f 1159/1153/1116 1156/1150/1113 1154/1148/1111
f 1160/1154/1117 1159/1153/1116 1154/1148/1111
f 1161/1155/1118 1160/1154/1117 1154/1148/1111
f 1150/1144/1107 1161/1155/1118 1154/1148/1111
f 1161/1155/1118 1150/1144/1107 1162/1156/1119
f 1150/1144/1107 1152/1146/1109 1162/1156/1119
f 1163/1157/1120 1162/1156/1119 1152/1146/1109
f 1164/1158/1121 1163/1157/1120 1152/1146/1109
f 1163/1157/1120 1164/1158/1121 1165/1159/1122
f 1164/1158/1121 1166/1160/1123 1165/1159/1122
f 1167/1161/1124 1168/1162/1125 1169/1163/1126
f 1168/1162/1125 1167/1161/1124 1170/1164/1127
f 1167/1161/1124 1171/1165/1128 1170/1164/1127
f 1172/1166/1129 1170/1164/1127 1171/1165/1128
f 1173/1167/1130 1172/1166/1129 1171/1165/1128
f 1172/1166/1129 1173/1167/1130 1174/1168/1131
f 1174/1168/1131 1173/1167/1130 1155/1149/1112
f 1174/1168/1131 1155/1149/1112 1175/1169/1132
f 1155/1149/1112 1157/1151/1114 1175/1169/1132
f 1157/1151/1114 1176/870/1133 1175/1169/1132
f 1176/870/1133 1157/1151/1114 1158/1152/1115
f 1177/1170/1134 1176/870/1133 1158/1152/1115
f 1177/1170/1134 1158/1152/1115 1178/1171/1135
f 1179/1172/1136 1177/1170/1134 1178/1171/1135
f 1180/1173/1137 1179/1172/1136 1178/1171/1135
f 1181/1174/1138 1179/1172/1136 1180/1173/1137
f 868/868/813 1181/1174/1138 1180/1173/1137
f 1181/1174/1138 868/868/813 870/870/815
f 1167/1161/1124 1182/1175/1139 1171/1165/1128
f 1182/1175/1139 1151/1145/1108 1171/1165/1128
f 1171/1165/1128 1151/1145/1108 1173/1167/1130
f 1151/1145/1108 1153/1147/1110 1173/1167/1130
f 1173/1167/1130 1153/1147/1110 1155/1149/1112
f 1183/1176/1140 1184/1177/1141 1185/1178/1142
f 1186/1179/1143 1187/1180/1144 1188/1181/1145
f 1188/1181/1145 1187/1180/1144 1164/1158/1121
f 1188/1181/1145 1164/1158/1121 1152/1146/1109
f 1188/1181/1145 1152/1146/1109 1183/1176/1140
f 1183/1176/1140 1186/1179/1143 1188/1181/1145
f 1186/1179/1143 1183/1176/1140 1185/1178/1142
f 1189/1182/1146 1186/1179/1143 1185/1178/1142
f 1190/1183/1147 1189/1182/1146 1185/1178/1142
f 1191/1184/1148 1190/1183/1147 1185/1178/1142
f 1185/1178/1142 1184/1177/1141 1191/1184/1148
f 1184/1177/1141 1169/1163/1126 1191/1184/1148
f 1184/1177/1141 1167/1161/1124 1169/1163/1126
f 1167/1161/1124 1184/1177/1141 1183/1176/1140
f 1182/1175/1139 1167/1161/1124 1183/1176/1140
f 1152/1146/1109 1182/1175/1139 1183/1176/1140
f 1151/1145/1108 1182/1175/1139 1152/1146/1109
f 1192/1185/1149 1193/1186/1150 1194/1187/1151
f 1193/1186/1150 1192/1185/1149 1190/1183/1147
f 1192/1185/1149 1195/1188/1152 1190/1183/1147
f 1190/1183/1147 1195/1188/1152 1189/1182/1146
f 1195/1188/1152 1196/1189/1153 1189/1182/1146
f 1186/1179/1143 1189/1182/1146 1196/1189/1153
f 1197/1190/1154 1186/1179/1143 1196/1189/1153
f 1187/1180/1144 1186/1179/1143 1197/1190/1154
f 1198/1191/1155 1187/1180/1144 1197/1190/1154
f 1199/1192/1156 1187/1180/1144 1198/1191/1155
f 1187/1180/1144 1199/1192/1156 1164/1158/1121
f 1199/1192/1156 1200/1193/1157 1164/1158/1121
f 1200/1193/1157 1166/1160/1123 1164/1158/1121
f 1166/1160/1123 1200/1193/1157 1201/1194/1158
f 1166/1160/1123 1201/1194/1158 1202/1195/1159
f 1165/1159/1122 1166/1160/1123 1202/1195/1159
f 1165/1159/1122 1202/1195/1159 1203/1196/1160
f 1204/1197/1161 1165/1159/1122 1203/1196/1160
f 1200/1193/1157 1199/1192/1156 1205/1198/1162
f 1205/1198/1162 1199/1192/1156 1198/1191/1155
f 1206/1199/1163 1207/1200/1164 1208/1201/1165
f 1207/1200/1164 1206/1199/1163 1197/1190/1154
f 1206/1199/1163 1209/1202/1166 1197/1190/1154
f 1209/1202/1166 1198/1191/1155 1197/1190/1154
f 1198/1191/1155 1209/1202/1166 922/922/870
f 1205/1198/1162 1198/1191/1155 922/922/870
f 1205/1198/1162 922/922/870 1006/1005/956
f 1006/1005/956 1200/1193/1157 1205/1198/1162
f 1007/1006/957 1200/1193/1157 1006/1005/956
f 1200/1193/1157 1007/1006/957 1201/1194/1158
f 1201/1194/1158 1007/1006/957 1008/1007/958
f 1201/1194/1158 1008/1007/958 1202/1195/1159
f 1008/1007/958 1210/1203/1167 1202/1195/1159
f 1202/1195/1159 1210/1203/1167 1203/1196/1160
f 1210/1203/1167 1211/1204/1168 1203/1196/1160
f 1212/1205/1169 1203/1196/1160 1211/1204/1168
f 1213/1206/1170 1212/1205/1169 1211/1204/1168
f 1214/1207/1171 1212/1205/1169 1213/1206/1170
f 922/922/870 923/923/871 1006/1005/956
f 1215/1208/1172 1216/1209/1173 1217/1210/1174
f 1216/1209/1173 920/920/868 921/921/869
f 1216/1209/1173 921/921/869 1217/1210/1174
f 922/922/870 1217/1210/1174 921/921/869
f 922/922/870 1209/1202/1166 1217/1210/1174
f 1215/1208/1172 1217/1210/1174 1209/1202/1166
f 1206/1199/1163 1215/1208/1172 1209/1202/1166
f 1215/1208/1172 1206/1199/1163 1208/1201/1165
f 1215/1208/1172 1208/1201/1165 1216/1209/1173
f 1208/1201/1165 1218/1211/1175 1216/1209/1173
f 1216/1209/1173 1218/1211/1175 920/920/868
f 1218/1211/1175 1219/1212/1176 920/920/868
f 920/920/868 1219/1212/1176 919/919/867
f 191/191/191 1220/1213/1177 189/189/1178
f 189/189/1178 1220/1213/1177 187/187/1179
f 243/243/240 187/187/1179 1220/1213/1177
f 247/247/244 243/243/240 1220/1213/1177
f 192/192/192 194/194/194 917/917/865
f 247/247/244 895/895/842 246/246/841
f 247/247/244 1220/1213/1177 895/895/842
f 1220/1213/1177 1221/1214/1180 895/895/842
f 1221/1214/1180 1220/1213/1177 191/191/191
f 1222/1215/1181 1221/1214/1180 191/191/191
f 1222/1215/1181 191/191/191 192/192/192
f 917/917/865 1222/1215/1181 192/192/192
f 1222/1215/1181 917/917/865 1223/1216/1182
f 917/917/865 918/918/866 1223/1216/1182
f 1223/1216/1182 918/918/866 1224/1217/1183
f 918/918/866 919/919/867 1224/1217/1183
f 1224/1217/1183 919/919/867 1225/1218/1184
f 919/919/867 1219/1212/1176 1225/1218/1184
f 1226/1219/1185 1225/1218/1184 1219/1212/1176
f 1218/1211/1175 1226/1219/1185 1219/1212/1176
f 1227/1220/1186 1226/1219/1185 1218/1211/1175
f 1208/1201/1165 1227/1220/1186 1218/1211/1175
f 1227/1220/1186 1208/1201/1165 1207/1200/1164
f 1196/1189/1153 1207/1200/1164 1197/1190/1154
f 1207/1200/1164 1196/1189/1153 1228/1221/1187
f 1196/1189/1153 1195/1188/1152 1228/1221/1187
f 1228/1221/1187 1195/1188/1152 1229/1222/1188
f 1195/1188/1152 1192/1185/1149 1229/1222/1188
f 1228/1221/1187 1227/1220/1186 1207/1200/1164
f 1227/1220/1186 1228/1221/1187 1230/1223/1189
f 1228/1221/1187 1229/1222/1188 1230/1223/1189
f 1221/1214/1180 1222/1215/1181 1223/1216/1182
f 1231/1224/1190 1221/1214/1180 1223/1216/1182
f 1231/1224/1190 1223/1216/1182 1224/1217/1183
f 1232/1225/1191 1231/1224/1190 1224/1217/1183
f 1232/1225/1191 1224/1217/1183 1225/1218/1184
f 1233/1226/1192 1232/1225/1191 1225/1218/1184
f 1225/1218/1184 1226/1219/1185 1233/1226/1192
f 1226/1219/1185 1234/1227/1193 1233/1226/1192
f 1226/1219/1185 1227/1220/1186 1234/1227/1193
f 1227/1220/1186 1230/1223/1189 1234/1227/1193
f 1230/1223/1189 1235/1228/1194 1234/1227/1193
f 1230/1223/1189 1229/1222/1188 1235/1228/1194
f 1236/1229/1195 1235/1228/1194 1229/1222/1188
f 1192/1185/1149 1236/1229/1195 1229/1222/1188
f 1236/1229/1195 1192/1185/1149 1194/1187/1151
f 1234/1227/1193 1235/1228/1194 1233/1226/1192
f 1235/1228/1194 894/894/840 1233/1226/1192
f 1232/1225/1191 1233/1226/1192 894/894/840
f 1231/1224/1190 1232/1225/1191 894/894/840
f 1231/1224/1190 894/894/840 1221/1214/1180
f 894/894/840 895/895/842 1221/1214/1180
f 890/890/835 892/892/837 1237/1230/1196
f 890/890/835 1237/1230/1196 888/888/833
f 1237/1230/1196 1238/1231/1197 888/888/833
f 888/888/833 1238/1231/1197 886/886/831
f 1238/1231/1197 884/884/829 886/886/831
f 1238/1231/1197 1239/1232/1198 884/884/829
f 1239/1232/1198 882/882/827 884/884/829
f 1239/1232/1198 853/853/798 882/882/827
f 853/853/798 852/852/797 882/882/827
f 894/894/840 1235/1228/1194 893/893/839
f 1235/1228/1194 1236/1229/1195 893/893/839
f 853/853/798 1239/1232/1198 1240/1233/1199
f 1240/1233/1199 1239/1232/1198 1237/1230/1196
f 1239/1232/1198 1238/1231/1197 1237/1230/1196
f 1193/1186/1150 1190/1183/1147 1191/1184/1148
f 853/853/798 1241/1234/1200 867/867/812
f 1241/1234/1200 853/853/798 1240/1233/1199
f 1242/1235/1201 1241/1234/1200 1240/1233/1199
f 1240/1233/1199 1237/1230/1196 1242/1235/1201
f 1237/1230/1196 1243/1236/1202 1242/1235/1201
f 892/892/837 1243/1236/1202 1237/1230/1196
f 892/892/837 1244/1237/1203 1243/1236/1202
f 1244/1237/1203 892/892/837 893/893/839
f 1236/1229/1195 1244/1237/1203 893/893/839
f 1244/1237/1203 1236/1229/1195 1245/1238/1204
f 1236/1229/1195 1194/1187/1151 1245/1238/1204
f 1194/1187/1151 1246/1239/1205 1245/1238/1204
f 1194/1187/1151 1193/1186/1150 1246/1239/1205
f 1193/1186/1150 1247/1240/1206 1246/1239/1205
f 1247/1240/1206 1193/1186/1150 1191/1184/1148
f 1247/1240/1206 1191/1184/1148 1248/1241/1207
f 1191/1184/1148 1169/1163/1126 1248/1241/1207
f 1169/1163/1126 1168/1162/1125 1248/1241/1207
f 1249/1242/1208 1248/1241/1207 1250/1243/1209
f 1248/1241/1207 1251/1244/1210 1250/1243/1209
f 1168/1162/1125 1251/1244/1210 1248/1241/1207
f 1252/1245/1211 1172/1166/1129 1174/1168/1131
f 1252/1245/1211 1174/1168/1131 1175/1169/1132
f 1253/1246/1212 1252/1245/1211 1175/1169/1132
f 1252/1245/1211 1253/1246/1212 1254/1247/1213
f 1255/1248/1214 1252/1245/1211 1254/1247/1213
f 1172/1166/1129 1252/1245/1211 1255/1248/1214
f 1256/1249/1215 1172/1166/1129 1255/1248/1214
f 1172/1166/1129 1256/1249/1215 1170/1164/1127
f 1256/1249/1215 1257/1250/1216 1170/1164/1127
f 1168/1162/1125 1170/1164/1127 1257/1250/1216
f 1251/1244/1210 1168/1162/1125 1257/1250/1216
f 1257/1250/1216 1258/1251/1217 1251/1244/1210
f 1258/1251/1217 1250/1243/1209 1251/1244/1210
f 1259/1252/1218 1250/1243/1209 1258/1251/1217
f 1250/1243/1209 1259/1252/1218 1245/1238/1204
f 1249/1242/1208 1250/1243/1209 1245/1238/1204
f 1246/1239/1205 1249/1242/1208 1245/1238/1204
f 1249/1242/1208 1246/1239/1205 1248/1241/1207
f 1246/1239/1205 1247/1240/1206 1248/1241/1207
f 1260/1253/1219 1261/1254/1220 1254/1247/1213
f 1261/1254/1220 1255/1248/1214 1254/1247/1213
f 1261/1254/1220 1262/1255/1221 1255/1248/1214
f 1262/1255/1221 1256/1249/1215 1255/1248/1214
f 1256/1249/1215 1262/1255/1221 1257/1250/1216
f 1262/1255/1221 1258/1251/1217 1257/1250/1216
f 1244/1237/1203 1245/1238/1204 1243/1236/1202
f 1243/1236/1202 1245/1238/1204 1242/1235/1201
f 1245/1238/1204 1259/1252/1218 1242/1235/1201
f 1259/1252/1218 1263/1256/1222 1242/1235/1201
f 1263/1256/1222 1259/1252/1218 1258/1251/1217
f 1263/1256/1222 1258/1251/1217 1264/1257/1223
f 1258/1251/1217 1262/1255/1221 1264/1257/1223
f 1264/1257/1223 1262/1255/1221 1265/1258/1224
f 1262/1255/1221 1261/1254/1220 1265/1258/1224
f 1265/1258/1224 1261/1254/1220 1266/1259/1225
f 1261/1254/1220 1260/1253/1219 1266/1259/1225
f 1266/1259/1225 1260/1253/1219 1267/863/1226
f 1260/1253/1219 1268/862/1227 1267/863/1226
f 1268/862/1227 1260/1253/1219 1254/1247/1213
f 1269/875/1228 1268/862/1227 1254/1247/1213
f 1254/1247/1213 1253/1246/1212 1269/875/1228
f 1253/1246/1212 1270/873/1229 1269/875/1228
f 1270/873/1229 1253/1246/1212 1271/871/1230
f 1253/1246/1212 1175/1169/1132 1271/871/1230
f 1176/870/1133 1271/871/1230 1175/1169/1132
f 1265/1258/1224 1266/1259/1225 1272/1260/1231
f 1265/1258/1224 1272/1260/1231 1264/1257/1223
f 864/864/809 1273/1261/1232 863/863/808
f 1267/863/1226 1273/1261/1232 1266/1259/1225
f 1273/1261/1232 864/864/809 1266/1259/1225
f 1266/1259/1225 864/864/809 1272/1260/1231
f 1272/1260/1231 864/864/809 865/865/810
f 1272/1260/1231 865/865/810 1274/1262/1233
f 1272/1260/1231 1274/1262/1233 1264/1257/1223
f 1274/1262/1233 1275/1263/1234 1264/1257/1223
f 1275/1263/1234 1263/1256/1222 1264/1257/1223
f 1263/1256/1222 1275/1263/1234 1242/1235/1201
f 1241/1234/1200 1242/1235/1201 1275/1263/1234
f 867/867/812 1241/1234/1200 1275/1263/1234
f 867/867/812 1275/1263/1234 866/866/811
f 1275/1263/1234 1274/1262/1233 866/866/811
f 865/865/810 866/866/811 1274/1262/1233
f 1276/1264/1235 1277/1265/1236 1278/1266/1237
f 1278/1266/1237 1279/1267/1238 1276/1264/1235
f 1280/1268/1239 1279/1267/1238 1278/1266/1237
f 1281/1269/1240 1280/1268/1239 1278/1266/1237
f 1281/1269/1240 1278/1266/1237 1282/1270/1241
f 1277/1265/1236 1282/1270/1241 1278/1266/1237
f 1282/1270/1241 1277/1265/1236 1283/1271/1242
f 1284/1272/1243 1283/1271/1242 1277/1265/1236
f 1285/1273/1244 1284/1272/1243 1277/1265/1236
f 1285/1273/1244 1277/1265/1236 1276/1264/1235
f 1286/1274/1245 1285/1273/1244 1276/1264/1235
f 1276/1264/1235 1287/1275/1246 1286/1274/1245
f 1279/1267/1238 1287/1275/1246 1276/1264/1235
f 1279/1267/1238 1288/1276/1247 1287/1275/1246
f 1289/1277/1248 1288/1276/1247 1279/1267/1238
f 1280/1268/1239 1289/1277/1248 1279/1267/1238
f 1280/1268/1239 1290/1278/1249 1289/1277/1248
f 1290/1278/1249 1280/1268/1239 1281/1269/1240
f 1284/1272/1243 1285/1273/1244 1291/1279/1250
f 1292/1280/1251 1283/1271/1242 1293/1281/1252
f 1283/1271/1242 1284/1272/1243 1293/1281/1252
f 1284/1272/1243 1294/1282/1253 1293/1281/1252
f 1295/1283/1254 1294/1282/1253 1284/1272/1243
f 1291/1279/1250 1295/1283/1254 1284/1272/1243
f 1296/1284/1255 1295/1283/1254 1291/1279/1250
f 1297/1285/1256 1296/1284/1255 1291/1279/1250
f 1297/1285/1256 1298/1286/1257 1296/1284/1255
f 1298/1286/1257 1299/1287/1258 1296/1284/1255
f 1299/1287/1258 1300/1288/1259 1296/1284/1255
f 1300/1288/1259 1301/1289/1260 1296/1284/1255
f 1296/1284/1255 1301/1289/1260 1302/1290/1261
f 1295/1283/1254 1296/1284/1255 1302/1290/1261
f 1295/1283/1254 1302/1290/1261 1303/1291/1262
f 1294/1282/1253 1295/1283/1254 1303/1291/1262
f 1294/1282/1253 1303/1291/1262 1304/1292/1263
f 1293/1281/1252 1294/1282/1253 1304/1292/1263
f 1293/1281/1252 1304/1292/1263 1305/1293/1264
f 1306/1294/1265 1307/1295/1266 1291/1279/1250
f 1307/1295/1266 1297/1285/1256 1291/1279/1250
f 1307/1295/1266 1308/1296/1267 1297/1285/1256
f 1308/1296/1267 1298/1286/1257 1297/1285/1256
f 1309/1297/1268 1298/1286/1257 1308/1296/1267
f 1298/1286/1257 1309/1297/1268 1299/1287/1258
f 1309/1297/1268 1310/1298/1269 1299/1287/1258
f 1299/1287/1258 1310/1298/1269 1311/1299/1270
f 1300/1288/1259 1299/1287/1258 1311/1299/1270
f 1311/1299/1270 1312/1300/1271 1300/1288/1259
f 1312/1300/1271 1313/1301/1272 1300/1288/1259
f 1301/1289/1260 1300/1288/1259 1313/1301/1272
f 1314/1302/1273 1301/1289/1260 1313/1301/1272
f 1302/1290/1261 1301/1289/1260 1314/1302/1273
f 1315/1303/1274 1302/1290/1261 1314/1302/1273
f 1303/1291/1262 1302/1290/1261 1315/1303/1274
f 1316/1304/1275 1303/1291/1262 1315/1303/1274
f 1304/1292/1263 1303/1291/1262 1316/1304/1275
f 1317/1305/1276 1318/1306/1277 1319/1307/1278
f 1318/1306/1277 1320/1308/1279 1319/1307/1278
f 1321/1309/1280 1322/1310/1281 1320/1308/1279
f 1318/1306/1277 1321/1309/1280 1320/1308/1279
f 1323/1311/1282 1321/1309/1280 1318/1306/1277
f 1324/1312/1283 1323/1311/1282 1318/1306/1277
f 1324/1312/1283 1318/1306/1277 1317/1305/1276
f 1325/1313/1284 1324/1312/1283 1317/1305/1276
f 1325/1313/1284 1317/1305/1276 1307/1295/1266
f 1307/1295/1266 1317/1305/1276 1308/1296/1267
f 1317/1305/1276 1319/1307/1278 1308/1296/1267
f 1326/1314/1285 1327/1315/1286 1328/1316/1287
f 1326/1314/1285 1329/1317/1288 1327/1315/1286
f 1329/1317/1288 1330/1318/1289 1327/1315/1286
f 1330/1318/1289 1329/1317/1288 1322/1310/1281
f 1321/1309/1280 1330/1318/1289 1322/1310/1281
f 1331/1319/1290 1330/1318/1289 1321/1309/1280
f 1323/1311/1282 1331/1319/1290 1321/1309/1280
f 1323/1311/1282 1332/1320/1291 1331/1319/1290
f 1333/1321/1292 1332/1320/1291 1323/1311/1282
f 1324/1312/1283 1333/1321/1292 1323/1311/1282
f 1334/1322/1293 1333/1321/1292 1324/1312/1283
f 1325/1313/1284 1334/1322/1293 1324/1312/1283
f 1334/1322/1293 1325/1313/1284 1335/1323/1294
f 1335/1323/1294 1325/1313/1284 1307/1295/1266
f 1306/1294/1265 1335/1323/1294 1307/1295/1266
f 1332/1320/1291 1333/1321/1292 1336/1324/1295
f 1333/1321/1292 1337/1325/1296 1336/1324/1295
f 1337/1325/1296 1333/1321/1292 1334/1322/1293
f 1330/1318/1289 1331/1319/1290 1327/1315/1286
f 1338/1326/1297 1339/1327/1298 1328/1316/1287
f 1327/1315/1286 1338/1326/1297 1328/1316/1287
f 1327/1315/1286 1340/1328/1299 1338/1326/1297
f 1331/1319/1290 1340/1328/1299 1327/1315/1286
f 1331/1319/1290 1341/1329/1300 1340/1328/1299
f 1332/1320/1291 1341/1329/1300 1331/1319/1290
f 1342/1330/1301 1341/1329/1300 1332/1320/1291
f 1336/1324/1295 1342/1330/1301 1332/1320/1291
f 1342/1330/1301 1336/1324/1295 1343/1331/1302
f 1288/1276/1247 1343/1331/1302 1336/1324/1295
f 1337/1325/1296 1288/1276/1247 1336/1324/1295
f 1288/1276/1247 1337/1325/1296 1287/1275/1246
f 1287/1275/1246 1337/1325/1296 1334/1322/1293
f 1287/1275/1246 1334/1322/1293 1286/1274/1245
f 1286/1274/1245 1334/1322/1293 1335/1323/1294
f 1285/1273/1244 1286/1274/1245 1335/1323/1294
f 1306/1294/1265 1285/1273/1244 1335/1323/1294
f 1285/1273/1244 1306/1294/1265 1291/1279/1250
f 1344/1332/1303 1345/1333/1304 1346/1334/1305
f 1344/1332/1303 1347/1335/1306 1345/1333/1304
f 1348/1336/1307 1347/1335/1306 1344/1332/1303
f 1347/1335/1306 1348/1336/1307 1349/1337/1308
f 1348/1336/1307 1350/1338/1309 1349/1337/1308
f 1350/1338/1309 1351/1339/1310 1349/1337/1308
f 1352/1340/1311 1351/1339/1310 1350/1338/1309
f 1353/1341/1312 1351/1339/1310 1352/1340/1311
f 1354/1342/1313 1353/1341/1312 1352/1340/1311
f 1355/1343/1314 1353/1341/1312 1354/1342/1313
f 1356/1344/1315 1355/1343/1314 1354/1342/1313
f 1357/1345/1316 1355/1343/1314 1356/1344/1315
f 1358/1346/1317 1357/1345/1316 1356/1344/1315
f 1359/1347/1318 1357/1345/1316 1358/1346/1317
f 1360/1348/1319 1359/1347/1318 1358/1346/1317
f 1359/1347/1318 1360/1348/1319 1339/1327/1298
f 1360/1348/1319 1361/1349/1320 1339/1327/1298
f 1339/1327/1298 1361/1349/1320 1328/1316/1287
f 1313/1301/1272 1312/1300/1271 1362/1350/1321
f 1363/1351/1322 1364/1352/1323 1365/1353/1324
f 1364/1352/1323 1366/1354/1325 1365/1353/1324
f 1367/1355/1326 1366/1354/1325 1364/1352/1323
f 1368/1356/1327 1367/1355/1326 1364/1352/1323
f 1367/1355/1326 1368/1356/1327 1348/1336/1307
f 1368/1356/1327 1369/1357/1328 1348/1336/1307
f 1369/1357/1328 1370/1358/1329 1348/1336/1307
f 1370/1358/1329 1350/1338/1309 1348/1336/1307
f 1370/1358/1329 1352/1340/1311 1350/1338/1309
f 1370/1358/1329 1371/1359/1330 1352/1340/1311
f 1371/1359/1330 1370/1358/1329 1369/1357/1328
f 1372/1360/1331 1371/1359/1330 1369/1357/1328
f 1372/1360/1331 1369/1357/1328 1373/1361/1332
f 1369/1357/1328 1368/1356/1327 1373/1361/1332
f 1374/1362/1333 1373/1361/1332 1368/1356/1327
f 1364/1352/1323 1374/1362/1333 1368/1356/1327
f 1374/1362/1333 1364/1352/1323 1362/1350/1321
f 1364/1352/1323 1363/1351/1322 1362/1350/1321
f 1363/1351/1322 1313/1301/1272 1362/1350/1321
f 1313/1301/1272 1363/1351/1322 1365/1353/1324
f 1314/1302/1273 1313/1301/1272 1365/1353/1324
f 1365/1353/1324 1375/1363/1334 1314/1302/1273
f 1375/1363/1334 1365/1353/1324 1366/1354/1325
f 1346/1334/1305 1375/1363/1334 1366/1354/1325
f 1344/1332/1303 1346/1334/1305 1366/1354/1325
f 1367/1355/1326 1344/1332/1303 1366/1354/1325
f 1367/1355/1326 1348/1336/1307 1344/1332/1303
f 1316/1304/1275 1315/1303/1274 1375/1363/1334
f 1375/1363/1334 1315/1303/1274 1314/1302/1273
f 1376/1364/1335 1377/1365/1336 1378/1366/1337
f 1379/1367/1338 1376/1364/1335 1378/1366/1337
f 1380/1368/1339 1379/1367/1338 1378/1366/1337
f 1379/1367/1338 1380/1368/1339 1381/1369/1340
f 1382/1370/1341 1379/1367/1338 1381/1369/1340
f 1383/1371/1342 1382/1370/1341 1381/1369/1340
f 1382/1370/1341 1383/1371/1342 1384/1372/1343
f 1384/1372/1343 1383/1371/1342 1385/1373/1344
f 1386/1374/1345 1384/1372/1343 1385/1373/1344
f 1387/1375/1346 1386/1374/1345 1385/1373/1344
f 1386/1374/1345 1387/1375/1346 1388/1376/1347
f 1387/1375/1346 1389/1377/1348 1388/1376/1347
f 1388/1376/1347 1389/1377/1348 1390/1378/1349
f 1389/1377/1348 1316/1304/1275 1390/1378/1349
f 1390/1378/1349 1316/1304/1275 1375/1363/1334
f 1391/1379/1350 1390/1378/1349 1375/1363/1334
f 1346/1334/1305 1391/1379/1350 1375/1363/1334
f 1345/1333/1304 1391/1379/1350 1346/1334/1305
f 1345/1333/1304 1392/1380/1351 1391/1379/1350
f 1392/1380/1351 1393/1381/1352 1391/1379/1350
f 1391/1379/1350 1393/1381/1352 1390/1378/1349
f 1393/1381/1352 1388/1376/1347 1390/1378/1349
f 1393/1381/1352 1384/1372/1343 1388/1376/1347
f 1384/1372/1343 1386/1374/1345 1388/1376/1347
f 1392/1380/1351 1394/1382/1353 1393/1381/1352
f 1394/1382/1353 1384/1372/1343 1393/1381/1352
f 1394/1382/1353 1382/1370/1341 1384/1372/1343
f 1379/1367/1338 1382/1370/1341 1394/1382/1353
f 1347/1335/1306 1349/1337/1308 1395/1383/1354
f 1396/1384/1355 1347/1335/1306 1395/1383/1354
f 1347/1335/1306 1396/1384/1355 1345/1333/1304
f 1345/1333/1304 1396/1384/1355 1392/1380/1351
f 1396/1384/1355 1397/1385/1356 1392/1380/1351
f 1392/1380/1351 1397/1385/1356 1394/1382/1353
f 1397/1385/1356 1398/1386/1357 1394/1382/1353
f 1398/1386/1357 1379/1367/1338 1394/1382/1353
f 1398/1386/1357 1399/1387/1358 1379/1367/1338
f 1399/1387/1358 1376/1364/1335 1379/1367/1338
f 1376/1364/1335 1399/1387/1358 1377/1365/1336
f 1396/1384/1355 1395/1383/1354 1397/1385/1356
f 1395/1383/1354 1400/1388/1359 1397/1385/1356
f 1400/1388/1359 1399/1387/1358 1397/1385/1356
f 1399/1387/1358 1398/1386/1357 1397/1385/1356
f 1401/1389/1360 1402/1390/1361 1403/1391/1362
f 1404/1392/1363 1401/1389/1360 1403/1391/1362
f 1403/1391/1362 1405/1393/1364 1404/1392/1363
f 1405/1393/1364 1406/1394/1365 1404/1392/1363
f 1405/1393/1364 1407/1395/1366 1406/1394/1365
f 1407/1395/1366 1408/1396/1367 1406/1394/1365
f 1407/1395/1366 1409/1397/1368 1408/1396/1367
f 1409/1397/1368 1410/1398/1369 1408/1396/1367
f 1409/1397/1368 1411/1399/1370 1410/1398/1369
f 1411/1399/1370 1412/1400/1371 1410/1398/1369
f 1412/1400/1371 1411/1399/1370 1413/1401/1372
f 1412/1400/1371 1413/1401/1372 1351/1339/1310
f 1414/1402/1373 1351/1339/1310 1413/1401/1372
f 1351/1339/1310 1414/1402/1373 1349/1337/1308
f 1414/1402/1373 1415/1403/1374 1349/1337/1308
f 1415/1403/1374 1395/1383/1354 1349/1337/1308
f 1395/1383/1354 1415/1403/1374 1416/1404/1375
f 1400/1388/1359 1395/1383/1354 1416/1404/1375
f 1417/1405/1376 1341/1329/1300 1342/1330/1301
f 1341/1329/1300 1417/1405/1376 1340/1328/1299
f 1401/1389/1360 1340/1328/1299 1417/1405/1376
f 1340/1328/1299 1401/1389/1360 1338/1326/1297
f 1401/1389/1360 1404/1392/1363 1338/1326/1297
f 1404/1392/1363 1339/1327/1298 1338/1326/1297
f 1404/1392/1363 1406/1394/1365 1339/1327/1298
f 1406/1394/1365 1359/1347/1318 1339/1327/1298
f 1359/1347/1318 1406/1394/1365 1357/1345/1316
f 1406/1394/1365 1408/1396/1367 1357/1345/1316
f 1357/1345/1316 1408/1396/1367 1355/1343/1314
f 1408/1396/1367 1410/1398/1369 1355/1343/1314
f 1355/1343/1314 1410/1398/1369 1353/1341/1312
f 1410/1398/1369 1412/1400/1371 1353/1341/1312
f 1353/1341/1312 1412/1400/1371 1351/1339/1310
f 1418/1406/1377 1419/1407/1378 1420/1408/1379
f 1419/1407/1378 1421/1409/1380 1420/1408/1379
f 1419/1407/1378 1422/1410/1381 1421/1409/1380
f 1422/1410/1381 1419/1407/1378 1423/1411/1382
f 1422/1410/1381 1423/1411/1382 1424/1412/1383
f 1423/1411/1382 1425/1413/1384 1424/1412/1383
f 1423/1411/1382 1426/1414/1385 1425/1413/1384
f 1423/1411/1382 1427/1415/1386 1426/1414/1385
f 1428/1416/1387 1427/1415/1386 1423/1411/1382
f 1429/1417/1388 1427/1415/1386 1428/1416/1387
f 1430/1418/1389 1429/1417/1388 1428/1416/1387
f 1343/1331/1302 1429/1417/1388 1430/1418/1389
f 1431/1419/1390 1343/1331/1302 1430/1418/1389
f 1431/1419/1390 1342/1330/1301 1343/1331/1302
f 1432/1420/1391 1342/1330/1301 1431/1419/1390
f 1432/1420/1391 1417/1405/1376 1342/1330/1301
f 1417/1405/1376 1432/1420/1391 1402/1390/1361
f 1402/1390/1361 1401/1389/1360 1417/1405/1376
f 1419/1407/1378 1418/1406/1377 1423/1411/1382
f 1433/1421/1392 1409/1397/1368 1434/1422/1393
f 1409/1397/1368 1407/1395/1366 1434/1422/1393
f 1435/1423/1394 1434/1422/1393 1407/1395/1366
f 1405/1393/1364 1435/1423/1394 1407/1395/1366
f 1405/1393/1364 1403/1391/1362 1435/1423/1394
f 1403/1391/1362 1436/1424/1395 1435/1423/1394
f 1436/1424/1395 1403/1391/1362 1402/1390/1361
f 1437/1425/1396 1436/1424/1395 1402/1390/1361
f 1432/1420/1391 1437/1425/1396 1402/1390/1361
f 1432/1420/1391 1438/1426/1397 1437/1425/1396
f 1438/1426/1397 1432/1420/1391 1431/1419/1390
f 1439/1427/1398 1438/1426/1397 1431/1419/1390
f 1430/1418/1389 1439/1427/1398 1431/1419/1390
f 1430/1418/1389 1428/1416/1387 1439/1427/1398
f 1428/1416/1387 1440/1428/1399 1439/1427/1398
f 1423/1411/1382 1440/1428/1399 1428/1416/1387
f 1423/1411/1382 1418/1406/1377 1440/1428/1399
f 1418/1406/1377 1420/1408/1379 1440/1428/1399
f 1439/1427/1398 1420/1408/1379 1033/1032/985
f 1033/1032/985 1035/1034/987 1439/1427/1398
f 1035/1034/987 1438/1426/1397 1439/1427/1398
f 1438/1426/1397 1035/1034/987 1437/1425/1396
f 1035/1034/987 1036/1035/988 1437/1425/1396
f 1036/1035/988 1436/1424/1395 1437/1425/1396
f 1436/1424/1395 1036/1035/988 1037/1036/989
f 1435/1423/1394 1436/1424/1395 1037/1036/989
f 1435/1423/1394 1037/1036/989 1039/1038/991
f 1434/1422/1393 1435/1423/1394 1039/1038/991
f 1039/1038/991 1441/1429/1400 1434/1422/1393
f 1441/1429/1400 1433/1421/1392 1434/1422/1393
f 1433/1421/1392 1441/1429/1400 1442/1430/1401
f 1441/1429/1400 1443/1431/1402 1442/1430/1401
f 1442/1430/1401 1443/1431/1402 1444/1432/1403
f 1443/1431/1402 1445/1433/1404 1444/1432/1403
f 1443/1431/1402 1446/1434/1405 1445/1433/1404
f 1446/1434/1405 1447/1435/1406 1445/1433/1404
f 1411/1399/1370 1448/1436/1407 1413/1401/1372
f 1448/1436/1407 1415/1403/1374 1413/1401/1372
f 1415/1403/1374 1414/1402/1373 1413/1401/1372
f 1054/1053/1007 1056/1055/1009 1449/1437/1408
f 1054/1053/1007 1449/1437/1408 1039/1038/991
f 1449/1437/1408 1441/1429/1400 1039/1038/991
f 1441/1429/1400 1449/1437/1408 1443/1431/1402
f 1449/1437/1408 1446/1434/1405 1443/1431/1402
f 1450/1438/1409 1058/1057/1011 1083/1082/1036
f 1056/1055/1009 1058/1057/1011 1450/1438/1409
f 1451/1439/1410 1056/1055/1009 1450/1438/1409
f 1056/1055/1009 1451/1439/1410 1449/1437/1408
f 1451/1439/1410 1452/1440/1411 1449/1437/1408
f 1452/1440/1411 1446/1434/1405 1449/1437/1408
f 1452/1440/1411 1453/1441/1412 1446/1434/1405
f 1453/1441/1412 1447/1435/1406 1446/1434/1405
f 1447/1435/1406 1453/1441/1412 1454/1442/1413
f 1445/1433/1404 1447/1435/1406 1454/1442/1413
f 1454/1442/1413 1416/1404/1375 1445/1433/1404
f 1416/1404/1375 1444/1432/1403 1445/1433/1404
f 1416/1404/1375 1415/1403/1374 1444/1432/1403
f 1415/1403/1374 1448/1436/1407 1444/1432/1403
f 1442/1430/1401 1444/1432/1403 1448/1436/1407
f 1411/1399/1370 1442/1430/1401 1448/1436/1407
f 1433/1421/1392 1442/1430/1401 1411/1399/1370
f 1409/1397/1368 1433/1421/1392 1411/1399/1370
f 1452/1440/1411 1451/1439/1410 1450/1438/1409
f 1453/1441/1412 1452/1440/1411 1455/1443/1414
f 1455/1443/1414 1452/1440/1411 1450/1438/1409
f 1450/1438/1409 1083/1082/1036 1455/1443/1414
f 1083/1082/1036 1082/1081/1035 1456/1444/1415
f 1083/1082/1036 1456/1444/1415 1455/1443/1414
f 1455/1443/1414 1456/1444/1415 1457/1445/1416
f 1457/1445/1416 1453/1441/1412 1455/1443/1414
f 1458/1446/1417 1453/1441/1412 1457/1445/1416
f 1453/1441/1412 1458/1446/1417 1454/1442/1413
f 1416/1404/1375 1454/1442/1413 1400/1388/1359
f 1454/1442/1413 1399/1387/1358 1400/1388/1359
f 1458/1446/1417 1399/1387/1358 1454/1442/1413
f 1399/1387/1358 1458/1446/1417 1377/1365/1336
f 1377/1365/1336 1458/1446/1417 1457/1445/1416
f 1457/1445/1416 1459/1447/1418 1377/1365/1336
f 1456/1444/1415 1459/1447/1418 1457/1445/1416
f 1456/1444/1415 1460/1448/1419 1459/1447/1418
f 1082/1081/1035 1460/1448/1419 1456/1444/1415
f 1461/1449/1420 1460/1448/1419 1082/1081/1035
f 1081/1080/1034 1461/1449/1420 1082/1081/1035
f 1081/1080/1034 1462/1450/1421 1461/1449/1420
f 1084/1083/1037 1462/1450/1421 1081/1080/1034
f 1084/1083/1037 1463/1451/1422 1462/1450/1421
f 1084/1083/1037 1085/1084/1038 1463/1451/1422
f 1085/1084/1038 1464/1452/1423 1463/1451/1422
f 1464/1452/1423 1085/1084/1038 1086/1085/1039
f 1094/1093/1047 1464/1452/1423 1086/1085/1039
f 1463/1451/1422 1464/1452/1423 1465/1453/1424
f 1124/1118/1077 1464/1452/1423 1094/1093/1047
f 1464/1452/1423 1124/1118/1077 1465/1453/1424
f 1124/1118/1077 1028/1027/977 1465/1453/1424
f 1027/1026/976 1465/1453/1424 1028/1027/977
f 1463/1451/1422 1465/1453/1424 1027/1026/976
f 1466/1454/1425 1463/1451/1422 1027/1026/976
f 1463/1451/1422 1466/1454/1425 1462/1450/1421
f 768/768/718 767/767/717 1025/1024/974
f 767/767/717 1467/1455/1426 1025/1024/974
f 1467/1455/1426 1026/1025/975 1025/1024/974
f 1468/1456/1427 1469/1457/1428 1470/1458/1429
f 1468/1456/1427 1470/1458/1429 1471/1459/1430
f 1472/1460/1431 1468/1456/1427 1471/1459/1430
f 1472/1460/1431 1471/1459/1430 1461/1449/1420
f 1462/1450/1421 1472/1460/1431 1461/1449/1420
f 1462/1450/1421 1466/1454/1425 1472/1460/1431
f 1466/1454/1425 1468/1456/1427 1472/1460/1431
f 1466/1454/1425 1027/1026/976 1468/1456/1427
f 1027/1026/976 1469/1457/1428 1468/1456/1427
f 1026/1025/975 1469/1457/1428 1027/1026/976
f 1469/1457/1428 1026/1025/975 1473/1461/1432
f 1026/1025/975 1467/1455/1426 1473/1461/1432
f 1473/1461/1432 1467/1455/1426 1474/1462/1433
f 1467/1455/1426 767/767/717 1474/1462/1433
f 1475/1463/1434 1474/1462/1433 767/767/717
f 766/766/716 1475/1463/1434 767/767/717
f 766/766/716 765/765/715 1475/1463/1434
f 765/765/715 1476/1464/1435 1475/1463/1434
f 1475/1463/1434 1476/1464/1435 1477/1465/1436
f 1478/1466/1437 1475/1463/1434 1477/1465/1436
f 1475/1463/1434 1478/1466/1437 1474/1462/1433
f 1478/1466/1437 1479/1467/1438 1474/1462/1433
f 1473/1461/1432 1474/1462/1433 1479/1467/1438
f 1470/1458/1429 1473/1461/1432 1479/1467/1438
f 1469/1457/1428 1473/1461/1432 1470/1458/1429
f 1471/1459/1430 1470/1458/1429 1480/1468/1439
f 1470/1458/1429 1479/1467/1438 1480/1468/1439
f 1480/1468/1439 1479/1467/1438 1478/1466/1437
f 760/760/711 1476/1464/1435 765/765/715
f 760/760/711 762/762/712 1476/1464/1435
f 762/762/712 1477/1465/1436 1476/1464/1435
f 1481/1469/1440 1477/1465/1436 762/762/712
f 1478/1466/1437 1477/1465/1436 1481/1469/1440
f 1482/1470/1441 1478/1466/1437 1481/1469/1440
f 1482/1470/1441 1480/1468/1439 1478/1466/1437
f 1483/1471/1442 1480/1468/1439 1482/1470/1441
f 1471/1459/1430 1480/1468/1439 1483/1471/1442
f 1484/1472/1443 1471/1459/1430 1483/1471/1442
f 1471/1459/1430 1484/1472/1443 1461/1449/1420
f 1484/1472/1443 1485/1473/1444 1461/1449/1420
f 1485/1473/1444 1460/1448/1419 1461/1449/1420
f 1460/1448/1419 1485/1473/1444 1459/1447/1418
f 1459/1447/1418 1485/1473/1444 1486/1474/1445
f 1459/1447/1418 1486/1474/1445 1377/1365/1336
f 1377/1365/1336 1486/1474/1445 1378/1366/1337
f 1487/1475/1446 1378/1366/1337 1486/1474/1445
f 1488/1476/1447 1483/1471/1442 1482/1470/1441
f 1488/1476/1447 1482/1470/1441 1489/1477/1448
f 1482/1470/1441 1481/1469/1440 1489/1477/1448
f 1489/1477/1448 1481/1469/1440 763/763/1449
f 763/763/1449 1481/1469/1440 762/762/712
f 1490/1478/428 1491/1479/1450 764/764/1451
f 1491/1479/1450 763/763/1449 764/764/1451
f 1491/1479/1450 1489/1477/1448 763/763/1449
f 1492/1480/1452 1493/1481/1453 1494/1482/1454
f 1487/1475/1446 1492/1480/1452 1494/1482/1454
f 1492/1480/1452 1487/1475/1446 1486/1474/1445
f 1492/1480/1452 1486/1474/1445 1495/1483/1455
f 1485/1473/1444 1495/1483/1455 1486/1474/1445
f 1485/1473/1444 1484/1472/1443 1495/1483/1455
f 1484/1472/1443 1483/1471/1442 1495/1483/1455
f 1496/1484/1456 1495/1483/1455 1483/1471/1442
f 1488/1476/1447 1496/1484/1456 1483/1471/1442
f 1497/1485/1457 1496/1484/1456 1488/1476/1447
f 1489/1477/1448 1497/1485/1457 1488/1476/1447
f 1497/1485/1457 1489/1477/1448 1498/1486/1458
f 1489/1477/1448 1491/1479/1450 1498/1486/1458
f 1491/1479/1450 1499/1487/1459 1498/1486/1458
f 1491/1479/1450 1490/1478/428 1499/1487/1459
f 1490/1478/428 1500/1488/427 1499/1487/1459
f 1499/1487/1459 1500/1488/427 729/729/1460
f 727/727/687 1499/1487/1459 729/729/1460
f 1499/1487/1459 727/727/687 726/726/686
f 1498/1486/1458 1499/1487/1459 726/726/686
f 1501/1489/1461 1498/1486/1458 726/726/686
f 1501/1489/1461 1497/1485/1457 1498/1486/1458
f 1493/1481/1453 1497/1485/1457 1501/1489/1461
f 1493/1481/1453 1492/1480/1452 1497/1485/1457
f 1492/1480/1452 1496/1484/1456 1497/1485/1457
f 1496/1484/1456 1492/1480/1452 1495/1483/1455
f 1502/1490/1462 1503/1491/1463 1504/1492/1464
f 1504/1492/1464 1503/1491/1463 1505/1493/1465
f 1503/1491/1463 1506/1494/1466 1505/1493/1465
f 1503/1491/1463 661/661/621 1506/1494/1466
f 661/661/621 1503/1491/1463 1502/1490/1462
f 662/662/622 661/661/621 1502/1490/1462
f 662/662/622 1502/1490/1462 1507/1495/1467
f 663/663/623 662/662/622 1507/1495/1467
f 663/663/623 1507/1495/1467 664/664/624
f 1507/1495/1467 1508/1496/1468 664/664/624
f 678/678/1469 664/664/624 1508/1496/1468
f 1509/1497/1470 678/678/1469 1508/1496/1468
f 678/678/1469 1509/1497/1470 676/676/636
f 1509/1497/1470 726/726/686 676/676/636
f 1509/1497/1470 1501/1489/1461 726/726/686
f 1510/1498/1471 1501/1489/1461 1509/1497/1470
f 1510/1498/1471 1493/1481/1453 1501/1489/1461
f 1494/1482/1454 1493/1481/1453 1510/1498/1471
f 1508/1496/1468 1510/1498/1471 1509/1497/1470
f 1511/1499/1472 1510/1498/1471 1508/1496/1468
f 1507/1495/1467 1511/1499/1472 1508/1496/1468
f 1512/1500/1473 1511/1499/1472 1507/1495/1467
f 1502/1490/1462 1512/1500/1473 1507/1495/1467
f 1512/1500/1473 1502/1490/1462 1504/1492/1464
f 1494/1482/1454 1511/1499/1472 1512/1500/1473
f 1511/1499/1472 1494/1482/1454 1510/1498/1471
f 660/660/620 1513/1501/1474 661/661/621
f 661/661/621 1513/1501/1474 1506/1494/1466
f 1514/1502/1475 1515/1503/1476 657/657/617
f 1515/1503/1476 658/658/618 657/657/617
f 658/658/618 1515/1503/1476 660/660/620
f 1515/1503/1476 1513/1501/1474 660/660/620
f 1513/1501/1474 1515/1503/1476 1516/1504/1477
f 1506/1494/1466 1513/1501/1474 1516/1504/1477
f 1506/1494/1466 1516/1504/1477 1517/1505/1478
f 1505/1493/1465 1506/1494/1466 1517/1505/1478
f 1518/1506/1479 1505/1493/1465 1517/1505/1478
f 1505/1493/1465 1518/1506/1479 1504/1492/1464
f 1518/1506/1479 1519/1507/1480 1504/1492/1464
f 1504/1492/1464 1519/1507/1480 1512/1500/1473
f 1519/1507/1480 1520/1508/1481 1512/1500/1473
f 1520/1508/1481 1494/1482/1454 1512/1500/1473
f 1520/1508/1481 1521/1509/1482 1494/1482/1454
f 1521/1509/1482 1487/1475/1446 1494/1482/1454
f 1521/1509/1482 1380/1368/1339 1487/1475/1446
f 1380/1368/1339 1378/1366/1337 1487/1475/1446
f 1522/1510/1483 1523/1511/1484 1524/1512/1485
f 1523/1511/1484 1518/1506/1479 1524/1512/1485
f 1518/1506/1479 1523/1511/1484 1519/1507/1480
f 1523/1511/1484 1525/1513/1486 1519/1507/1480
f 1519/1507/1480 1525/1513/1486 1520/1508/1481
f 1525/1513/1486 1521/1509/1482 1520/1508/1481
f 1525/1513/1486 1381/1369/1340 1521/1509/1482
f 1381/1369/1340 1380/1368/1339 1521/1509/1482
f 1524/1512/1485 1518/1506/1479 1517/1505/1478
f 1526/1514/1487 1527/1515/1488 1522/1510/1483
f 1527/1515/1488 1523/1511/1484 1522/1510/1483
f 1523/1511/1484 1527/1515/1488 1525/1513/1486
f 1527/1515/1488 1381/1369/1340 1525/1513/1486
f 1515/1503/1476 1514/1502/1475 1516/1504/1477
f 1514/1502/1475 1528/1516/1489 1516/1504/1477
f 1516/1504/1477 1528/1516/1489 1517/1505/1478
f 1528/1516/1489 1529/1517/1490 1517/1505/1478
f 1529/1517/1490 1530/1518/1491 1517/1505/1478
f 1530/1518/1491 1524/1512/1485 1517/1505/1478
f 1530/1518/1491 1531/1519/1492 1524/1512/1485
f 1531/1519/1492 1522/1510/1483 1524/1512/1485
f 1531/1519/1492 1532/1520/1493 1522/1510/1483
f 1532/1520/1493 1526/1514/1487 1522/1510/1483
f 1526/1514/1487 1532/1520/1493 1385/1373/1344
f 1527/1515/1488 1526/1514/1487 1385/1373/1344
f 1383/1371/1342 1527/1515/1488 1385/1373/1344
f 1527/1515/1488 1383/1371/1342 1381/1369/1340
f 1389/1377/1348 1304/1292/1263 1316/1304/1275
f 1305/1293/1264 1304/1292/1263 1389/1377/1348
f 1387/1375/1346 1305/1293/1264 1389/1377/1348
f 1533/1521/1494 1305/1293/1264 1387/1375/1346
f 1534/1522/1495 1533/1521/1494 1387/1375/1346
f 1533/1521/1494 1534/1522/1495 834/834/779
f 1534/1522/1495 1532/1520/1493 834/834/779
f 834/834/779 1532/1520/1493 835/835/780
f 1532/1520/1493 1531/1519/1492 835/835/780
f 835/835/780 1531/1519/1492 836/836/781
f 1531/1519/1492 1530/1518/1491 836/836/781
f 836/836/781 1530/1518/1491 837/837/782
f 1530/1518/1491 1529/1517/1490 837/837/782
f 839/839/784 837/837/782 1529/1517/1490
f 1528/1516/1489 839/839/784 1529/1517/1490
f 642/642/602 839/839/784 1528/1516/1489
f 1514/1502/1475 642/642/602 1528/1516/1489
f 1514/1502/1475 657/657/617 642/642/602
f 1532/1520/1493 1534/1522/1495 1385/1373/1344
f 1534/1522/1495 1387/1375/1346 1385/1373/1344
f 1535/1523/1496 1536/1524/1497 1537/1525/1498
f 1535/1523/1496 1538/1526/1499 1536/1524/1497
f 1538/1526/1499 1535/1523/1496 1539/1527/1500
f 1540/1528/1501 1538/1526/1499 1539/1527/1500
f 1540/1528/1501 1539/1527/1500 1541/1529/1502
f 1539/1527/1500 1542/1530/1503 1541/1529/1502
f 1542/1530/1503 1543/1531/1504 1541/1529/1502
f 1542/1530/1503 1544/1532/1505 1543/1531/1504
f 1542/1530/1503 1539/1527/1500 1544/1532/1505
f 1539/1527/1500 1545/1533/1506 1544/1532/1505
f 1539/1527/1500 1535/1523/1496 1545/1533/1506
f 1535/1523/1496 1546/1534/1507 1545/1533/1506
f 1546/1534/1507 1535/1523/1496 1537/1525/1498
f 1546/1534/1507 1537/1525/1498 1547/1535/1508
f 1537/1525/1498 1548/1536/1509 1547/1535/1508
f 1547/1535/1508 1548/1536/1509 1549/1537/1510
f 1550/1538/1511 1547/1535/1508 1549/1537/1510
f 1549/1537/1510 1551/1539/1512 1550/1538/1511
f 1551/1539/1512 1552/1540/1513 1550/1538/1511
f 1552/1540/1513 1551/1539/1512 1553/1541/1514
f 1545/1533/1506 1554/1542/1515 1544/1532/1505
f 1545/1533/1506 1546/1534/1507 1554/1542/1515
f 1546/1534/1507 1547/1535/1508 1554/1542/1515
f 1554/1542/1515 1547/1535/1508 1550/1538/1511
f 1555/1543/1516 1556/1544/1517 1557/1545/1518
f 1555/1543/1516 1557/1545/1518 1558/1546/1519
f 1558/1546/1519 1559/1547/1520 1555/1543/1516
f 1558/1546/1519 1560/1548/1521 1559/1547/1520
f 1560/1548/1521 1558/1546/1519 1561/1549/1522
f 1560/1548/1521 1561/1549/1522 1553/1541/1514
f 1561/1549/1522 1562/1550/1523 1553/1541/1514
f 1562/1550/1523 1552/1540/1513 1553/1541/1514
f 1563/1551/1524 1552/1540/1513 1562/1550/1523
f 1552/1540/1513 1563/1551/1524 1550/1538/1511
f 1563/1551/1524 1564/1552/1525 1550/1538/1511
f 1564/1552/1525 1554/1542/1515 1550/1538/1511
f 1565/1553/1526 1554/1542/1515 1564/1552/1525
f 1554/1542/1515 1565/1553/1526 1544/1532/1505
f 1566/1554/1527 1544/1532/1505 1565/1553/1526
f 1544/1532/1505 1566/1554/1527 1543/1531/1504
f 1566/1554/1527 1567/1555/1528 1543/1531/1504
f 1567/1555/1528 1568/1556/1529 1543/1531/1504
f 1569/1557/1530 1566/1554/1527 1565/1553/1526
f 1570/1558/1531 1562/1550/1523 1561/1549/1522
f 1571/1559/1532 1562/1550/1523 1570/1558/1531
f 1571/1559/1532 1563/1551/1524 1562/1550/1523
f 1572/1560/1533 1563/1551/1524 1571/1559/1532
f 1563/1551/1524 1572/1560/1533 1564/1552/1525
f 1572/1560/1533 1573/1561/1534 1564/1552/1525
f 1573/1561/1534 1565/1553/1526 1564/1552/1525
f 1565/1553/1526 1573/1561/1534 1574/1562/1535
f 1569/1557/1530 1565/1553/1526 1574/1562/1535
f 1575/1563/1536 1569/1557/1530 1574/1562/1535
f 1566/1554/1527 1569/1557/1530 1575/1563/1536
f 1567/1555/1528 1566/1554/1527 1575/1563/1536
f 1575/1563/1536 1576/1564/1537 1567/1555/1528
f 1573/1561/1534 1572/1560/1533 1574/1562/1535
f 1572/1560/1533 1214/1207/1171 1574/1562/1535
f 1214/1207/1171 1572/1560/1533 1577/1565/1538
f 1577/1565/1538 1572/1560/1533 1571/1559/1532
f 1577/1565/1538 1571/1559/1532 1578/1566/1539
f 1578/1566/1539 1571/1559/1532 1570/1558/1531
f 1212/1205/1169 1214/1207/1171 1577/1565/1538
f 1212/1205/1169 1577/1565/1538 1204/1197/1161
f 1204/1197/1161 1577/1565/1538 1578/1566/1539
f 1203/1196/1160 1212/1205/1169 1204/1197/1161
f 1178/1171/1135 1159/1153/1116 1180/1173/1137
f 1159/1153/1116 1178/1171/1135 1158/1152/1115
f 1163/1157/1120 1165/1159/1122 1204/1197/1161
f 1578/1566/1539 1163/1157/1120 1204/1197/1161
f 1163/1157/1120 1578/1566/1539 1162/1156/1119
f 1578/1566/1539 1570/1558/1531 1162/1156/1119
f 1161/1155/1118 1162/1156/1119 1570/1558/1531
f 1161/1155/1118 1570/1558/1531 1561/1549/1522
f 1161/1155/1118 1561/1549/1522 1160/1154/1117
f 1561/1549/1522 1558/1546/1519 1160/1154/1117
f 1160/1154/1117 1558/1546/1519 1159/1153/1116
f 1558/1546/1519 1579/1567/1540 1159/1153/1116
f 1159/1153/1116 1579/1567/1540 1180/1173/1137
f 1579/1567/1540 1557/1545/1518 1180/1173/1137
f 1557/1545/1518 868/868/813 1180/1173/1137
f 869/869/814 868/868/813 1557/1545/1518
f 1580/1568/1541 869/869/814 1557/1545/1518
f 1580/1568/1541 1581/1569/1542 869/869/814
f 1581/1569/1542 872/872/817 869/869/814
f 874/874/819 872/872/817 1581/1569/1542
f 1557/1545/1518 1579/1567/1540 1558/1546/1519
f 874/874/819 1582/1570/1543 876/876/821
f 1582/1570/1543 874/874/819 1581/1569/1542
f 1581/1569/1542 1583/1571/1544 1582/1570/1543
f 1583/1571/1544 1581/1569/1542 1580/1568/1541
f 1556/1544/1517 1583/1571/1544 1580/1568/1541
f 1556/1544/1517 1580/1568/1541 1557/1545/1518
f 1555/1543/1516 1559/1547/1520 1556/1544/1517
f 1583/1571/1544 1584/1572/1545 1582/1570/1543
f 1585/1573/1546 1586/1574/1547 1587/1575/1548
f 1585/1573/1546 1551/1539/1512 1586/1574/1547
f 1551/1539/1512 1585/1573/1546 1588/1576/1549
f 1553/1541/1514 1551/1539/1512 1588/1576/1549
f 1588/1576/1549 1589/1577/1550 1553/1541/1514
f 1589/1577/1550 1560/1548/1521 1553/1541/1514
f 1560/1548/1521 1589/1577/1550 1590/1578/1551
f 1559/1547/1520 1560/1548/1521 1590/1578/1551
f 1559/1547/1520 1590/1578/1551 1591/1579/1552
f 1559/1547/1520 1591/1579/1552 1556/1544/1517
f 1556/1544/1517 1591/1579/1552 1592/1580/1553
f 1583/1571/1544 1556/1544/1517 1592/1580/1553
f 1592/1580/1553 1593/1581/1554 1583/1571/1544
f 1593/1581/1554 1584/1572/1545 1583/1571/1544
f 1584/1572/1545 1593/1581/1554 878/878/823
f 1582/1570/1543 1584/1572/1545 878/878/823
f 877/877/822 1582/1570/1543 878/878/823
f 1582/1570/1543 877/877/822 876/876/821
f 1594/1582/1555 880/880/825 879/879/824
f 1593/1581/1554 879/879/824 878/878/823
f 1593/1581/1554 1594/1582/1555 879/879/824
f 1594/1582/1555 1593/1581/1554 1592/1580/1553
f 1595/1583/1556 1594/1582/1555 1592/1580/1553
f 1594/1582/1555 1595/1583/1556 1596/1584/1557
f 1597/1585/1558 1594/1582/1555 1596/1584/1557
f 880/880/825 1594/1582/1555 1597/1585/1558
f 881/881/826 880/880/825 1597/1585/1558
f 883/883/828 881/881/826 1598/1586/1559
f 881/881/826 1597/1585/1558 1598/1586/1559
f 1598/1586/1559 1597/1585/1558 1587/1575/1548
f 1597/1585/1558 1596/1584/1557 1587/1575/1548
f 1587/1575/1548 1596/1584/1557 1588/1576/1549
f 1596/1584/1557 1589/1577/1550 1588/1576/1549
f 1589/1577/1550 1596/1584/1557 1595/1583/1556
f 1590/1578/1551 1589/1577/1550 1595/1583/1556
f 1590/1578/1551 1595/1583/1556 1592/1580/1553
f 1591/1579/1552 1590/1578/1551 1592/1580/1553
f 1585/1573/1546 1587/1575/1548 1588/1576/1549
f 833/833/778 1533/1521/1494 834/834/779
f 1533/1521/1494 833/833/778 1305/1293/1264
f 833/833/778 1599/1587/1560 1305/1293/1264
f 1599/1587/1560 1293/1281/1252 1305/1293/1264
f 1599/1587/1560 1292/1280/1251 1293/1281/1252
f 1292/1280/1251 1599/1587/1560 833/833/778
f 1600/1588/1561 1292/1280/1251 833/833/778
f 1600/1588/1561 833/833/778 832/832/777
f 1601/1589/1562 1600/1588/1561 832/832/777
f 831/831/776 1601/1589/1562 832/832/777
f 831/831/776 1602/1590/1563 1601/1589/1562
f 898/898/845 1602/1590/1563 831/831/776
f 898/898/845 1603/1591/1564 1602/1590/1563
f 1603/1591/1564 898/898/845 885/885/830
f 1603/1591/1564 885/885/830 1604/1592/1565
f 885/885/830 883/883/828 1604/1592/1565
f 1605/1593/1566 1604/1592/1565 883/883/828
f 1598/1586/1559 1605/1593/1566 883/883/828
f 1605/1593/1566 1598/1586/1559 1606/1594/1567
f 1598/1586/1559 1587/1575/1548 1606/1594/1567
f 1586/1574/1547 1606/1594/1567 1587/1575/1548
f 1551/1539/1512 1549/1537/1510 1586/1574/1547
f 1586/1574/1547 1549/1537/1510 1548/1536/1509
f 1603/1591/1564 1604/1592/1565 1607/1595/1568
f 1603/1591/1564 1607/1595/1568 1602/1590/1563
f 1602/1590/1563 1607/1595/1568 1608/1596/1569
f 1602/1590/1563 1608/1596/1569 1601/1589/1562
f 1608/1596/1569 1609/1597/1570 1601/1589/1562
f 1609/1597/1570 1610/1598/1571 1601/1589/1562
f 1610/1598/1571 1292/1280/1251 1601/1589/1562
f 1292/1280/1251 1600/1588/1561 1601/1589/1562
f 1611/1599/1572 1612/1600/1573 1548/1536/1509
f 1612/1600/1573 1586/1574/1547 1548/1536/1509
f 1612/1600/1573 1613/1601/1574 1586/1574/1547
f 1613/1601/1574 1606/1594/1567 1586/1574/1547
f 1605/1593/1566 1606/1594/1567 1613/1601/1574
f 1614/1602/1575 1605/1593/1566 1613/1601/1574
f 1604/1592/1565 1605/1593/1566 1614/1602/1575
f 1615/1603/1576 1604/1592/1565 1614/1602/1575
f 1604/1592/1565 1615/1603/1576 1607/1595/1568
f 1607/1595/1568 1615/1603/1576 1616/1604/1577
f 1607/1595/1568 1616/1604/1577 1608/1596/1569
f 1616/1604/1577 1290/1278/1249 1608/1596/1569
f 1290/1278/1249 1609/1597/1570 1608/1596/1569
f 1609/1597/1570 1290/1278/1249 1281/1269/1240
f 1610/1598/1571 1609/1597/1570 1281/1269/1240
f 1282/1270/1241 1610/1598/1571 1281/1269/1240
f 1292/1280/1251 1610/1598/1571 1282/1270/1241
f 1292/1280/1251 1282/1270/1241 1283/1271/1242
f 1288/1276/1247 1289/1277/1248 1343/1331/1302
f 1617/1605/1578 1429/1417/1388 1343/1331/1302
f 1618/1606/1579 1617/1605/1578 1343/1331/1302
f 1289/1277/1248 1618/1606/1579 1343/1331/1302
f 1289/1277/1248 1619/1607/1580 1618/1606/1579
f 1290/1278/1249 1619/1607/1580 1289/1277/1248
f 1619/1607/1580 1290/1278/1249 1616/1604/1577
f 1613/1601/1574 1612/1600/1573 1611/1599/1572
f 1620/1608/1581 1621/1609/1582 1622/1610/1583
f 1621/1609/1582 1623/1611/1584 1622/1610/1583
f 1622/1610/1583 1623/1611/1584 1624/1612/1585
f 1625/1613/1586 1626/1614/1587 1627/1615/1588
f 1626/1614/1587 1628/1616/1589 1627/1615/1588
f 1628/1616/1589 1629/1617/1590 1627/1615/1588
f 1629/1617/1590 1630/1618/1591 1627/1615/1588
f 1629/1617/1590 1611/1599/1572 1630/1618/1591
f 1621/1609/1582 1611/1599/1572 1629/1617/1590
f 1621/1609/1582 1620/1608/1581 1611/1599/1572
f 1620/1608/1581 1613/1601/1574 1611/1599/1572
f 1613/1601/1574 1620/1608/1581 1622/1610/1583
f 1614/1602/1575 1613/1601/1574 1622/1610/1583
f 1614/1602/1575 1622/1610/1583 1615/1603/1576
f 1622/1610/1583 1624/1612/1585 1615/1603/1576
f 1615/1603/1576 1624/1612/1585 1616/1604/1577
f 1624/1612/1585 1619/1607/1580 1616/1604/1577
f 1623/1611/1584 1619/1607/1580 1624/1612/1585
f 1619/1607/1580 1623/1611/1584 1618/1606/1579
f 1623/1611/1584 1621/1609/1582 1618/1606/1579
f 1621/1609/1582 1617/1605/1578 1618/1606/1579
f 1420/1408/1379 1439/1427/1398 1440/1428/1399
f 1617/1605/1578 1621/1609/1582 1629/1617/1590
f 1429/1417/1388 1617/1605/1578 1629/1617/1590
f 1628/1616/1589 1429/1417/1388 1629/1617/1590
f 1427/1415/1386 1429/1417/1388 1628/1616/1589
f 1427/1415/1386 1628/1616/1589 1426/1414/1592
f 1628/1616/1589 1626/1614/1587 1426/1414/1592
f 1425/1413/1593 1426/1414/1592 1626/1614/1587
f 1625/1613/1586 1425/1413/1593 1626/1614/1587
f 1425/1413/1593 1625/1613/1586 1424/1412/1594
f 1625/1613/1586 1631/1619/1595 1424/1412/1594
f 1631/1619/1595 1632/1620/1596 1424/1412/1594
f 1632/1620/1596 1422/1410/1597 1424/1412/1594
f 1632/1620/1596 1633/1621/1598 1422/1410/1597
f 1633/1621/1598 1421/1409/1599 1422/1410/1597
f 1421/1409/1599 1633/1621/1598 1029/1028/981
f 1421/1409/1599 1029/1028/981 1031/1030/983
f 1420/1408/1379 1421/1409/1599 1031/1030/983
f 1420/1408/1379 1031/1030/983 1033/1032/985
f 1538/1526/1499 1634/1622/1600 1536/1524/1497
f 1635/1623/1601 1636/1624/1602 1041/1040/1603
f 1030/1029/982 1635/1623/1601 1041/1040/1603
f 1635/1623/1601 1030/1029/982 1029/1028/981
f 1637/1625/1604 1635/1623/1601 1029/1028/981
f 1633/1621/1598 1637/1625/1604 1029/1028/981
f 1637/1625/1604 1633/1621/1598 1541/1529/1502
f 1633/1621/1598 1632/1620/1596 1541/1529/1502
f 1632/1620/1596 1540/1528/1501 1541/1529/1502
f 1632/1620/1596 1631/1619/1595 1540/1528/1501
f 1631/1619/1595 1538/1526/1499 1540/1528/1501
f 1631/1619/1595 1625/1613/1586 1538/1526/1499
f 1625/1613/1586 1634/1622/1600 1538/1526/1499
f 1634/1622/1600 1625/1613/1586 1627/1615/1588
f 1634/1622/1600 1627/1615/1588 1536/1524/1497
f 1627/1615/1588 1630/1618/1591 1536/1524/1497
f 1537/1525/1498 1536/1524/1497 1630/1618/1591
f 1611/1599/1572 1537/1525/1498 1630/1618/1591
f 1537/1525/1498 1611/1599/1572 1548/1536/1509
f 1638/1626/1605 1639/1627/1606 1640/1628/1607
f 1638/1626/1605 1641/1629/1608 1639/1627/1606
f 1641/1629/1608 1642/1630/1609 1639/1627/1606
f 1642/1630/1609 1641/1629/1608 1643/1631/1610
f 1641/1629/1608 1644/1632/1611 1643/1631/1610
f 1641/1629/1608 1645/1633/1612 1644/1632/1611
f 1645/1633/1612 1646/1634/1613 1644/1632/1611
f 1645/1633/1612 1647/1635/1614 1646/1634/1613
f 1647/1635/1614 1636/1624/1602 1646/1634/1613
f 1646/1634/1613 1636/1624/1602 1648/1636/1615
f 1636/1624/1602 1635/1623/1601 1648/1636/1615
f 1635/1623/1601 1637/1625/1604 1648/1636/1615
f 1637/1625/1604 1649/1637/1616 1648/1636/1615
f 1649/1637/1616 1637/1625/1604 1541/1529/1502
f 1543/1531/1504 1649/1637/1616 1541/1529/1502
f 1649/1637/1616 1543/1531/1504 1648/1636/1615
f 1543/1531/1504 1568/1556/1529 1648/1636/1615
f 1568/1556/1529 1644/1632/1611 1648/1636/1615
f 1644/1632/1611 1568/1556/1529 1567/1555/1528
f 1644/1632/1611 1646/1634/1613 1648/1636/1615
f 1048/1047/1001 1050/1049/1003 1650/1638/1617
f 1050/1049/1003 1651/1639/1618 1650/1638/1617
f 1651/1639/1618 1050/1049/1003 1051/1050/1004
f 1051/1050/1004 1052/1051/1619 1651/1639/1618
f 1052/1051/1619 1652/1640/1620 1651/1639/1618
f 1652/1640/1620 1052/1051/1619 1053/1052/1621
f 1645/1633/1612 1641/1629/1608 1638/1626/1605
f 1651/1639/1618 1652/1640/1620 1650/1638/1617
f 1652/1640/1620 1653/1641/1622 1650/1638/1617
f 1643/1631/1610 1644/1632/1611 1567/1555/1528
f 1576/1564/1537 1643/1631/1610 1567/1555/1528
f 1642/1630/1609 1643/1631/1610 1576/1564/1537
f 1654/1642/1623 1642/1630/1609 1576/1564/1537
f 1639/1627/1606 1642/1630/1609 1654/1642/1623
f 1655/1643/1624 1639/1627/1606 1654/1642/1623
f 1656/1644/1625 1639/1627/1606 1655/1643/1624
f 1639/1627/1606 1656/1644/1625 1640/1628/1607
f 1048/1047/1001 1640/1628/1607 1656/1644/1625
f 1048/1047/1001 1650/1638/1617 1640/1628/1607
f 1640/1628/1607 1650/1638/1617 1638/1626/1605
f 1650/1638/1617 1653/1641/1622 1638/1626/1605
f 1653/1641/1622 1645/1633/1612 1638/1626/1605
f 1653/1641/1622 1652/1640/1620 1645/1633/1612
f 1652/1640/1620 1647/1635/1614 1645/1633/1612
f 1647/1635/1614 1652/1640/1620 1053/1052/1621
f 1636/1624/1602 1647/1635/1614 1053/1052/1621
f 1041/1040/1603 1636/1624/1602 1053/1052/1621
f 1657/1645/1626 1656/1644/1625 1655/1643/1624
f 1658/1646/1627 1214/1207/1171 1213/1206/1170
f 1214/1207/1171 1658/1646/1627 1574/1562/1535
f 1658/1646/1627 1659/1647/1628 1574/1562/1535
f 1659/1647/1628 1575/1563/1536 1574/1562/1535
f 1575/1563/1536 1659/1647/1628 1660/1648/1629
f 1576/1564/1537 1575/1563/1536 1660/1648/1629
f 1576/1564/1537 1660/1648/1629 1661/1649/1630
f 1654/1642/1623 1576/1564/1537 1661/1649/1630
f 1654/1642/1623 1661/1649/1630 1662/1650/1631
f 1655/1643/1624 1654/1642/1623 1662/1650/1631
f 1662/1650/1631 1663/1651/1632 1655/1643/1624
f 1663/1651/1632 1657/1645/1626 1655/1643/1624
f 1059/1058/1012 1657/1645/1626 1663/1651/1632
f 1657/1645/1626 1059/1058/1012 1656/1644/1625
f 1059/1058/1012 1057/1056/1010 1656/1644/1625
f 1055/1054/1008 1656/1644/1625 1057/1056/1010
f 1055/1054/1008 1048/1047/1001 1656/1644/1625
f 1055/1054/1008 1049/1048/1002 1048/1047/1001
f 1062/1061/1015 1059/1058/1012 1663/1651/1632
f 1062/1061/1015 1663/1651/1632 1064/1063/1017
f 1663/1651/1632 1664/1652/1633 1064/1063/1017
f 1064/1063/1017 1664/1652/1633 1067/1066/1020
f 1664/1652/1633 1665/1653/1634 1067/1066/1020
f 1665/1653/1634 1664/1652/1633 1663/1651/1632
f 1662/1650/1631 1665/1653/1634 1663/1651/1632
f 1665/1653/1634 1662/1650/1631 1661/1649/1630
f 1659/1647/1628 1658/1646/1627 1660/1648/1629
f 1071/1070/1024 1666/1654/1635 1667/1655/1636
f 1071/1070/1024 1069/1068/1022 1666/1654/1635
f 1069/1068/1022 1668/1656/1637 1666/1654/1635
f 1668/1656/1637 1069/1068/1022 1067/1066/1020
f 1665/1653/1634 1668/1656/1637 1067/1066/1020
f 1665/1653/1634 1669/1657/1638 1668/1656/1637
f 1669/1657/1638 1665/1653/1634 1661/1649/1630
f 1670/1658/1639 1669/1657/1638 1661/1649/1630
f 1660/1648/1629 1670/1658/1639 1661/1649/1630
f 1658/1646/1627 1670/1658/1639 1660/1648/1629
f 1670/1658/1639 1658/1646/1627 1671/1659/1640
f 1658/1646/1627 1213/1206/1170 1671/1659/1640
f 1671/1659/1640 1213/1206/1170 1672/1660/1641
f 1213/1206/1170 1211/1204/1168 1672/1660/1641
f 1673/1661/1642 1672/1660/1641 1211/1204/1168
f 1210/1203/1167 1673/1661/1642 1211/1204/1168
f 1009/1008/959 1673/1661/1642 1210/1203/1167
f 1008/1007/958 1009/1008/959 1210/1203/1167
f 1670/1658/1639 1671/1659/1640 1674/1662/1643
f 1669/1657/1638 1670/1658/1639 1674/1662/1643
f 1669/1657/1638 1674/1662/1643 1668/1656/1637
f 1668/1656/1637 1674/1662/1643 1666/1654/1635
f 1011/1010/961 1673/1661/1642 1009/1008/959
f 1011/1010/961 1675/1663/1644 1673/1661/1642
f 1675/1663/1644 1672/1660/1641 1673/1661/1642
f 1671/1659/1640 1672/1660/1641 1675/1663/1644
f 1674/1662/1643 1671/1659/1640 1675/1663/1644
f 1675/1663/1644 1676/1664/1645 1674/1662/1643
f 1676/1664/1645 1666/1654/1635 1674/1662/1643
f 1666/1654/1635 1676/1664/1645 1667/1655/1636
f 1011/1010/961 1676/1664/1645 1675/1663/1644
f 1677/1665/1646 1678/1666/1647 1679/1667/1648
f 1678/1666/1647 990/989/939 1679/1667/1648
f 1678/1666/1647 1010/1009/960 990/989/939
f 1010/1009/960 991/990/940 990/989/939
f 1010/1009/960 992/991/941 991/990/940
f 1010/1009/960 1678/1666/1647 1011/1010/961
f 1678/1666/1647 1676/1664/1645 1011/1010/961
f 1676/1664/1645 1678/1666/1647 1677/1665/1646
f 1667/1655/1636 1676/1664/1645 1677/1665/1646
f 1680/1668/1649 1667/1655/1636 1677/1665/1646
f 1071/1070/1024 1667/1655/1636 1680/1668/1649
f 1681/1669/1650 1071/1070/1024 1680/1668/1649
f 1681/1669/1650 945/944/894 1071/1070/1024
f 945/944/894 1681/1669/1650 944/943/893
f 1681/1669/1650 1680/1668/1649 944/943/893
f 1680/1668/1649 942/941/891 944/943/893
f 942/941/891 1680/1668/1649 940/939/889
f 1680/1668/1649 1682/1670/1651 940/939/889
f 1682/1670/1651 1680/1668/1649 1677/1665/1646
f 969/968/918 1682/1670/1651 1677/1665/1646
f 1679/1667/1648 969/968/918 1677/1665/1646
f 1679/1667/1648 967/966/916 969/968/918
f 1679/1667/1648 990/989/939 967/966/916
f 940/939/889 1682/1670/1651 938/937/887
f 1682/1670/1651 969/968/918 938/937/887
f 1179/1172/1652 1181/1174/1653 1177/1170/1654
# Vertices: 1682, normals: 1654, texture coordinates: 1670, faces: 3114

o obj2
v -0.00048803 1.19756854 0.05614917
v 0.02497842 1.20757699 0.03396437
v -0.02420779 1.20757699 0.03396437
v 0.02518205 1.21851552 0.03526985
v -0.0244138 1.21858799 0.03528225
v 0.02362549 1.23040032 0.0369773
v -0.0230478 1.23039997 0.0369773
v -0.0006842 1.22896552 0.06130699
v -0.00054388 1.22283566 0.07243486
v -0.00135412 1.22469795 0.07259062
v -0.00059063 1.22137964 0.07265038
v -0.00151446 1.2191484 0.07339367
v -0.00425063 1.2192502 0.07325006
v -0.00312567 1.22568858 0.07242769
v -0.00492694 1.22567773 0.07223457
v -0.00681101 1.22302306 0.07220337
v -0.0068722 1.21934772 0.07264189
v -0.00723956 1.22297955 0.07171793
v -0.0073469 1.2191751 0.07197904
v -0.00673831 1.21853709 0.07256094
v -0.00415355 1.21849334 0.07318663
v -0.00153461 1.21845126 0.07331567
v -0.00097548 1.21843863 0.07342651
v -0.01822609 1.21806931 0.06034154
v -0.0175442 1.22844005 0.06380531
v -0.01933513 1.21902466 0.05813143
v -0.01970858 1.22844005 0.05634569
v -0.02175876 1.21844804 0.0438378
v -0.02213222 1.22844005 0.04367748
v -0.01378238 1.21833754 0.0681114
v -0.01257278 1.21872509 0.06907909
v -0.01417972 1.21924853 0.06829648
v -0.01602887 1.22007596 0.06537608
v -0.01556816 1.2190274 0.06521367
v -0.01543685 1.21925569 0.0642545
v -0.01599052 1.22035909 0.06437671
v -0.01594945 1.22486246 0.0650327
v -0.01543081 1.22611284 0.06634267
v -0.01421085 1.2261107 0.06818235
v -0.01302832 1.21951568 0.06917568
v -0.01330359 1.22493362 0.06875186
v -0.01221239 1.22394001 0.0690325
v -0.01185414 1.21970665 0.06960432
v -0.01154036 1.21895087 0.06948278
v 0.00656985 1.22574949 0.07194
v 0.00712533 1.22434533 0.07184317
v 0.00715848 1.22844005 0.0707275
v 0.00769247 1.22562718 0.07169144
v 0.01101147 1.22844005 0.06906007
v 0.00579667 1.22641218 0.07202483
v 0.00194982 1.22645092 0.07258503
v 0.00512024 1.22575903 0.07192277
v 0.00240942 1.22577322 0.07224128
v 0.00029137 1.22579086 0.07275341
v -0.00036388 1.22844005 0.07181054
v -0.00047846 1.22487199 0.07302936
v -0.00054388 1.22283566 0.07243486
v 0.00026298 1.22383809 0.07269712
v 0.0065284 1.22350359 0.07178561
v 0.00684245 1.2219609 0.07145172
v 0.00775628 1.22349143 0.07149184
v 0.00831393 1.22510195 0.07112101
v 0.01048874 1.22588944 0.07051947
v 0.01125602 1.2253865 0.06980618
v 0.01170514 1.22510087 0.06943463
v 0.01027128 1.22524524 0.07024657
v 0.01106361 1.22443485 0.0695409
v 0.01128238 1.22407222 0.06909648
v 0.01548519 1.2266624 0.06549012
v 0.01553187 1.22588313 0.06539778
v 0.01557126 1.22586977 0.06479634
v 0.01344027 1.22594583 0.06819014
v 0.01363925 1.22686088 0.06833415
v 0.01241218 1.22566736 0.0691335
v 0.01208875 1.22466731 0.06894547
v 0.01329677 1.22844005 0.06768643
v 0.01591929 1.226614 0.0648379
v 0.01652212 1.22586215 0.06419415
v 0.01558764 1.21912062 0.06441955
v 0.01659169 1.21896839 0.06361662
v 0.01797992 1.21838832 0.06055766
v 0.01649401 1.22844005 0.06439135
v 0.01963132 1.22844005 0.05634569
v 0.01925786 1.2190156 0.05783349
v 0.02124474 1.22844005 0.04367748
v 0.02087128 1.21844804 0.04359405
v -0.01693033 1.22059262 0.0633422
v -0.01700764 1.22507524 0.06404323
v -0.01629926 1.22611427 0.06521504
v -0.01421582 1.22720969 0.06816405
v -0.01298209 1.22548842 0.0697278
v -0.01210958 1.22462201 0.06955023
v -0.01119998 1.22589254 0.07022194
v -0.01084169 1.2271136 0.07087807
v -0.01046103 1.22588265 0.07066413
v -0.00956493 1.22567809 0.0712037
v -0.00851309 1.22657549 0.07190146
v -0.00795719 1.22361171 0.07208916
v -0.00755619 1.22375226 0.07244103
v -0.0161256 1.22844005 0.06555384
v -0.01621977 1.22717905 0.06537014
v -0.0140245 1.22844005 0.06768575
v -0.00699355 1.22388458 0.07258345
v -0.00672084 1.22844005 0.07119842
v -0.00822814 1.22844005 0.07087375
v -0.01033791 1.22844005 0.07006987
v -0.01224176 1.22844005 0.0691
v -0.01658036 1.21889877 0.06307729
v -0.00269716 1.22632992 0.0727054
v -0.00036388 1.22844005 0.07181054
v -0.0051046 1.22631454 0.07245389
v -0.00602102 1.22567093 0.07243042
v -0.00047846 1.22487199 0.07302936
v -0.00132518 1.22569966 0.07277325
v -0.01302716 1.21946383 0.06390256
v -0.01518956 1.21863699 0.05829835
v -0.01763126 1.21844804 0.04359405
v -0.01763126 1.22839999 0.04367748
v -0.01513828 1.22839999 0.05584456
v -0.01020482 1.22839999 0.06639867
v -0.01178232 1.22021365 0.06764505
v -0.01028617 1.21841741 0.07113922
v -0.01136499 1.21875083 0.07015401
v 0.00769976 1.21900702 0.07188763
v 0.00690252 1.21869171 0.07179789
v 0.00749347 1.21825552 0.07168651
v 0.00959808 1.21786559 0.07082886
v 0.01001906 1.2187556 0.07100362
v 0.010895 1.21922731 0.06989694
v 0.01113124 1.2186538 0.06942983
v 0.01067292 1.21844125 0.06995069
v 0.0155786 1.21973503 0.06503996
v 0.01524109 1.21895623 0.06499464
v 0.01308255 1.21800101 0.06805588
v 0.01342802 1.21881306 0.06832131
v 0.01197247 1.21925128 0.06919966
v 0.01166041 1.21845543 0.06911683
v 0.01047937 1.22040188 0.0672996
v 0.01262129 1.21994174 0.06402583
v 0.00979578 1.22839999 0.06639867
v 0.01447223 1.22839999 0.05584457
v 0.0148834 1.21869338 0.05839992
v 0.01682935 1.22839999 0.04367749
v 0.01682935 1.21844804 0.04359405
v -0.00785575 1.21904612 0.07193495
v -0.00797085 1.21980047 0.07213418
v -0.01052427 1.21919811 0.07128546
v -0.01165882 1.21953356 0.07022682
v 0.00644579 1.21902835 0.0723021
v 0.00341734 1.21912527 0.07306643
v 0.00643082 1.21821749 0.07221964
v 0.00335867 1.21831679 0.07300168
v 0.00018423 1.21841931 0.0733211
v 0.00019598 1.21922851 0.0733835
v -0.00041895 1.21843863 0.07342651
v -0.00059063 1.22137964 0.07265038
v 0.0133065 1.21569455 0.06338143
v 0.01346675 1.21635127 0.06252796
v 0.01321828 1.21650362 0.06330225
v 0.01157512 1.2162112 0.065694
v 0.01146309 1.21695244 0.06558432
v 0.0097222 1.215832 0.06700707
v 0.00957965 1.21654212 0.06691916
v 0.00892974 1.21642458 0.06713971
v 0.00897369 1.21250641 0.06688792
v 0.00984176 1.21105385 0.06664126
v 0.01146176 1.20961678 0.06540377
v 0.01311032 1.21135223 0.06304288
v 0.01323154 1.21241307 0.06219799
v -0.00245789 1.20990956 0.07033422
v -0.00410208 1.2103622 0.07034127
v -0.00408008 1.20753384 0.06850285
v -0.0047979 1.21091878 0.0703685
v -0.00545238 1.21056664 0.07008208
v -0.00813481 1.20753384 0.06727643
v -0.00868189 1.20982397 0.06920569
v -0.00864229 1.21084905 0.06900548
v -0.00548265 1.21194506 0.06981191
v -0.00482428 1.21272767 0.06968134
v -0.00405175 1.21122587 0.07002421
v -0.00247327 1.21077907 0.07015048
v -0.00100213 1.21085203 0.07037205
v -0.00098169 1.21007431 0.07057615
v -0.00023439 1.21204567 0.07026609
v -0.0002227 1.21077883 0.07062887
v -0.00019275 1.20753384 0.06904984
v -0.00207807 1.20753384 0.06878456
v -0.00023439 1.21204567 0.07026609
v 0.00066017 1.21109748 0.07038613
v -0.00027383 1.21631658 0.07116552
v 0.00066349 1.21636689 0.07153721
v 0.00015682 1.21703041 0.07128562
v 0.00066351 1.21702695 0.07141495
v 0.00236685 1.2164582 0.07131512
v 0.00226468 1.21701598 0.07125366
v 0.00447408 1.21657121 0.070843
v 0.00470453 1.21699941 0.07057568
v 0.00490543 1.21651876 0.0702795
v 0.00413434 1.21093786 0.06977862
v 0.00471931 1.21272695 0.06955428
v 0.00243493 1.21073258 0.07001834
v -0.0002227 1.21077883 0.07062887
v 0.00065958 1.21015656 0.07055759
v 0.00238807 1.20973444 0.07018982
v 0.00407241 1.20991063 0.06995068
v 0.00476196 1.21054959 0.06997091
v 0.00550419 1.21152735 0.06948695
v 0.00544468 1.21036994 0.06968891
v 0.00741476 1.21056771 0.06869787
v 0.00759181 1.20976162 0.06887956
v 0.00871551 1.21141458 0.06762757
v 0.00894201 1.21065497 0.06778153
v -0.00019275 1.20753384 0.06904984
v 0.00233793 1.20753384 0.06865265
v 0.00461396 1.20753384 0.06829543
v 0.00723589 1.20753384 0.0672281
v 0.00932804 1.20753384 0.06614066
v 0.00951385 1.21102738 0.06730069
v 0.01009166 1.21004176 0.06676707
v 0.01177256 1.20881152 0.06557165
v 0.01120157 1.20753384 0.06457957
v 0.01329433 1.20989466 0.06292924
v 0.01293781 1.20753384 0.06274515
v 0.0134883 1.20753384 0.06193128
v 0.01392765 1.21070695 0.06219714
v 0.014462 1.21134698 0.06161685
v 0.01399167 1.20753384 0.06118706
v 0.01779432 1.21744692 0.05905809
v 0.01491236 1.20753384 0.05982586
v 0.01897513 1.21697783 0.05621935
v 0.01930527 1.20753384 0.05385966
v 0.02126066 1.21752584 0.0420945
v 0.02126066 1.20753384 0.04217795
v 0.01450978 1.21649468 0.06219707
v 0.00575333 1.21637356 0.07017437
v 0.00770165 1.21619499 0.06917572
v 0.00761436 1.2168299 0.06903019
v 0.00870387 1.21597612 0.06792408
v 0.00857755 1.21660388 0.0678023
v 0.00565539 1.21689451 0.07008568
v -0.00993978 1.21670783 0.06774415
v -0.00927804 1.21702242 0.06863949
v -0.00955421 1.21516562 0.06580006
v -0.0102739 1.21650493 0.06706665
v -0.01132232 1.21668565 0.0668603
v -0.01260457 1.21704364 0.06570276
v -0.01183486 1.21591544 0.06215305
v -0.00776374 1.20757389 0.0624192
v -0.01550541 1.20757389 0.05335857
v -0.01509176 1.21693027 0.05679878
v -0.01781446 1.20757401 0.04217797
v -0.01706198 1.21752584 0.04209451
v -0.01914945 1.21686256 0.056217
v -0.0220862 1.21752584 0.0420945
v -0.018463 1.21762598 0.05884197
v -0.01573788 1.21680748 0.06184894
v -0.01418633 1.21657443 0.06197279
v -0.01417216 1.21669447 0.06347237
v -0.00368115 1.21905506 0.07385028
v 4.36E-05 1.22692859 0.06764878
v -0.00043438 1.21908605 0.07390646
v 0.00284805 1.21912873 0.07375598
v 0.00656821 1.21908879 0.07304826
v 0.00933661 1.22730386 0.06626125
v 0.00973935 1.21879411 0.0719818
v 0.01308064 1.2185111 0.06955359
v 0.01525086 1.22787476 0.06208183
v 0.01521988 1.2181288 0.06673758
v 0.0165602 1.21776032 0.06497037
v 0.02152446 1.21852267 0.0577045
v 0.02055909 1.22835255 0.05794743
v 0.0217043 1.19921303 0.05278789
v 0.01643918 1.19848919 0.06110329
v 0.01465715 1.21775317 0.06624129
v 0.01114943 1.21831608 0.06831738
v 0.00793147 1.19753337 0.06345969
v 0.00719324 1.21846366 0.07012134
v 0.00302119 1.21859252 0.07141721
v -1.719E-05 1.19778407 0.0644304
v -0.00043162 1.21853614 0.07183681
v -0.00383284 1.21837902 0.07136741
v -0.00767839 1.21812439 0.06986228
v -0.00776877 1.19678557 0.06351929
v -0.01127692 1.2179867 0.06799898
v -0.01455668 1.21725357 0.06596745
v -0.0161345 1.1976949 0.06113349
v -0.02017299 1.22854781 0.05794743
v -0.014803 1.22726381 0.06209135
v -0.00901749 1.22673702 0.06628165
v -0.02115934 1.19897699 0.05279161
v -0.02098955 1.2168169 0.0577061
v -0.01644818 1.21660435 0.0649229
v -0.01528982 1.21718681 0.06670142
v -0.01326833 1.2177 0.06955068
v -0.01008039 1.21826899 0.07198073
v -0.00719363 1.21874237 0.073079
v 0.01071271 1.21583319 0.06227632
v 0.01551261 1.2166512 0.05690037
v 0.01784719 1.21689665 0.0420945
v 0.016989 1.20757389 0.04217795
v 0.01520426 1.20757389 0.05335857
v 0.00905688 1.20757389 0.06241921
v 0.00836316 1.2149775 0.06580006
v -0.01435188 1.21611369 0.0634235
v -0.01349893 1.21611738 0.06619401
v -0.01126339 1.21600103 0.06684868
v -0.0108559 1.21126533 0.06676829
v -0.00992188 1.2127378 0.06699546
v -0.01270281 1.20990264 0.06540941
v -0.01429642 1.21131349 0.06301962
v -0.01416239 1.2126056 0.06159842
v -0.01095648 1.21014631 0.06682928
v -0.01293576 1.20921719 0.06546125
v -0.01224045 1.20753384 0.06457957
v -0.00987134 1.20753384 0.06651422
v -0.01035974 1.21101856 0.06742047
v -0.00979462 1.21056712 0.0679082
v -0.00813481 1.20753384 0.06727643
v -0.00868189 1.20982397 0.06920569
v -0.00864229 1.21084905 0.06900548
v -0.00970665 1.21159399 0.06786049
v -0.01447883 1.21006143 0.06299426
v -0.01512523 1.21101987 0.06226129
v -0.01703537 1.21039844 0.0595466
v -0.01563346 1.21147776 0.06136719
v -0.0220862 1.20753384 0.04217797
v -0.01960642 1.20753384 0.05385966
v -0.01646953 1.20753384 0.05982586
v -0.01560895 1.21022654 0.0612541
v -0.01490591 1.20753384 0.06185431
v -0.01019258 1.21617579 0.06800453
v -0.00924714 1.21641636 0.06932867
v -0.00545488 1.21673238 0.07045195
v -0.00624151 1.21655655 0.07051415
v -0.00924714 1.21641636 0.06932867
v -0.00601617 1.21706629 0.07031467
v -0.0011478 1.21639991 0.07152785
v -0.00043832 1.21703041 0.07130596
v -0.00119526 1.21705246 0.07134922
v -0.00326986 1.21710455 0.07121414
v -0.00322544 1.2165978 0.0712802
v -0.00508637 1.21715021 0.07078104
v -0.00498952 1.21676576 0.07106991
v -0.00027383 1.21631658 0.07116552
vn -0.0172 0.98292 0.1832
vn -0.3825 0.6705 0.6357
vn 0.3776 0.6665 0.6428
vn -0.75717 -0.12589 0.64097
vn 0.75511 -0.1174 0.64501
vn -0.40319 -0.87648 0.26309
vn 0.4036 -0.8737 0.2716
vn 0.0142 -0.97622 -0.21631
vn 0.3931 0.1405 0.9087
vn 0.184 0.1426 0.97253
vn 0.0285 0.0195 0.9994
vn -0.1284 0.0377 0.99101
vn -0.0702 0.1411 0.9875
vn -0.15821 0.13571 0.97804
vn -0.53239 0.1072 0.83968
vn -0.53759 -0.0294 0.84269
vn -0.79058 0.0747 0.60779
vn -0.78948 -0.0574 0.61109
vn -0.53271 -0.1647 0.83012
vn -0.1432 -0.1117 0.98337
vn -0.12479 -0.1017 0.98696
vn 0.1043 0.0196 0.99435
vn -0.88302 -0.1212 0.45341
vn -0.88164 -0.0573 0.46842
vn -0.96834 -0.0162 0.24911
vn -0.98395 -0.0201 0.17729
vn -0.98395 -0.0201 0.17731
vn -0.6785 -0.4161 0.6054
vn -0.40151 -0.33081 0.85402
vn -0.71601 -0.206 0.66701
vn -0.9438 -0.2123 0.2533
vn -0.89497 -0.43179 0.1122
vn -0.89851 -0.3994 -0.1821
vn -0.98122 -0.1928 0.0049
vn -0.98103 0.03 0.19151
vn -0.9275 0.0158 0.3735
vn -0.71842 0.0117 0.69552
vn -0.42178 -0.14239 0.89545
vn -0.42621 0.0522 0.90312
vn -0.2715 0.0811 0.95901
vn -0.2871 -0.0986 0.95281
vn -0.29341 -0.27521 0.91552
vn 0.14919 0.0915 0.98457
vn 0.2378 -0.0892 0.96721
vn 0.2718 0.36141 0.89191
vn 0.36671 0.0946 0.92551
vn 0.49899 0.3009 0.81269
vn 0.16159 0.0853 0.98316
vn 0.11779 0.0418 0.99216
vn 0.0232 -0.15429 0.98775
vn 0.19469 -0.23019 0.95347
vn 0.12081 0.0292 0.99225
vn 0.0129 0.37169 0.92827
vn -0.0575 0.0716 0.99577
vn -0.1034 -0.19829 0.97467
vn 0.22089 -0.0971 0.97045
vn 0.0764 -0.1218 0.98961
vn 0.21531 -0.18301 0.95924
vn 0.3958 -0.0838 0.9145
vn 0.48818 -0.17959 0.85406
vn 0.52572 -0.0419 0.84963
vn 0.59091 -0.1974 0.78221
vn 0.58012 -0.0765 0.81093
vn 0.43488 -0.37959 0.81657
vn 0.47861 -0.39031 0.78651
vn 0.52887 -0.39158 0.75296
vn 0.84762 -0.0747 0.52531
vn 0.8655 -0.1832 0.4662
vn 0.69817 -0.19139 0.68987
vn 0.75147 -0.22839 0.61898
vn 0.69802 -0.0083 0.71603
vn 0.5666 -0.1458 0.81099
vn 0.60961 -0.34761 0.71242
vn 0.59931 0.2178 0.77032
vn 0.75355 -0.10369 0.64916
vn 0.69688 -0.1055 0.70938
vn 0.57992 -0.0532 0.81293
vn 0.77098 -0.0403 0.63558
vn 0.91757 -0.0087 0.39749
vn 0.8413 0.0202 0.5402
vn 0.96769 -0.0113 0.2519
vn 0.96766 -0.0113 0.25199
vn 0.99237 -0.0295 0.1197
vn 0.99238 -0.0295 0.1196
vn -0.78302 -0.1954 0.59051
vn -0.71099 -0.1761 0.68079
vn -0.76631 -0.1332 0.62851
vn -0.7149 -0.2292 0.6606
vn -0.77024 -0.17271 0.61393
vn -0.79277 -0.16849 0.58577
vn -0.75519 0.0706 0.65169
vn -0.81118 -0.1067 0.57498
vn -0.52009 -0.212 0.82738
vn -0.7391 -0.3739 0.5603
vn -0.5132 -0.5507 0.6583
vn -0.2726 -0.44889 0.85099
vn -0.27541 -0.36891 0.88773
vn -0.4425 -0.0512 0.8953
vn -0.51769 -0.29939 0.80148
vn -0.503 -0.1783 0.8457
vn -0.4059 0.117 0.9064
vn -0.52411 -0.29611 0.79852
vn -0.38051 -0.30331 0.87362
vn -0.32849 -0.65688 0.67868
vn -0.78259 0.0504 0.62049
vn -0.79425 0.021 0.60723
vn -0.66779 0.2464 0.70239
vn -0.1188 -0.0393 0.99214
vn -0.1556 0.36809 0.91668
vn -0.15381 0.43041 0.88943
vn -0.4122 0.473 0.7787
vn -0.55558 0.36599 0.74658
vn -0.74104 -0.28231 0.60923
vn -0.68282 -0.31201 0.66062
vn -0.073 0.0355 0.9967
vn -0.0957 0.0411 0.99456
vn 0.0505 -0.0503 0.99746
vn -0.0245 -0.41971 0.90733
vn -0.1035 -0.19829 0.97466
vn -0.0576 0.0716 0.99577
vn -0.29591 -0.19441 0.93522
vn -0.1364 -0.0106 0.9906
vn -0.15389 -0.26869 0.95085
vn 0.1294 -0.26909 0.95438
vn 0.42569 -0.85898 -0.28449
vn 0.0388 -0.96821 -0.2471
vn 0.1118 -0.99148 -0.0669
vn 0.6547 -0.7269 -0.2073
vn 0.18041 -0.97673 0.116
vn 0.0563 -0.98999 -0.1294
vn 0.52528 -0.82417 -0.21169
vn -0.0605 -0.98376 -0.16899
vn 0.67178 -0.73328 -0.1049
vn -0.0465 -0.99833 0.0342
vn 0.9833 -0.0242 -0.1804
vn 0.95391 -0.0822 -0.2886
vn 0.92623 -0.18071 -0.33081
vn 0.6574 -0.6622 -0.3596
vn 0.42079 -0.75719 -0.49959
vn 0.49263 -0.72514 -0.48113
vn 0.34632 -0.78423 -0.51482
vn 0.3815 0.0845 0.9205
vn 0.1073 0.0928 0.98989
vn 0.57398 0.0625 0.81648
vn 0.13219 -0.1049 0.98566
vn -0.1754 0.0937 0.98003
vn -0.0931 -0.083 0.99219
vn 0.15141 -0.29332 0.94395
vn 0.55198 -0.33959 0.76157
vn 0.57512 -0.1399 0.80602
vn 0.80372 -0.1189 0.58301
vn 0.8252 0.0199 0.5645
vn 0.89548 0.0019 0.44509
vn 0.84231 -0.0883 0.53171
vn 0.76649 -0.2545 0.58969
vn 0.90353 -0.21321 0.37171
vn 0.95402 -0.1987 0.22441
vn 0.99927 0.0027 0.0382
vn 0.81886 -0.40558 0.40618
vn 0.64661 -0.4079 0.64461
vn 0.67678 -0.20359 0.70748
vn 0.3976 -0.1394 0.90691
vn 0.4318 -0.3076 0.8479
vn 0.3118 -0.1054 0.94429
vn 0.19169 0.0484 0.98026
vn 0.34961 0.0354 0.93623
vn 0.67557 0.0071 0.73726
vn 0.94812 -0.0026 0.31791
vn -0.40749 -0.84109 -0.3557
vn -0.47681 -0.78671 -0.3921
vn -0.51968 -0.68088 -0.51608
vn -0.54178 -0.72528 -0.42479
vn -0.34029 -0.78459 -0.51829
vn -0.1209 -0.80232 -0.58452
vn -0.70028 -0.62519 -0.34459
vn -0.87762 -0.1493 -0.45551
vn -0.95727 -0.1042 -0.26979
vn -0.53221 -0.83141 -0.1597
vn -0.98677 -0.0404 -0.157
vn -0.6707 -0.73649 -0.088
vn 0.0405 -0.99864 0.0329
vn 0.0434 -0.99534 -0.0861
vn -0.0832 -0.99512 -0.0531
vn -0.20879 -0.97287 0.0997
vn -0.1311 -0.2635 0.95571
vn -0.0719 -0.1161 0.99063
vn -0.48539 -0.3071 0.81859
vn -0.50938 -0.1246 0.85147
vn -0.85019 -0.1853 0.49279
vn -0.83372 -0.36641 0.41311
vn -0.91258 -0.37959 0.152
vn -0.95211 -0.2168 0.2156
vn -0.96107 -0.0469 0.27229
vn -0.8327 0.0056 0.5537
vn -0.51569 0.0569 0.85488
vn -0.0057 0.0468 0.99889
vn 0.39 0.0308 0.9203
vn 0.19199 -0.1173 0.97436
vn -0.40031 0.0552 0.91472
vn -0.62228 0.0576 0.78067
vn 0.5282 -0.0041 0.84911
vn 0.161 0.0409 0.98611
vn 0.49398 -0.095 0.86427
vn 0.1691 -0.0909 0.9814
vn 0.1327 -0.0801 0.98791
vn -0.0091 0.0378 0.99924
vn -0.1185 0.0464 0.99187
vn -0.3945 0.1664 0.9037
vn -0.15511 0.15821 0.97515
vn 0.10519 0.13999 0.98455
vn 0.1838 0.1219 0.97538
vn 0.55781 0.0887 0.82522
vn 0.80178 0.0639 0.59419
vn 0.75979 -0.0103 0.65009
vn 0.91766 0.0485 0.39438
vn 0.98049 0.0358 0.1933
vn 0.88872 0.1543 0.43171
vn 0.70002 0.0707 0.71062
vn 0.68049 0.1926 0.70699
vn 0.3981 0.0684 0.91479
vn 0.41629 0.19179 0.88877
vn 0.21749 0.054 0.97457
vn 0.1425 -0.0675 0.98749
vn 0.3729 -0.0587 0.92601
vn 0.70884 -0.0521 0.70344
vn 0.93448 -0.0601 0.35089
vn 0.99278 -0.0601 0.1038
vn -0.0978 -0.1629 0.98178
vn -0.0535 -0.1267 0.9905
vn -0.1973 -0.5379 0.8196
vn -0.1551 -0.1151 0.98117
vn -0.24951 -0.1723 0.95292
vn -0.39321 -0.53812 0.74553
vn -0.48591 -0.2021 0.85032
vn -0.51411 0.1608 0.84252
vn -0.3185 0.2251 0.92081
vn -0.0313 0.31601 0.94824
vn 0.1607 0.30861 0.93752
vn -0.064 0.25099 0.96587
vn -0.22559 0.23779 0.94476
vn -0.0627 -0.1334 0.98908
vn -0.0526 0.24899 0.96708
vn -0.0028 -0.0978 0.9952
vn 0.0228 -0.49391 0.86921
vn -0.11459 -0.54638 0.82966
vn -0.34371 -0.19861 0.91783
vn -0.1015 -0.2129 0.97179
vn -0.3606 -0.0659 0.93039
vn -0.146 -0.0022 0.98928
vn -0.30771 0.1228 0.94352
vn -0.0672 0.1696 0.98322
vn 0.1752 0.0051 0.98452
vn 0.1706 0.2199 0.96049
vn 0.53447 -0.0351 0.84446
vn 0.54768 0.1265 0.82707
vn 0.77808 -0.1035 0.61958
vn 0.50739 -0.1936 0.83969
vn 0.76208 -0.1616 0.62699
vn 0.1717 -0.2092 0.96268
vn 0.20861 0.19811 0.95773
vn 0.0766 -0.1566 0.98469
vn 0.17939 0.16189 0.97037
vn 0.16181 -0.20851 0.96454
vn -0.0329 0.1712 0.98469
vn 0.133 -0.1851 0.97368
vn 0.0984 0.1802 0.9787
vn 0.22261 -0.16271 0.96123
vn 0.39971 0.18281 0.89823
vn 0.3402 -0.1762 0.9237
vn 0.45231 0.24961 0.85622
vn 0.46529 -0.1292 0.87568
vn 0.48948 0.33509 0.80506
vn 0.60467 -0.0045 0.79646
vn 0.68601 0.37401 0.62411
vn 0.1219 -0.54978 0.82637
vn 0.2566 -0.5121 0.8197
vn 0.41011 -0.49391 0.76672
vn 0.51021 -0.37781 0.77262
vn 0.64547 0.043 0.76257
vn 0.64118 -0.033 0.76668
vn 0.73649 -0.0903 0.67039
vn 0.62881 -0.43201 0.64651
vn 0.81693 -0.0373 0.57552
vn 0.81251 -0.2631 0.5202
vn 0.818 -0.1621 0.5519
vn 0.76759 0.0265 0.64039
vn 0.77859 0.3407 0.52699
vn 0.75011 0.2537 0.61071
vn 0.77749 0.1894 0.59969
vn 0.58272 0.1119 0.80493
vn 0.64649 -0.0451 0.76159
vn 0.7864 -0.1513 0.5989
vn 0.79599 -0.1474 0.58709
vn 0.93084 -0.0798 0.35661
vn 0.9868 -0.0024 0.1619
vn 0.98677 -0.0022 0.1621
vn 0.33361 -0.1042 0.93693
vn 0.56511 -0.1268 0.81521
vn 0.25349 0.0413 0.96646
vn 0.6105 0.0796 0.788
vn 0.63562 0.25571 0.72842
vn 0.85752 0.1088 0.50281
vn 0.83448 0.25519 0.48839
vn 0.92905 0.12249 0.34908
vn 0.86143 -0.0435 0.50602
vn 0.95658 -0.0126 0.29119
vn 0.56409 -0.0988 0.81978
vn 0.1842 -0.144 0.97228
vn -0.0276 -0.16 0.98673
vn 0.0642 0.0172 0.99779
vn 0.31261 0.22341 0.92323
vn 0.41881 0.75002 -0.51192
vn 0.53468 0.74207 -0.40428
vn 0.4257 0.7745 -0.4679
vn 0.43158 0.79686 -0.42278
vn 0.409 0.8602 -0.3046
vn 0.62054 0.71424 -0.32372
vn 0.79961 0.32541 -0.50471
vn 0.9158 0.1206 -0.3831
vn 0.5189 0.8196 -0.2429
vn 0.98602 -0.0311 -0.1637
vn 0.70729 0.70169 -0.0858
vn 0.0074 0.99255 -0.12161
vn -0.0104 0.99891 0.0454
vn 0.1278 0.98387 -0.1252
vn 0.22601 0.97332 0.0395
vn 0.30541 0.94954 -0.0714
vn 0.37899 0.90757 -0.18079
vn 0.0869 -0.63221 -0.76991
vn 0.0169 -0.76495 -0.64386
vn -0.0039 -0.62351 -0.78181
vn -0.0682 -0.62352 -0.77883
vn -0.2121 -0.5854 -0.78251
vn -0.29279 -0.72339 -0.62529
vn -0.42993 -0.51763 -0.73974
vn -0.56612 -0.45142 -0.68973
vn -0.52201 -0.65801 -0.54271
vn -0.70049 -0.34089 -0.62699
vn -0.74738 -0.0366 -0.66338
vn -0.9177 -0.0304 -0.3961
vn -0.58477 -0.72616 -0.36158
vn -0.4032 -0.8765 0.263
vn -0.67349 0.73399 -0.0876
vn -0.49551 0.66431 -0.55961
vn -0.44849 0.2049 -0.86998
vn -0.36749 0.25289 -0.89498
vn -0.2399 0.70631 -0.66601
vn -0.2803 0.2927 -0.9142
vn -0.1421 0.32329 -0.93557
vn -0.0212 0.65491 -0.75541
vn -0.0028 0.33611 -0.94182
vn 0.1376 0.32361 -0.93613
vn 0.3025 0.2858 -0.90929
vn 0.2276 0.7142 -0.6619
vn 0.3933 0.2398 -0.88759
vn 0.3876 0.2047 -0.89881
vn 0.47379 0.68609 -0.55209
vn 0.59248 -0.68878 -0.41779
vn 0.54418 -0.62167 -0.56338
vn 0.3366 -0.72049 -0.60629
vn 0.67412 0.73742 -0.0422
vn 0.37758 0.66646 0.64286
vn 0.92419 -0.0205 -0.38139
vn 0.74892 -0.027 -0.66211
vn 0.73777 -0.34659 -0.57928
vn 0.5925 -0.466 -0.6571
vn 0.47981 -0.53051 -0.69881
vn 0.266 -0.59759 -0.75639
vn -0.33769 0.89657 -0.28659
vn -0.1401 0.9501 -0.2787
vn -0.18511 0.97123 -0.14981
vn -0.58081 0.71491 -0.38931
vn -0.2266 0.97382 -0.018
vn -0.1812 0.97641 -0.1174
vn -0.55829 0.79469 -0.2383
vn -0.1362 0.98503 -0.1057
vn -0.1372 0.99053 0.0053
vn -0.7161 0.6914 -0.0957
vn -0.98368 0.0914 -0.155
vn -0.91195 0.15209 -0.38108
vn -0.81313 0.18161 -0.55302
vn -0.664 0.5865 -0.4638
vn -0.52223 0.75444 -0.39762
vn -0.52111 0.80541 -0.28241
vn -0.51499 0.69149 -0.50659
vn -0.96398 0.2133 0.1589
vn -0.68471 0.2311 0.69121
vn -0.579 0.5528 0.5993
vn -0.3008 0.0644 0.95151
vn -0.2921 0.2076 0.93359
vn -0.195 -0.0342 0.98021
vn -0.30329 -0.0761 0.94986
vn -0.1915 -0.0346 0.98088
vn -0.70583 -0.123 0.69762
vn -0.98637 -0.0587 0.1537
vn -0.99461 0.0002 -0.1037
vn -0.98682 0.1503 -0.0599
vn -0.87007 0.46878 0.15239
vn -0.60182 -0.0758 0.79503
vn -0.70354 -0.10381 0.70304
vn -0.63602 -0.37391 0.67503
vn -0.57441 -0.36211 0.73412
vn -0.6775 -0.0133 0.7354
vn -0.71176 -0.09139 0.69646
vn -0.48587 -0.20209 0.85035
vn -0.69261 0.189 0.69611
vn -0.70339 0.2484 0.66599
vn -0.6821 0.2068 0.7014
vn -0.7161 0.1719 0.6765
vn -0.79617 0.0396 0.60378
vn -0.74484 0.29692 0.59754
vn -0.79986 0.13899 0.58387
vn -0.70721 0.38341 0.59401
vn -0.80791 -0.0839 0.58331
vn -0.45539 -0.0934 0.88538
vn -0.83891 -0.0916 0.53651
vn -0.089 -0.0926 0.99172
vn -0.0891 -0.0925 0.99172
vn -0.97868 -0.001 0.2054
vn -0.94906 -0.0513 0.31089
vn -0.94905 -0.0513 0.31092
vn -0.84919 -0.091 0.52019
vn -0.79968 0.0228 0.59999
vn -0.76423 0.1442 0.62862
vn -0.80871 -0.1583 0.56651
vn -0.9916 -0.1016 0.0801
vn -0.92551 -0.1116 0.3619
vn -0.90408 0.2156 0.36899
vn -0.5571 -0.1288 0.8204
vn -0.60631 0.24601 0.75622
vn -0.56751 0.58041 0.58401
vn -0.79177 0.50858 0.33829
vn -0.96004 0.21801 0.17551
vn -0.0334 -0.1362 0.99012
vn 0.2157 -0.1306 0.96769
vn 0.1077 0.1233 0.98651
vn -0.1133 0.1986 0.97351
vn -0.1796 0.50901 0.84181
vn 0.1267 -0.0033 0.99194
vn 0.2247 0.0887 0.97038
vn -0.0076 0.23459 0.97206
vn -0.1123 0.27389 0.95518
vn -0.1276 0.0347 0.99122
vn -0.49902 0.31291 0.80813
vn -0.4781 -0.2389 0.84519
vn -0.1356 -0.20569 0.96918
vn -0.50839 0.038 0.86029
vn -0.75669 -0.2401 0.60809
vn -0.79248 -0.0021 0.60989
vn 0.1277 -0.20101 0.97123
vn 0.378 -0.1391 0.9153
vn 0.38191 -0.1824 0.90602
vt 0.48276 0.4987
vt 0.97902 0.54616
vt 0.02053 0.54616
vt 0.98299 0.54364
vt 0.01652 0.54361
vt 0.95266 0.54033
vt 0.04314 0.54033
vt 0.47894 0.49325
vt 0.50325 0.69266
vt 0.50695 0.82822
vt 0.50449 0.65176
vt 0.51473 0.61929
vt 0.53417 0.6222
vt 0.52524 0.88984
vt 0.54187 0.88942
vt 0.55774 0.76774
vt 0.5562 0.62595
vt 0.56137 0.76613
vt 0.56047 0.61958
vt 0.55586 0.59469
vt 0.53318 0.593
vt 0.51449 0.59341
vt 0.50797 0.59292
vt 0.72879 0.57665
vt 0.70671 0.9767
vt 0.75538 0.6135
vt 0.77536 0.9767
vt 0.87857 0.59125
vt 0.87646 0.9767
vt 0.65147 0.56192
vt 0.63131 0.61541
vt 0.65041 0.59933
vt 0.68586 0.66094
vt 0.68553 0.62192
vt 0.6968 0.64178
vt 0.69799 0.68202
vt 0.68782 0.84624
vt 0.66883 0.88778
vt 0.64247 0.88107
vt 0.6323 0.6422
vt 0.63298 0.84586
vt 0.62634 0.77483
vt 0.61935 0.67287
vt 0.61957 0.64658
vt 0.4364 0.87291
vt 0.43328 0.84567
vt 0.42915 0.9767
vt 0.42743 0.88277
vt 0.38693 0.9767
vt 0.44291 0.91087
vt 0.47854 0.91236
vt 0.45023 0.88693
vt 0.47384 0.88363
vt 0.49394 0.87451
vt 0.50009 0.9767
vt 0.49997 0.83906
vt 0.49669 0.69334
vt 0.4943 0.79918
vt 0.439 0.78627
vt 0.43765 0.72903
vt 0.42816 0.78733
vt 0.41545 0.84868
vt 0.3969 0.87652
vt 0.38536 0.86746
vt 0.3788 0.86231
vt 0.39724 0.85994
vt 0.3846 0.8378
vt 0.37895 0.82707
vt 0.31857 0.91062
vt 0.31699 0.88166
vt 0.30838 0.88289
vt 0.35696 0.87596
vt 0.35798 0.91292
vt 0.3721 0.8786
vt 0.37197 0.8426
vt 0.35973 0.9767
vt 0.309 0.91005
vt 0.30084 0.88143
vt 0.3028 0.63656
vt 0.29677 0.62666
vt 0.2738 0.58895
vt 0.30071 0.9767
vt 0.22464 0.9767
vt 0.24116 0.61315
vt 0.12354 0.9767
vt 0.12143 0.59125
vt 0.70551 0.68576
vt 0.70308 0.854
vt 0.68499 0.89189
vt 0.6412 0.92619
vt 0.61753 0.88858
vt 0.61795 0.83886
vt 0.6097 0.87842
vt 0.59661 0.93007
vt 0.59634 0.88168
vt 0.58094 0.86636
vt 0.57315 0.91033
vt 0.56807 0.81124
vt 0.56294 0.79594
vt 0.67973 0.9767
vt 0.68258 0.93072
vt 0.63978 0.9767
vt 0.55811 0.80097
vt 0.56002 0.9767
vt 0.57635 0.9767
vt 0.5969 0.9767
vt 0.61679 0.9767
vt 0.70642 0.62219
vt 0.52132 0.91458
vt 0.4991 0.9767
vt 0.54374 0.91399
vt 0.55197 0.88916
vt 0.49925 0.83906
vt 0.50862 0.89026
vt 0.6896 0.65338
vt 0.75448 0.59854
vt 0.89944 0.59125
vt 0.89902 0.97516
vt 0.7908 0.97516
vt 0.64353 0.97516
vt 0.62717 0.6823
vt 0.59472 0.58274
vt 0.61025 0.62264
vt 0.43186 0.62593
vt 0.44054 0.60725
vt 0.43248 0.59888
vt 0.40112 0.5663
vt 0.40065 0.60066
vt 0.38633 0.64583
vt 0.37973 0.64146
vt 0.38659 0.61734
vt 0.31031 0.6535
vt 0.30946 0.6246
vt 0.34813 0.55509
vt 0.34904 0.58789
vt 0.37036 0.64434
vt 0.37012 0.6152
vt 0.37352 0.68956
vt 0.31176 0.64887
vt 0.3558 0.97516
vt 0.20946 0.97516
vt 0.24716 0.60072
vt 0.10146 0.97516
vt 0.10104 0.59125
vt 0.5663 0.61331
vt 0.5666 0.6426
vt 0.59489 0.61343
vt 0.61102 0.65264
vt 0.4442 0.61364
vt 0.46889 0.61738
vt 0.44514 0.58236
vt 0.46981 0.58619
vt 0.49141 0.58981
vt 0.49211 0.62136
vt 0.49621 0.59055
vt 0.49613 0.64871
vt 0.17829 0.35102
vt 0.19267 0.38524
vt 0.18003 0.38833
vt 0.14413 0.33436
vt 0.14561 0.36393
vt 0.12311 0.37774
vt 0.12356 0.40333
vt 0.10367 0.36273
vt 0.10124 0.22618
vt 0.10955 0.16383
vt 0.13091 0.10601
vt 0.16895 0.16393
vt 0.18269 0.19917
vt 0.97772 0.10782
vt 0.96692 0.12434
vt 0.96475 0.02113
vt 0.96181 0.14577
vt 0.95654 0.12937
vt 0.93347 0.02113
vt 0.9345 0.0994
vt 0.93431 0.12976
vt 0.95516 0.16974
vt 0.96017 0.21237
vt 0.96686 0.1682
vt 0.97856 0.14484
vt 0.99037 0.14574
vt 0.98883 0.11383
vt 0.99777 0.18577
vt 0.99788 0.13954
vt 0.99814 0.02113
vt 0.98025 0.02113
vt 0.00296 0.19458
vt 0.01169 0.15117
vt 0.00269 0.32803
vt 0.01132 0.32986
vt 0.00835 0.36511
vt 0.01187 0.36428
vt 0.02396 0.3332
vt 0.02299 0.36164
vt 0.0396 0.33732
vt 0.03993 0.35764
vt 0.04391 0.33846
vt 0.03919 0.14534
vt 0.0442 0.21239
vt 0.02581 0.13785
vt 0.00304 0.13954
vt 0.01175 0.11683
vt 0.02568 0.10143
vt 0.03911 0.10786
vt 0.04436 0.1322
vt 0.05037 0.16359
vt 0.05033 0.1223
vt 0.06709 0.13183
vt 0.06686 0.10242
vt 0.08981 0.15878
vt 0.08964 0.13184
vt 0.00491 0.02113
vt 0.02581 0.02113
vt 0.0446 0.02113
vt 0.06624 0.02113
vt 0.09815 0.02113
vt 0.10033 0.13936
vt 0.10892 0.11149
vt 0.12929 0.07212
vt 0.12673 0.02113
vt 0.16581 0.10942
vt 0.16073 0.02113
vt 0.17151 0.02113
vt 0.17878 0.13692
vt 0.18754 0.16055
vt 0.18137 0.02113
vt 0.21766 0.438
vt 0.1994 0.02113
vt 0.2597 0.43878
vt 0.27893 0.02113
vt 0.3886 0.43289
vt 0.3872 0.02113
vt 0.19684 0.43524
vt 0.05051 0.32915
vt 0.06196 0.34076
vt 0.06213 0.3733
vt 0.0908 0.31326
vt 0.09093 0.33552
vt 0.05052 0.34773
vt 0.90684 0.35947
vt 0.92391 0.37833
vt 0.88587 0.34018
vt 0.89584 0.34192
vt 0.88174 0.39877
vt 0.8538 0.34479
vt 0.8257 0.3631
vt 0.86934 0.02259
vt 0.70229 0.02259
vt 0.74376 0.3921
vt 0.5888 0.02259
vt 0.59127 0.39135
vt 0.73764 0.38963
vt 0.61524 0.39135
vt 0.77651 0.35217
vt 0.79998 0.3744
vt 0.80872 0.35483
vt 0.82601 0.39157
vt 0.42088 0.47338
vt 0.49312 0.48098
vt 0.48383 0.47327
vt 0.54746 0.47356
vt 0.61959 0.4743
vt 0.67421 0.48367
vt 0.68107 0.47636
vt 0.73087 0.47938
vt 0.78946 0.49175
vt 0.77631 0.48316
vt 0.83114 0.48919
vt 0.91171 0.50023
vt 0.8929 0.49976
vt 0.91522 0.5052
vt 0.81262 0.48911
vt 0.77641 0.48451
vt 0.70918 0.47969
vt 0.64683 0.48002
vt 0.63225 0.4762
vt 0.55104 0.47369
vt 0.49193 0.47814
vt 0.48387 0.47288
vt 0.41768 0.47379
vt 0.34276 0.4767
vt 0.34088 0.4799
vt 0.27286 0.4803
vt 0.20964 0.48472
vt 0.17786 0.48905
vt 0.09916 0.49976
vt 0.2038 0.49174
vt 0.31655 0.48363
vt 0.07994 0.5052
vt 0.08325 0.50022
vt 0.15706 0.48917
vt 0.20682 0.4831
vt 0.24999 0.47934
vt 0.29682 0.47636
vt 0.35278 0.47423
vt 0.17634 0.44038
vt 0.25147 0.42687
vt 0.40732 0.42051
vt 0.4112 0.02259
vt 0.29771 0.02259
vt 0.13066 0.02259
vt 0.12338 0.35038
vt 0.82718 0.37038
vt 0.8557 0.30727
vt 0.88299 0.37355
vt 0.89161 0.15856
vt 0.90123 0.2255
vt 0.86842 0.11708
vt 0.83109 0.15907
vt 0.81694 0.19886
vt 0.89364 0.11735
vt 0.86982 0.08932
vt 0.87327 0.02113
vt 0.908 0.02113
vt 0.90369 0.14263
vt 0.9136 0.12888
vt 0.93375 0.02113
vt 0.93472 0.0994
vt 0.93449 0.12976
vt 0.91247 0.16536
vt 0.83361 0.11337
vt 0.82022 0.14329
vt 0.79295 0.12854
vt 0.80977 0.16167
vt 0.6128 0.02113
vt 0.72107 0.02113
vt 0.8006 0.02113
vt 0.81184 0.11708
vt 0.82748 0.02113
vt 0.90743 0.34057
vt 0.92454 0.35622
vt 0.95654 0.36784
vt 0.95057 0.35114
vt 0.92452 0.35622
vt 0.95006 0.36934
vt 0.98783 0.35265
vt 0.99363 0.3867
vt 0.98764 0.38604
vt 0.97355 0.38449
vt 0.97295 0.35987
vt 0.96121 0.38314
vt 0.96032 0.36601
vt 0.99408 0.34962
usemtl mat1
f 1683/1671/1655 1684/1672/1656 1685/1673/1657
f 1684/1672/1656 1686/1674/1658 1685/1673/1657
f 1686/1674/1658 1687/1675/1659 1685/1673/1657
f 1687/1675/1659 1686/1674/1658 1688/1676/1660
f 1689/1677/1661 1687/1675/1659 1688/1676/1660
f 1690/1678/1662 1689/1677/1661 1688/1676/1660
f 1691/1679/1663 1692/1680/1664 1693/1681/1663
f 1692/1680/1664 1694/1682/1665 1693/1681/1663
f 1695/1683/1666 1694/1682/1665 1692/1680/1664
f 1696/1684/1667 1695/1683/1666 1692/1680/1664
f 1695/1683/1666 1696/1684/1667 1697/1685/1668
f 1695/1683/1666 1697/1685/1668 1698/1686/1669
f 1699/1687/1670 1695/1683/1666 1698/1686/1669
f 1698/1686/1669 1700/1688/1671 1699/1687/1670
f 1700/1688/1671 1701/1689/1672 1699/1687/1670
f 1699/1687/1670 1701/1689/1672 1702/1690/1673
f 1702/1690/1673 1703/1691/1674 1699/1687/1670
f 1703/1691/1674 1695/1683/1666 1699/1687/1670
f 1695/1683/1666 1703/1691/1674 1704/1692/1675
f 1694/1682/1665 1695/1683/1666 1704/1692/1675
f 1694/1682/1665 1704/1692/1675 1705/1693/1676
f 1694/1682/1665 1705/1693/1676 1693/1681/1663
f 1706/1694/1677 1707/1695/1678 1708/1696/1679
f 1707/1695/1678 1709/1697/1679 1708/1696/1679
f 1710/1698/1680 1708/1696/1679 1709/1697/1679
f 1711/1699/1681 1710/1698/1680 1709/1697/1679
f 1712/1700/1682 1713/1701/1683 1714/1702/1684
f 1714/1702/1684 1715/1703/1685 1712/1700/1682
f 1715/1703/1685 1716/1704/1686 1712/1700/1682
f 1716/1704/1686 1715/1703/1685 1717/1705/1687
f 1715/1703/1685 1718/1706/1688 1717/1705/1687
f 1718/1706/1688 1715/1703/1685 1719/1707/1689
f 1715/1703/1685 1720/1708/1690 1719/1707/1689
f 1720/1708/1690 1715/1703/1685 1714/1702/1684
f 1721/1709/1691 1720/1708/1690 1714/1702/1684
f 1714/1702/1684 1722/1710/1692 1721/1709/1691
f 1722/1710/1692 1723/1711/1693 1721/1709/1691
f 1723/1711/1693 1722/1710/1692 1724/1712/1694
f 1722/1710/1692 1725/1713/1695 1724/1712/1694
f 1725/1713/1695 1722/1710/1692 1726/1714/1696
f 1722/1710/1692 1713/1701/1683 1726/1714/1696
f 1713/1701/1683 1722/1710/1692 1714/1702/1684
f 1727/1715/1697 1728/1716/1698 1729/1717/1699
f 1728/1716/1698 1730/1718/1700 1729/1717/1699
f 1729/1717/1699 1730/1718/1700 1731/1719/1701
f 1732/1720/1702 1733/1721/1703 1734/1722/1704
f 1733/1721/1703 1735/1723/1705 1734/1722/1704
f 1736/1724/1706 1737/1725/1707 1738/1726/1708
f 1736/1724/1706 1738/1726/1708 1739/1727/1709
f 1740/1728/1710 1736/1724/1706 1739/1727/1709
f 1740/1728/1710 1735/1723/1705 1736/1724/1706
f 1733/1721/1703 1736/1724/1706 1735/1723/1705
f 1733/1721/1703 1737/1725/1707 1736/1724/1706
f 1733/1721/1703 1732/1720/1702 1737/1725/1707
f 1732/1720/1702 1729/1717/1699 1737/1725/1707
f 1732/1720/1702 1727/1715/1697 1729/1717/1699
f 1732/1720/1702 1734/1722/1704 1727/1715/1697
f 1734/1722/1704 1728/1716/1698 1727/1715/1697
f 1728/1716/1698 1734/1722/1704 1741/1729/1711
f 1742/1730/1712 1728/1716/1698 1741/1729/1711
f 1743/1731/1713 1728/1716/1698 1742/1730/1712
f 1728/1716/1698 1743/1731/1713 1744/1732/1714
f 1730/1718/1700 1728/1716/1698 1744/1732/1714
f 1745/1733/1715 1730/1718/1700 1744/1732/1714
f 1730/1718/1700 1745/1733/1715 1731/1719/1701
f 1745/1733/1715 1746/1734/1716 1731/1719/1701
f 1746/1734/1716 1747/1735/1717 1731/1719/1701
f 1748/1736/1718 1745/1733/1715 1744/1732/1714
f 1746/1734/1716 1745/1733/1715 1748/1736/1718
f 1749/1737/1719 1746/1734/1716 1748/1736/1718
f 1746/1734/1716 1749/1737/1719 1750/1738/1720
f 1751/1739/1721 1752/1740/1722 1753/1741/1723
f 1752/1740/1722 1751/1739/1721 1754/1742/1724
f 1751/1739/1721 1755/1743/1725 1754/1742/1724
f 1747/1735/1717 1746/1734/1716 1750/1738/1720
f 1756/1744/1726 1747/1735/1717 1750/1738/1720
f 1757/1745/1727 1756/1744/1726 1750/1738/1720
f 1756/1744/1726 1757/1745/1727 1754/1742/1724
f 1755/1743/1725 1756/1744/1726 1754/1742/1724
f 1756/1744/1726 1755/1743/1725 1758/1746/1728
f 1755/1743/1725 1751/1739/1721 1758/1746/1728
f 1751/1739/1721 1759/1747/1729 1758/1746/1728
f 1759/1747/1729 1751/1739/1721 1753/1741/1723
f 1760/1748/1730 1759/1747/1729 1753/1741/1723
f 1760/1748/1730 1753/1741/1723 1761/1749/1731
f 1762/1750/1732 1760/1748/1730 1761/1749/1731
f 1760/1748/1730 1762/1750/1732 1763/1751/1733
f 1764/1752/1734 1760/1748/1730 1763/1751/1733
f 1765/1753/1735 1764/1752/1734 1763/1751/1733
f 1766/1754/1736 1765/1753/1735 1763/1751/1733
f 1765/1753/1735 1766/1754/1736 1767/1755/1737
f 1766/1754/1736 1768/1756/1738 1767/1755/1737
f 1731/1719/1701 1747/1735/1717 1758/1746/1728
f 1747/1735/1717 1756/1744/1726 1758/1746/1728
f 1760/1748/1730 1764/1752/1734 1759/1747/1729
f 1759/1747/1729 1764/1752/1734 1758/1746/1728
f 1769/1757/1739 1718/1706/1740 1770/1758/1741
f 1719/1707/1742 1770/1758/1741 1718/1706/1740
f 1770/1758/1741 1719/1707/1742 1771/1759/1743
f 1719/1707/1742 1720/1708/1744 1771/1759/1743
f 1771/1759/1743 1720/1708/1744 1772/1760/1745
f 1720/1708/1744 1721/1709/1746 1772/1760/1745
f 1773/1761/1747 1772/1760/1745 1721/1709/1746
f 1723/1711/1748 1773/1761/1747 1721/1709/1746
f 1773/1761/1747 1723/1711/1748 1724/1712/1749
f 1774/1762/1750 1773/1761/1747 1724/1712/1749
f 1774/1762/1750 1775/1763/1751 1773/1761/1747
f 1776/1764/1752 1773/1761/1747 1775/1763/1751
f 1776/1764/1752 1775/1763/1751 1777/1765/1753
f 1778/1766/1754 1776/1764/1752 1777/1765/1753
f 1779/1767/1755 1776/1764/1752 1778/1766/1754
f 1778/1766/1754 1780/1768/1756 1779/1767/1755
f 1781/1769/1757 1779/1767/1755 1780/1768/1756
f 1781/1769/1757 1780/1768/1756 1700/1688/1758
f 1782/1770/1759 1783/1771/1760 1784/1772/1761
f 1783/1771/1760 1782/1770/1759 1707/1695/1678
f 1781/1769/1757 1785/1773/1762 1786/1774/1763
f 1779/1767/1755 1781/1769/1757 1786/1774/1763
f 1787/1775/1764 1779/1767/1755 1786/1774/1763
f 1776/1764/1752 1779/1767/1755 1787/1775/1764
f 1788/1776/1765 1776/1764/1752 1787/1775/1764
f 1776/1764/1752 1788/1776/1765 1789/1777/1766
f 1773/1761/1747 1776/1764/1752 1789/1777/1766
f 1772/1760/1745 1773/1761/1747 1789/1777/1766
f 1784/1772/1761 1772/1760/1745 1789/1777/1766
f 1783/1771/1760 1772/1760/1745 1784/1772/1761
f 1783/1771/1760 1771/1759/1743 1772/1760/1745
f 1771/1759/1743 1783/1771/1760 1707/1695/1678
f 1770/1758/1741 1771/1759/1743 1707/1695/1678
f 1770/1758/1741 1707/1695/1678 1706/1694/1677
f 1769/1757/1739 1770/1758/1741 1706/1694/1677
f 1769/1757/1739 1706/1694/1677 1790/1778/1767
f 1769/1757/1739 1790/1778/1767 1717/1705/1768
f 1718/1706/1740 1769/1757/1739 1717/1705/1768
f 1791/1779/1769 1792/1780/1707 1786/1774/1763
f 1793/1781/1770 1791/1779/1769 1786/1774/1763
f 1793/1781/1770 1786/1774/1763 1794/1782/1771
f 1786/1774/1763 1785/1773/1762 1794/1782/1771
f 1781/1769/1757 1700/1688/1758 1698/1686/1772
f 1691/1679/1773 1795/1783/1774 1692/1680/1775
f 1795/1783/1774 1796/1784/1776 1692/1680/1775
f 1796/1784/1776 1795/1783/1774 1792/1780/1707
f 1791/1779/1769 1796/1784/1776 1792/1780/1707
f 1791/1779/1769 1696/1684/1777 1796/1784/1776
f 1791/1779/1769 1793/1781/1770 1696/1684/1777
f 1793/1781/1770 1697/1685/1778 1696/1684/1777
f 1793/1781/1770 1794/1782/1771 1697/1685/1778
f 1697/1685/1778 1794/1782/1771 1698/1686/1772
f 1794/1782/1771 1785/1773/1762 1698/1686/1772
f 1785/1773/1762 1781/1769/1757 1698/1686/1772
f 1696/1684/1777 1692/1680/1775 1796/1784/1776
f 1712/1700/1779 1716/1704/1780 1717/1705/1781
f 1797/1785/1782 1712/1700/1779 1717/1705/1781
f 1717/1705/1781 1790/1778/1783 1797/1785/1782
f 1790/1778/1783 1706/1694/1784 1797/1785/1782
f 1706/1694/1784 1798/1786/1785 1797/1785/1782
f 1798/1786/1785 1706/1694/1784 1708/1696/1786
f 1799/1787/1787 1798/1786/1785 1708/1696/1786
f 1710/1698/1788 1799/1787/1787 1708/1696/1786
f 1799/1787/1787 1800/1788/1789 1801/1789/1790
f 1798/1786/1785 1799/1787/1787 1801/1789/1790
f 1801/1789/1790 1802/1790/1791 1798/1786/1785
f 1802/1790/1791 1797/1785/1782 1798/1786/1785
f 1802/1790/1791 1803/1791/1792 1797/1785/1782
f 1712/1700/1779 1797/1785/1782 1803/1791/1792
f 1803/1791/1792 1726/1714/1793 1712/1700/1779
f 1726/1714/1793 1713/1701/1794 1712/1700/1779
f 1803/1791/1792 1804/1792/1795 1726/1714/1793
f 1804/1792/1795 1805/1793/1795 1726/1714/1793
f 1744/1732/1796 1743/1731/1797 1748/1736/1798
f 1743/1731/1797 1806/1794/1799 1748/1736/1798
f 1806/1794/1799 1743/1731/1797 1742/1730/1800
f 1807/1795/1801 1806/1794/1799 1742/1730/1800
f 1806/1794/1799 1807/1795/1801 1808/1796/1802
f 1806/1794/1799 1808/1796/1802 1809/1797/1803
f 1810/1798/1804 1806/1794/1799 1809/1797/1803
f 1806/1794/1799 1810/1798/1804 1748/1736/1798
f 1810/1798/1804 1811/1799/1805 1748/1736/1798
f 1811/1799/1805 1749/1737/1806 1748/1736/1798
f 1749/1737/1806 1811/1799/1805 1750/1738/1807
f 1811/1799/1805 1812/1800/1808 1750/1738/1807
f 1811/1799/1805 1813/1801/1809 1812/1800/1808
f 1813/1801/1809 1811/1799/1805 1809/1797/1803
f 1811/1799/1805 1810/1798/1804 1809/1797/1803
f 1814/1802/1810 1761/1749/1811 1753/1741/1812
f 1814/1802/1810 1815/1803/1813 1761/1749/1811
f 1815/1803/1813 1814/1802/1810 1816/1804/1814
f 1814/1802/1810 1817/1805/1815 1816/1804/1814
f 1817/1805/1815 1818/1806/1816 1816/1804/1814
f 1818/1806/1816 1819/1807/1817 1816/1804/1814
f 1818/1806/1816 1812/1800/1818 1819/1807/1817
f 1812/1800/1818 1818/1806/1816 1750/1738/1819
f 1818/1806/1816 1757/1745/1820 1750/1738/1819
f 1757/1745/1820 1818/1806/1816 1754/1742/1821
f 1818/1806/1816 1817/1805/1815 1754/1742/1821
f 1754/1742/1821 1817/1805/1815 1752/1740/1822
f 1817/1805/1815 1814/1802/1810 1752/1740/1822
f 1752/1740/1822 1814/1802/1810 1753/1741/1812
f 1815/1803/1823 1816/1804/1824 1761/1749/1823
f 1816/1804/1824 1820/1808/1825 1761/1749/1823
f 1816/1804/1824 1819/1807/1826 1820/1808/1825
f 1819/1807/1826 1812/1800/1827 1820/1808/1825
f 1812/1800/1827 1813/1801/1828 1820/1808/1825
f 1813/1801/1828 1809/1797/1828 1820/1808/1825
f 1820/1808/1825 1821/1809/1829 1761/1749/1823
f 1821/1809/1829 1820/1808/1825 1822/1810/1830
f 1822/1810/1830 1823/1811/1831 1821/1809/1829
f 1823/1811/1831 1824/1812/1832 1821/1809/1829
f 1824/1812/1832 1823/1811/1831 1825/1813/1833
f 1826/1814/1834 1824/1812/1832 1825/1813/1833
f 1824/1812/1832 1826/1814/1834 1768/1756/1835
f 1766/1754/1836 1824/1812/1832 1768/1756/1835
f 1766/1754/1836 1763/1751/1837 1824/1812/1832
f 1824/1812/1832 1763/1751/1837 1761/1749/1838
f 1763/1751/1837 1762/1750/1838 1761/1749/1838
f 1821/1809/1829 1824/1812/1832 1761/1749/1838
f 1827/1815/1839 1828/1816/1840 1804/1792/1841
f 1828/1816/1840 1829/1817/1842 1804/1792/1841
f 1829/1817/1842 1830/1818/1843 1804/1792/1841
f 1830/1818/1843 1805/1793/1844 1804/1792/1841
f 1805/1793/1844 1830/1818/1843 1726/1714/1845
f 1830/1818/1843 1725/1713/1846 1726/1714/1845
f 1725/1713/1846 1830/1818/1843 1724/1712/1847
f 1830/1818/1843 1774/1762/1848 1724/1712/1847
f 1774/1762/1848 1830/1818/1843 1777/1765/1849
f 1830/1818/1843 1829/1817/1842 1777/1765/1849
f 1777/1765/1849 1829/1817/1842 1780/1768/1850
f 1829/1817/1842 1828/1816/1840 1780/1768/1850
f 1780/1768/1850 1828/1816/1840 1700/1688/1851
f 1828/1816/1840 1701/1689/1852 1700/1688/1851
f 1828/1816/1840 1827/1815/1839 1701/1689/1852
f 1778/1766/1853 1777/1765/1849 1780/1768/1850
f 1775/1763/1854 1774/1762/1848 1777/1765/1849
f 1831/1819/1855 1832/1820/1856 1833/1821/1857
f 1832/1820/1856 1834/1822/1858 1833/1821/1857
f 1834/1822/1858 1832/1820/1856 1835/1823/1859
f 1832/1820/1856 1836/1824/1860 1835/1823/1859
f 1836/1824/1860 1837/1825/1861 1835/1823/1859
f 1837/1825/1861 1836/1824/1860 1838/1826/1862
f 1836/1824/1860 1740/1728/1863 1838/1826/1862
f 1836/1824/1860 1832/1820/1856 1740/1728/1863
f 1832/1820/1856 1735/1723/1864 1740/1728/1863
f 1832/1820/1856 1734/1722/1865 1735/1723/1864
f 1734/1722/1865 1832/1820/1856 1741/1729/1866
f 1832/1820/1856 1831/1819/1855 1741/1729/1866
f 1741/1729/1866 1831/1819/1855 1742/1730/1867
f 1831/1819/1855 1807/1795/1868 1742/1730/1867
f 1831/1819/1855 1833/1821/1857 1807/1795/1868
f 1740/1728/1863 1739/1727/1862 1838/1826/1862
f 1839/1827/1869 1840/1828/1870 1841/1829/1871
f 1842/1830/1872 1839/1827/1869 1841/1829/1871
f 1843/1831/1873 1842/1830/1872 1841/1829/1871
f 1844/1832/1874 1842/1830/1872 1843/1831/1873
f 1845/1833/1875 1844/1832/1874 1843/1831/1873
f 1844/1832/1874 1845/1833/1875 1846/1834/1876
f 1844/1832/1874 1846/1834/1876 1847/1835/1877
f 1848/1836/1878 1844/1832/1874 1847/1835/1877
f 1842/1830/1872 1844/1832/1874 1848/1836/1878
f 1849/1837/1879 1842/1830/1872 1848/1836/1878
f 1842/1830/1872 1849/1837/1879 1839/1827/1869
f 1849/1837/1879 1850/1838/1880 1839/1827/1869
f 1839/1827/1869 1850/1838/1880 1840/1828/1870
f 1850/1838/1880 1851/1839/1881 1840/1828/1870
f 1852/1840/1882 1853/1841/1883 1854/1842/1884
f 1853/1841/1883 1855/1843/1885 1854/1842/1884
f 1856/1844/1886 1854/1842/1884 1855/1843/1885
f 1854/1842/1884 1856/1844/1886 1857/1845/1887
f 1856/1844/1886 1858/1846/1888 1857/1845/1887
f 1859/1847/1889 1858/1846/1888 1860/1848/1890
f 1858/1846/1888 1856/1844/1886 1860/1848/1890
f 1860/1848/1890 1856/1844/1886 1861/1849/1891
f 1856/1844/1886 1855/1843/1885 1861/1849/1891
f 1861/1849/1891 1855/1843/1885 1862/1850/1892
f 1855/1843/1885 1853/1841/1883 1862/1850/1892
f 1863/1851/1893 1862/1850/1892 1853/1841/1883
f 1852/1840/1882 1863/1851/1893 1853/1841/1883
f 1863/1851/1893 1852/1840/1882 1864/1852/1894
f 1852/1840/1882 1865/1853/1895 1864/1852/1894
f 1864/1852/1894 1865/1853/1895 1866/1854/1896
f 1865/1853/1895 1867/1855/1897 1866/1854/1896
f 1865/1853/1895 1868/1856/1898 1867/1855/1897
f 1865/1853/1895 1852/1840/1882 1868/1856/1898
f 1852/1840/1882 1869/1857/1899 1868/1856/1898
f 1869/1857/1899 1852/1840/1882 1854/1842/1884
f 1870/1858/1900 1871/1859/1901 1872/1860/1902
f 1871/1859/1901 1873/1861/1903 1872/1860/1902
f 1873/1861/1903 1874/1862/1904 1872/1860/1902
f 1873/1861/1903 1875/1863/1905 1874/1862/1904
f 1873/1861/1903 1876/1864/1906 1875/1863/1905
f 1876/1864/1906 1877/1865/1907 1875/1863/1905
f 1877/1865/1907 1876/1864/1906 1878/1866/1908
f 1879/1867/1909 1877/1865/1907 1878/1866/1908
f 1878/1866/1908 1880/1868/1910 1879/1867/1909
f 1878/1866/1908 1881/1869/1911 1880/1868/1910
f 1881/1869/1911 1882/1870/1912 1880/1868/1910
f 1876/1864/1906 1873/1861/1903 1871/1859/1901
f 1883/1871/1913 1876/1864/1906 1871/1859/1901
f 1876/1864/1906 1883/1871/1913 1878/1866/1908
f 1883/1871/1913 1881/1869/1911 1878/1866/1908
f 1870/1858/1896 1884/1872/1897 1871/1859/1914
f 1884/1872/1897 1885/1873/1915 1871/1859/1914
f 1883/1871/1916 1871/1859/1914 1885/1873/1915
f 1886/1874/1917 1883/1871/1916 1885/1873/1915
f 1883/1871/1916 1886/1874/1917 1881/1869/1918
f 1886/1874/1917 1887/1875/1919 1881/1869/1918
f 1881/1869/1918 1887/1875/1919 1882/1870/1920
f 1887/1875/1919 1888/1876/1921 1882/1870/1920
f 1882/1870/1920 1888/1876/1921 1889/1877/1922
f 1888/1876/1921 1890/1878/1923 1889/1877/1922
f 1889/1877/1922 1890/1878/1923 1891/1879/1924
f 1890/1878/1923 1892/1880/1925 1891/1879/1924
f 1891/1879/1924 1892/1880/1925 1893/1881/1926
f 1892/1880/1925 1894/1882/1927 1893/1881/1926
f 1893/1881/1926 1894/1882/1927 1847/1835/1928
f 1885/1873/1915 1884/1872/1897 1895/1883/1898
f 1886/1874/1917 1885/1873/1915 1895/1883/1898
f 1896/1884/1929 1886/1874/1917 1895/1883/1898
f 1886/1874/1917 1896/1884/1929 1897/1885/1930
f 1887/1875/1919 1886/1874/1917 1897/1885/1930
f 1887/1875/1919 1897/1885/1930 1888/1876/1921
f 1890/1878/1923 1888/1876/1921 1897/1885/1930
f 1892/1880/1925 1890/1878/1923 1897/1885/1930
f 1898/1886/1931 1892/1880/1925 1897/1885/1930
f 1894/1882/1927 1892/1880/1925 1898/1886/1931
f 1899/1887/1932 1894/1882/1927 1898/1886/1931
f 1894/1882/1927 1899/1887/1932 1900/1888/1933
f 1901/1889/1934 1900/1888/1933 1899/1887/1932
f 1902/1890/1935 1901/1889/1934 1899/1887/1932
f 1903/1891/1936 1902/1890/1935 1899/1887/1932
f 1904/1892/1937 1902/1890/1935 1903/1891/1936
f 1905/1893/1938 1904/1892/1937 1903/1891/1936
f 1904/1892/1937 1905/1893/1938 1906/1894/1939
f 1907/1895/1940 1904/1892/1937 1906/1894/1939
f 1894/1882/1927 1900/1888/1933 1847/1835/1928
f 1847/1835/1928 1900/1888/1933 1848/1836/1941
f 1900/1888/1933 1901/1889/1934 1848/1836/1941
f 1848/1836/1941 1901/1889/1934 1849/1837/1942
f 1901/1889/1934 1902/1890/1935 1849/1837/1942
f 1849/1837/1942 1902/1890/1935 1850/1838/1943
f 1902/1890/1935 1904/1892/1937 1850/1838/1943
f 1850/1838/1943 1904/1892/1937 1851/1839/1944
f 1904/1892/1937 1907/1895/1940 1851/1839/1944
f 1907/1895/1940 1908/1896/1945 1851/1839/1944
f 1908/1896/1945 1907/1895/1940 1906/1894/1939
f 1909/1897/1946 1908/1896/1945 1906/1894/1939
f 1908/1896/1945 1909/1897/1946 1910/1898/1947
f 1909/1897/1946 1911/1899/1947 1910/1898/1947
f 1912/1900/1948 1910/1898/1947 1911/1899/1947
f 1913/1901/1948 1912/1900/1948 1911/1899/1947
f 1914/1902/1949 1912/1900/1948 1913/1901/1948
f 1915/1903/1950 1914/1902/1949 1913/1901/1948
f 1851/1839/1944 1908/1896/1945 1840/1828/1951
f 1908/1896/1945 1916/1904/1952 1840/1828/1951
f 1916/1904/1952 1908/1896/1945 1910/1898/1947
f 1917/1905/1953 1918/1906/1954 1919/1907/1955
f 1918/1906/1954 1920/1908/1956 1919/1907/1955
f 1920/1908/1956 1921/1909/1957 1919/1907/1955
f 1920/1908/1956 1846/1834/1958 1921/1909/1957
f 1893/1881/1959 1847/1835/1960 1846/1834/1958
f 1920/1908/1956 1893/1881/1959 1846/1834/1958
f 1893/1881/1959 1920/1908/1956 1891/1879/1961
f 1920/1908/1956 1918/1906/1954 1891/1879/1961
f 1891/1879/1961 1918/1906/1954 1889/1877/1962
f 1918/1906/1954 1917/1905/1953 1889/1877/1962
f 1889/1877/1962 1917/1905/1953 1882/1870/1963
f 1917/1905/1953 1880/1868/1964 1882/1870/1963
f 1917/1905/1953 1922/1910/1965 1880/1868/1964
f 1922/1910/1965 1917/1905/1953 1919/1907/1955
f 1923/1911/1966 1924/1912/1966 1925/1913/1967
f 1926/1914/1968 1923/1911/1966 1925/1913/1967
f 1927/1915/1969 1926/1914/1968 1925/1913/1967
f 1928/1916/1970 1927/1915/1969 1925/1913/1967
f 1928/1916/1970 1925/1913/1967 1929/1917/1971
f 1929/1917/1971 1925/1913/1967 1930/1918/1972
f 1930/1918/1972 1931/1919/1973 1929/1917/1971
f 1931/1919/1973 1932/1920/1974 1929/1917/1971
f 1932/1920/1974 1931/1919/1973 1933/1921/1975
f 1934/1922/1976 1932/1920/1974 1933/1921/1975
f 1935/1923/1977 1932/1920/1974 1934/1922/1976
f 1936/1924/1978 1935/1923/1977 1934/1922/1976
f 1935/1923/1977 1937/1925/1979 1932/1920/1974
f 1937/1925/1979 1938/1926/1980 1932/1920/1974
f 1938/1926/1980 1939/1927/1981 1932/1920/1974
f 1939/1927/1981 1929/1917/1971 1932/1920/1974
f 1939/1927/1981 1940/1928/1982 1929/1917/1971
f 1940/1928/1982 1928/1916/1970 1929/1917/1971
f 1941/1929/1983 1942/1930/1984 1943/1931/1985
f 1942/1930/1984 1944/1932/1986 1943/1931/1985
f 1945/1933/1987 1944/1932/1986 1942/1930/1984
f 1946/1934/1988 1945/1933/1987 1942/1930/1984
f 1947/1935/1989 1945/1933/1987 1946/1934/1988
f 1947/1935/1989 1946/1934/1988 1948/1936/1990
f 1946/1934/1988 1949/1937/1991 1948/1936/1990
f 1949/1937/1991 1950/1938/1992 1948/1936/1990
f 1951/1939/1993 1950/1938/1992 1949/1937/1991
f 1951/1939/1993 1949/1937/1991 1952/1940/1994
f 1949/1937/1991 1953/1941/1995 1952/1940/1994
f 1949/1937/1991 1690/1678/1662 1953/1941/1995
f 1690/1678/1662 1688/1676/1996 1953/1941/1995
f 1688/1676/1996 1686/1674/1658 1953/1941/1995
f 1686/1674/1658 1952/1940/1994 1953/1941/1995
f 1686/1674/1658 1684/1672/1656 1952/1940/1994
f 1684/1672/1656 1954/1942/1997 1952/1940/1994
f 1951/1939/1993 1952/1940/1994 1954/1942/1997
f 1955/1943/1998 1951/1939/1993 1954/1942/1997
f 1951/1939/1993 1955/1943/1998 1956/1944/1999
f 1956/1944/1999 1955/1943/1998 1957/1945/2000
f 1955/1943/1998 1958/1946/2001 1957/1945/2000
f 1957/1945/2000 1958/1946/2001 1959/1947/2002
f 1960/1948/2003 1959/1947/2002 1958/1946/2001
f 1961/1949/2004 1960/1948/2003 1958/1946/2001
f 1960/1948/2003 1961/1949/2004 1962/1950/2005
f 1963/1951/2006 1962/1950/2005 1961/1949/2004
f 1963/1951/2006 1961/1949/2004 1964/1952/2007
f 1961/1949/2004 1965/1953/2008 1964/1952/2007
f 1964/1952/2007 1965/1953/2008 1966/1954/2009
f 1967/1955/2010 1966/1954/2009 1965/1953/2008
f 1968/1956/2011 1967/1955/2010 1965/1953/2008
f 1683/1671/1655 1968/1956/2011 1965/1953/2008
f 1684/1672/1656 1683/1671/1655 1954/1942/1997
f 1683/1671/1655 1955/1943/1998 1954/1942/1997
f 1683/1671/1655 1958/1946/2001 1955/1943/1998
f 1958/1946/2001 1683/1671/1655 1961/1949/2004
f 1683/1671/1655 1965/1953/2008 1961/1949/2004
f 1689/1677/1661 1690/1678/1662 1969/1957/2012
f 1690/1678/1662 1970/1958/2013 1969/1957/2012
f 1690/1678/1662 1971/1959/2014 1970/1958/2013
f 1968/1956/2011 1683/1671/1655 1972/1960/2015
f 1683/1671/1655 1685/1673/2016 1972/1960/2015
f 1973/1961/2017 1972/1960/2015 1685/1673/2016
f 1687/1675/1659 1973/1961/2017 1685/1673/2016
f 1973/1961/2017 1687/1675/1659 1689/1677/1661
f 1969/1957/2012 1973/1961/2017 1689/1677/1661
f 1974/1962/2018 1973/1961/2017 1969/1957/2012
f 1970/1958/2013 1974/1962/2018 1969/1957/2012
f 1974/1962/2018 1970/1958/2013 1975/1963/2019
f 1976/1964/2020 1975/1963/2019 1970/1958/2013
f 1971/1959/2014 1976/1964/2020 1970/1958/2013
f 1977/1965/2021 1976/1964/2020 1971/1959/2014
f 1977/1965/2021 1971/1959/2014 1978/1966/2022
f 1978/1966/2022 1971/1959/2014 1941/1929/1983
f 1971/1959/2014 1942/1930/1984 1941/1929/1983
f 1971/1959/2014 1690/1678/1662 1942/1930/1984
f 1690/1678/1662 1946/1934/1988 1942/1930/1984
f 1690/1678/1662 1949/1937/1991 1946/1934/1988
f 1968/1956/2011 1972/1960/2015 1973/1961/2017
f 1974/1962/2018 1968/1956/2011 1973/1961/2017
f 1974/1962/2018 1967/1955/2010 1968/1956/2011
f 1843/1831/2023 1841/1829/2024 1840/1828/2025
f 1979/1967/2026 1843/1831/2023 1840/1828/2025
f 1840/1828/2025 1916/1904/2027 1979/1967/2026
f 1916/1904/2027 1910/1898/2028 1979/1967/2026
f 1910/1898/2028 1980/1968/2029 1979/1967/2026
f 1980/1968/2029 1910/1898/2028 1912/1900/2030
f 1912/1900/2030 1914/1902/2031 1980/1968/2029
f 1914/1902/2031 1981/1969/2032 1980/1968/2029
f 1981/1969/2032 1982/1970/2033 1980/1968/2029
f 1982/1970/2033 1983/1971/2034 1980/1968/2029
f 1980/1968/2029 1983/1971/2034 1979/1967/2026
f 1983/1971/2034 1984/1972/2035 1979/1967/2026
f 1984/1972/2035 1985/1973/2036 1979/1967/2026
f 1979/1967/2026 1985/1973/2036 1843/1831/2023
f 1985/1973/2036 1846/1834/2037 1843/1831/2023
f 1846/1834/2037 1845/1833/2038 1843/1831/2023
f 1985/1973/2036 1919/1907/2039 1846/1834/2037
f 1919/1907/2039 1921/1909/2039 1846/1834/2037
f 1986/1974/2040 1987/1975/2041 1928/1916/2042
f 1987/1975/2041 1988/1976/2043 1928/1916/2042
f 1988/1976/2043 1927/1915/2044 1928/1916/2042
f 1988/1976/2043 1926/1914/2045 1927/1915/2044
f 1989/1977/2046 1990/1978/2047 1926/1914/2045
f 1988/1976/2043 1989/1977/2046 1926/1914/2045
f 1991/1979/2048 1989/1977/2046 1988/1976/2043
f 1987/1975/2041 1991/1979/2048 1988/1976/2043
f 1992/1980/2049 1991/1979/2048 1987/1975/2041
f 1986/1974/2040 1992/1980/2049 1987/1975/2041
f 1992/1980/2049 1986/1974/2040 1993/1981/2050
f 1986/1974/2040 1939/1927/2051 1993/1981/2050
f 1986/1974/2040 1940/1928/2052 1939/1927/2051
f 1940/1928/2052 1986/1974/2040 1928/1916/2042
f 1994/1982/2053 1995/1983/2054 1996/1984/2055
f 1997/1985/2056 1994/1982/2053 1996/1984/2055
f 1994/1982/2053 1997/1985/2056 1998/1986/2057
f 1999/1987/2058 1998/1986/2057 1997/1985/2056
f 1999/1987/2058 1997/1985/2056 2000/1988/1887
f 2001/1989/2059 1999/1987/2058 2000/1988/1887
f 1999/1987/2058 2001/1989/2059 2002/1990/1889
f 2003/1991/2060 1999/1987/2058 2002/1990/1889
f 1998/1986/2057 1999/1987/2058 2003/1991/2060
f 1990/1978/2061 1998/1986/2057 2003/1991/2060
f 1994/1982/2053 1998/1986/2057 1990/1978/2061
f 1989/1977/2062 1994/1982/2053 1990/1978/2061
f 1995/1983/2054 1994/1982/2053 1989/1977/2062
f 1991/1979/2063 1995/1983/2054 1989/1977/2062
f 2004/1992/2064 1995/1983/2054 1991/1979/2063
f 1992/1980/2065 2004/1992/2064 1991/1979/2063
f 2005/1993/2066 2004/1992/2064 1992/1980/2065
f 1993/1981/2067 2005/1993/2066 1992/1980/2065
f 2006/1994/2068 2007/1995/2069 1937/1925/2070
f 2007/1995/2069 1938/1926/2069 1937/1925/2070
f 1938/1926/2069 2007/1995/2069 1939/1927/2071
f 2007/1995/2069 1993/1981/2072 1939/1927/2071
f 1936/1924/2073 2008/1996/2073 1935/1923/2074
f 2008/1996/2073 2009/1997/2075 1935/1923/2074
f 1935/1923/2074 2009/1997/2075 1937/1925/2070
f 2009/1997/2075 2010/1998/2076 1937/1925/2070
f 2010/1998/2076 2006/1994/2068 1937/1925/2070
f 2011/1999/2077 2006/1994/2068 2010/1998/2076
f 2006/1994/2068 2011/1999/2077 2007/1995/2078
f 2007/1995/2078 2011/1999/2077 1993/1981/2067
f 2011/1999/2077 2005/1993/2066 1993/1981/2067
f 2011/1999/2077 2012/2000/2079 2005/1993/2066
f 2004/1992/2064 2005/1993/2066 2012/2000/2079
f 2004/1992/2064 2012/2000/2079 1996/1984/2055
f 1995/1983/2054 2004/1992/2064 1996/1984/2055
f 2012/2000/2079 2011/1999/2077 2010/1998/2076
f 1990/1978/2080 2003/1991/2081 2013/2001/2082
f 2003/1991/2081 2002/1990/2083 2014/2002/2084
f 2013/2001/2082 2003/1991/2081 2014/2002/2084
f 2013/2001/2082 2014/2002/2084 1924/1912/2085
f 1923/1911/2086 2013/2001/2082 1924/1912/2085
f 2013/2001/2082 1923/1911/2086 1926/1914/2087
f 1926/1914/2087 1990/1978/2080 2013/2001/2082
f 1860/1848/2088 1861/1849/2089 2015/2003/2090
f 2016/2004/2091 1860/1848/2088 2015/2003/2090
f 1859/1847/2083 1860/1848/2088 2016/2004/2091
f 2017/2005/2084 1859/1847/2083 2016/2004/2091
f 2017/2005/2084 2016/2004/2091 1924/1912/2085
f 2016/2004/2091 2018/2006/2092 1924/1912/2085
f 2016/2004/2091 2015/2003/2090 2018/2006/2092
f 2019/2007/2093 2020/2008/2094 2021/2009/2095
f 2021/2009/2095 2022/2010/2096 2019/2007/2093
f 2022/2010/2096 2023/2011/2097 2019/2007/2093
f 2023/2011/2097 2022/2010/2096 2024/2012/2098
f 1862/1850/2099 1863/1851/2100 2025/2013/2101
f 1861/1849/2102 1862/1850/2099 2015/2003/2103
f 1862/1850/2099 2025/2013/2101 2015/2003/2103
f 2025/2013/2101 2024/2012/2098 2015/2003/2103
f 2025/2013/2101 2023/2011/2097 2024/2012/2098
f 1863/1851/2100 2023/2011/2097 2025/2013/2101
f 2023/2011/2097 1863/1851/2100 2019/2007/2093
f 1863/1851/2100 1864/1852/2104 2019/2007/2093
f 2019/2007/2093 1864/1852/2104 2026/2014/2105
f 2019/2007/2093 2026/2014/2105 2020/2008/2094
f 1864/1852/2104 1866/1854/2106 2026/2014/2105
# Vertices: 344, normals: 452, texture coordinates: 344, faces: 545

o obj3
v -0.44023898 0.70457244 0.00361795
v -0.43756527 0.70731431 0.009061
v -0.44448835 0.69599015 0.00662446
v -0.44040388 0.69511259 0.011295
v -0.44832829 0.68828404 0.01068775
v -0.44492477 0.68853235 0.01320263
v -0.44963127 0.68775183 0.01372369
v -0.44594097 0.68989456 0.01620064
v -0.44906619 0.69068187 0.01654225
v -0.45197523 0.69076705 0.01516915
v -0.45327118 0.68994009 0.01192871
v -0.45141727 0.69614869 0.00403858
v -0.45526761 0.69818383 0.0080724
v -0.44569519 0.70485002 0.00087295
v -0.45402554 0.70969641 0.00502563
v -0.44278422 0.71329707 0.00029972
v -0.45212537 0.71853232 0.00465315
v -0.44111508 0.72144836 -0.00282198
v -0.45095792 0.72593135 0.0021368
v -0.43751839 0.71448183 0.00290248
v -0.43487784 0.72209096 0.00038713
v -0.43330574 0.73061347 -0.00218133
v -0.43228734 0.73377651 0.00322758
v -0.43382415 0.72246897 0.00517505
v -0.43576926 0.71651137 0.00892242
v -0.48691219 0.66042376 -0.03314748
v -0.48382112 0.65430439 -0.03358454
v -0.47825727 0.65464878 -0.03637707
v -0.48099533 0.66052818 -0.03626671
v -0.48759991 0.6691162 -0.03401947
v -0.48284349 0.67038667 -0.03632604
v -0.48925036 0.68282115 -0.03275239
v -0.4835926 0.68141562 -0.03621699
v -0.49027148 0.69173586 -0.03307577
v -0.48423493 0.69210017 -0.03643617
v -0.48883435 0.70665306 -0.03243617
v -0.48371044 0.70324582 -0.03587447
v -0.48245037 0.71017474 -0.0327104
v -0.47828665 0.7091974 -0.03685848
v -0.47011295 0.71467954 -0.03321376
v -0.47864473 0.7092517 -0.04455808
v -0.48083818 0.70318139 -0.04315772
v -0.48611876 0.70927125 -0.04973979
v -0.48713997 0.70693862 -0.04710031
v -0.49068809 0.69287187 -0.04641784
v -0.48445597 0.69263536 -0.04225167
v -0.48760343 0.68336415 -0.04690298
v -0.48159415 0.68184155 -0.04168636
v -0.48615283 0.6699487 -0.04613457
v -0.48033938 0.67122418 -0.04204303
v -0.48502472 0.66173339 -0.04616063
v -0.47812271 0.66163898 -0.04243706
v -0.48238528 0.65587306 -0.04615062
v -0.47628319 0.65522707 -0.04155636
v -0.48283988 0.64894629 -0.04332885
v -0.48037592 0.64851117 -0.03751362
v -0.47933632 0.64887512 -0.0407169
v -0.48179325 0.64754331 -0.03982608
v -0.48394546 0.64831913 -0.03759788
v -0.49021265 0.65250385 -0.02048175
v -0.48966241 0.65307534 -0.02630577
v -0.48839569 0.65149564 -0.02293183
v -0.48291162 0.65918887 -0.0253536
v -0.4859271 0.65250981 -0.02408086
v -0.48665226 0.65223539 -0.02078053
v -0.48928565 0.65851349 -0.01582761
v -0.48448586 0.65866798 -0.02091695
v -0.49071422 0.66535115 -0.01462479
v -0.48570672 0.6666168 -0.02000025
v -0.49076599 0.67229682 -0.01502543
v -0.48618549 0.67388386 -0.0193069
v -0.49190417 0.68501997 -0.01394625
v -0.48648056 0.68330753 -0.01839711
v -0.49202019 0.69397515 -0.01376646
v -0.48702997 0.69383675 -0.0177193
v -0.4902567 0.70552123 -0.01315553
v -0.48481581 0.70396852 -0.01762173
v -0.48168945 0.71181726 -0.01630054
v -0.48050719 0.70884925 -0.02047896
v -0.48724025 0.7145279 -0.01443621
v -0.4710559 0.7252059 -0.01418217
v -0.47482008 0.71312934 -0.02339082
v -0.48092151 0.70839792 -0.02621467
v -0.48263076 0.70304328 -0.02396319
v -0.48471022 0.69347656 -0.02345112
v -0.48430529 0.68316257 -0.02432412
v -0.48408318 0.67401773 -0.02450294
v -0.4834995 0.66663307 -0.02469272
v -0.46355882 0.72196865 -0.02809427
v -0.48841503 0.70834106 -0.03100511
v -0.48951018 0.70737773 -0.02897766
v -0.49367329 0.69541091 -0.02702806
v -0.49164703 0.68597877 -0.02797514
v -0.49048322 0.67579907 -0.02782345
v -0.49017322 0.66657448 -0.02889194
v -0.48907578 0.6600737 -0.02904994
v -0.48154625 0.70977122 -0.06617862
v -0.48042628 0.70845866 -0.06752323
v -0.47556722 0.70953083 -0.06922226
v -0.4744218 0.71550548 -0.06334434
v -0.47296962 0.71236384 -0.05283213
v -0.47773904 0.70775586 -0.06037849
v -0.46843347 0.71740532 -0.06763279
v -0.46752101 0.71634281 -0.05573658
v -0.45894042 0.72508466 -0.04948474
v -0.45886624 0.72762913 -0.06430785
v -0.46867132 0.72038776 -0.07572976
v -0.47439373 0.70941263 -0.07540482
v -0.48294303 0.70861864 -0.06480425
v -0.48544738 0.69715565 -0.06343538
v -0.48045799 0.69864923 -0.06019928
v -0.48132238 0.68923008 -0.06353425
v -0.47810668 0.68930876 -0.05951685
v -0.48006022 0.67874748 -0.06214534
v -0.4751727 0.67915148 -0.05914367
v -0.47579983 0.67038858 -0.06251568
v -0.47223449 0.67079663 -0.05925137
v -0.47229546 0.66493064 -0.06179845
v -0.46857533 0.66563642 -0.05826478
v -0.47154376 0.65889734 -0.05905694
v -0.46857119 0.65954053 -0.0565315
v -0.47062251 0.65791231 -0.05581673
v -0.47275004 0.65828758 -0.05393361
v -0.46961987 0.65908855 -0.05368787
v -0.46958861 0.6648342 -0.05471167
v -0.48586854 0.70778739 -0.05122026
v -0.48058647 0.7083596 -0.05233436
v -0.47836989 0.71062613 -0.04891717
v -0.47185841 0.71723878 -0.04460776
v -0.47280291 0.67089647 -0.0543488
v -0.47754049 0.67833066 -0.05450879
v -0.47880098 0.68855852 -0.05463284
v -0.48111534 0.69771665 -0.05472881
v -0.45098248 0.72716331 -0.0245205
v -0.45600674 0.73190087 -0.00973948
v -0.48567712 0.69648749 -0.05136502
v -0.48346612 0.68884373 -0.05063042
v -0.48189762 0.67802358 -0.05128412
v -0.47808123 0.6695773 -0.05004582
v -0.47408068 0.66360658 -0.05001543
v -0.49744219 0.69297874 -0.0152582
v -0.49561152 0.67550963 -0.01665733
v -0.49190417 0.68501997 -0.01394625
v -0.49202019 0.69397515 -0.01376646
v -0.49742198 0.69706786 -0.01552393
v -0.4902567 0.70552123 -0.01315553
v -0.49452701 0.72017407 -0.01827632
v -0.48724025 0.7145279 -0.01443621
v -0.49319619 0.72493958 -0.0158785
v -0.48180354 0.73152947 -0.01556727
v -0.4710559 0.7252059 -0.01418217
v -0.45600674 0.73190087 -0.00973948
v -0.46632573 0.73936814 -0.00895426
v -0.46866176 0.75608462 -0.0193553
v -0.48315233 0.73841333 -0.0242706
v -0.49263069 0.7264359 -0.02793137
v -0.49611387 0.72014374 -0.0250388
v -0.49869964 0.69859189 -0.0203232
v -0.49890485 0.69242597 -0.02050406
v -0.49735603 0.67756087 -0.02104517
v -0.49565512 0.67072648 -0.01674244
v -0.49734789 0.67098206 -0.0213862
v -0.49333179 0.65995932 -0.01786507
v -0.4944697 0.66119707 -0.02178324
v -0.49021265 0.65250385 -0.02048175
v -0.48928565 0.65851349 -0.01582761
v -0.49071422 0.66535115 -0.01462479
v -0.49076599 0.67229682 -0.01502543
v -0.48278934 0.74242491 -0.03537064
v -0.49318078 0.66111755 -0.02654926
v -0.48907578 0.6600737 -0.02904994
v -0.48966241 0.65307534 -0.02630577
v -0.49498832 0.67224908 -0.02586647
v -0.49541083 0.67644477 -0.02587792
v -0.49648392 0.69336963 -0.02508179
v -0.49641347 0.6976229 -0.0251904
v -0.49574393 0.70974857 -0.02698287
v -0.49209046 0.71597469 -0.0289073
v -0.4932788 0.72661775 -0.03820547
v -0.48066792 0.74325097 -0.05933756
v -0.48960802 0.72582382 -0.06531836
v -0.47499907 0.74160612 -0.07351037
v -0.48949617 0.72625381 -0.0499082
v -0.49437749 0.71935225 -0.03544129
v -0.48841503 0.70834106 -0.03100511
v -0.48951018 0.70737773 -0.02897766
v -0.49367329 0.69541091 -0.02702806
v -0.49164703 0.68597877 -0.02797514
v -0.49048322 0.67579907 -0.02782345
v -0.49017322 0.66657448 -0.02889194
v -0.48883435 0.70665306 -0.03243617
v -0.49644858 0.69487363 -0.035562
v -0.49027148 0.69173586 -0.03307577
v -0.49537432 0.6899842 -0.03511336
v -0.48925036 0.68282115 -0.03275239
v -0.49325836 0.67169136 -0.0362743
v -0.48759991 0.6691162 -0.03401947
v -0.49209228 0.6668905 -0.03622163
v -0.48691219 0.66042376 -0.03314748
v -0.48847795 0.65526354 -0.03559399
v -0.48382112 0.65430439 -0.03358454
v -0.48394546 0.64831913 -0.03759788
v -0.494728 0.67347676 -0.04083329
v -0.49330783 0.66690564 -0.0410084
v -0.48930934 0.65633655 -0.03961453
v -0.4875316 0.6563971 -0.04420581
v -0.48283988 0.64894629 -0.04332885
v -0.48238528 0.65587306 -0.04615062
v -0.48502472 0.66173339 -0.04616063
v -0.49063984 0.66846728 -0.04521838
v -0.48615283 0.6699487 -0.04613457
v -0.49219871 0.67260337 -0.04541053
v -0.48760343 0.68336415 -0.04690298
v -0.49344507 0.69048733 -0.04476296
v -0.49068809 0.69287187 -0.04641784
v -0.49450201 0.69554043 -0.04505398
v -0.48713997 0.70693862 -0.04710031
v -0.49397585 0.70830464 -0.0465376
v -0.49492463 0.71927494 -0.04333298
v -0.49735883 0.69619298 -0.04047705
v -0.49621391 0.68922848 -0.04046485
v -0.48611876 0.70927125 -0.04973979
v -0.49164304 0.71568692 -0.04792336
v -0.4918038 0.71900082 -0.05400166
v -0.48586854 0.70778739 -0.05122026
v -0.49144012 0.69812459 -0.05399024
v -0.48567712 0.69648749 -0.05136502
v -0.48985943 0.69396549 -0.05340668
v -0.48346612 0.68884373 -0.05063042
v -0.48714009 0.67924553 -0.05365471
v -0.48189762 0.67802358 -0.05128412
v -0.48546624 0.67516476 -0.05343399
v -0.47808123 0.6695773 -0.05004582
v -0.47819361 0.6635409 -0.05256936
v -0.47408068 0.66360658 -0.05001543
v -0.47275004 0.65828758 -0.05393361
v -0.49112788 0.71898532 -0.06128238
v -0.49215803 0.69903421 -0.05849769
v -0.49022219 0.69302577 -0.05824897
v -0.48844197 0.68046802 -0.05787879
v -0.48629475 0.67483819 -0.05780569
v -0.4788709 0.66425598 -0.05625771
v -0.47704759 0.66452754 -0.06031157
v -0.47154376 0.65889734 -0.05905694
v -0.48954174 0.70983577 -0.06378705
v -0.48927304 0.69887674 -0.06246387
v -0.48768482 0.69456333 -0.062018
v -0.48582482 0.68004364 -0.06185671
v -0.48390669 0.67661846 -0.06150395
v -0.47229546 0.66493064 -0.06179845
v -0.47579983 0.67038858 -0.06251568
v -0.48006022 0.67874748 -0.06214534
v -0.48132238 0.68923008 -0.06353425
v -0.48544738 0.69715565 -0.06343538
v -0.48294303 0.70861864 -0.06480425
v -0.48909435 0.71623993 -0.06575776
v -0.4861019 0.71806163 -0.0698918
v -0.48499101 0.71789837 -0.07689471
v -0.48565879 0.72420323 -0.07702173
v -0.48154625 0.70977122 -0.06617862
v -0.48042628 0.70845866 -0.06752323
v 0.49723059 0.69082046 -0.01543105
v 0.49512911 0.67389953 -0.0168785
v 0.49691296 0.67593801 -0.02125033
v 0.49680227 0.66956407 -0.02160605
v 0.49510011 0.66925889 -0.01697443
v 0.49379739 0.66003144 -0.0220436
v 0.49264219 0.6587702 -0.01813741
v 0.48945868 0.65147799 -0.02079248
v 0.48895898 0.65203595 -0.02661952
v 0.48766622 0.65045792 -0.02325809
v 0.48524091 0.65140468 -0.02442065
v 0.48593304 0.65114647 -0.02111565
v 0.4885942 0.65729839 -0.01612874
v 0.49011013 0.66394854 -0.01490119
v 0.49026534 0.67069846 -0.01528486
v 0.49149501 0.68345249 -0.01308262
v 0.49631292 0.69127595 -0.02525621
v 0.49869192 0.69034696 -0.02066763
v 0.49497321 0.67488205 -0.02609533
v 0.49448672 0.67081118 -0.02609579
v 0.49252403 0.65999138 -0.02681532
v 0.48846996 0.658885 -0.02934726
v 0.49631226 0.69539505 -0.02535595
v 0.49858764 0.69631374 -0.02047468
v 0.49727896 0.69478017 -0.01568808
v 0.4946546 0.71686602 -0.0175295
v 0.48697773 0.71427602 -0.01411006
v 0.4902907 0.70285439 -0.01334594
v 0.49185279 0.6917097 -0.0139704
v 0.496362 0.71723384 -0.0251547
v 0.49584186 0.70715904 -0.02712447
v 0.49355617 0.6932413 -0.02721413
v 0.49138704 0.68410116 -0.02819306
v 0.49006212 0.67423314 -0.02807025
v 0.48962232 0.66527694 -0.02916246
v 0.496326 0.69283909 -0.03572884
v 0.48892954 0.70414931 -0.03262312
v 0.49011767 0.68972641 -0.03328627
v 0.4946726 0.71650243 -0.03556851
v 0.48853979 0.70575875 -0.03119195
v 0.49230981 0.71317732 -0.0290558
v 0.48961335 0.70480782 -0.02916153
v 0.49728298 0.694139 -0.04063611
v 0.49526075 0.71646005 -0.04345747
v 0.49445283 0.69350147 -0.04523112
v 0.49415272 0.70584667 -0.04669119
v 0.48786423 0.65418524 -0.03590976
v 0.48635849 0.65919334 -0.03345873
v 0.48323497 0.65314341 -0.03393416
v 0.49156317 0.66565752 -0.03647829
v 0.48713765 0.66772097 -0.03430063
v 0.49277458 0.67037123 -0.03650985
v 0.48895562 0.68108165 -0.03298841
v 0.4951714 0.68809974 -0.03529664
v 0.49602589 0.68739277 -0.04064517
v 0.4933131 0.68860555 -0.04495675
v 0.49061632 0.69089705 -0.04662257
v 0.48732907 0.70446587 -0.04729691
v 0.48636124 0.70673341 -0.0499368
v 0.4919605 0.71297568 -0.0480749
v 0.48738113 0.68169028 -0.04714463
v 0.49177644 0.6712966 -0.04564926
v 0.49428806 0.67213744 -0.0410559
v 0.49278715 0.66572571 -0.04125626
v 0.48871836 0.65527272 -0.03992134
v 0.48331127 0.64730966 -0.03796371
v 0.48224992 0.64793444 -0.04369956
v 0.4811815 0.64652258 -0.04020807
v 0.47876778 0.6477837 -0.04111109
v 0.47977784 0.64743066 -0.03790233
v 0.48577273 0.66857034 -0.04642196
v 0.49018511 0.66722065 -0.04547923
v 0.48698041 0.65532261 -0.04452376
v 0.48189071 0.65471715 -0.04650413
v 0.48456776 0.66050434 -0.04647959
v 0.48961335 0.70480782 -0.02916153
v 0.49355617 0.6932413 -0.02721413
v 0.48671731 0.69202429 -0.02372954
v 0.48630881 0.68238741 -0.02398421
v 0.49138704 0.68410116 -0.02819306
v 0.48587009 0.67320186 -0.02418534
v 0.49006212 0.67423314 -0.02807025
v 0.48458657 0.66627407 -0.02483204
v 0.48962232 0.66527694 -0.02916246
v 0.48846996 0.658885 -0.02934726
v 0.48406103 0.6582821 -0.02486823
v 0.48352629 0.6577816 -0.02001566
v 0.48480004 0.66598076 -0.01934323
v 0.48546726 0.67263597 -0.01936814
v 0.48578823 0.68227702 -0.01810117
v 0.48662385 0.69186282 -0.01793727
v 0.4849456 0.70136487 -0.02510488
v 0.48853979 0.70575875 -0.03119195
v 0.4902907 0.70285439 -0.01334594
v 0.48697773 0.71427602 -0.01411006
v 0.4814181 0.71161008 -0.01601278
v 0.48480356 0.70162493 -0.01568839
v 0.48066866 0.70604217 -0.02071774
v 0.48108211 0.70567632 -0.0264489
v 0.49185279 0.6917097 -0.0139704
v 0.48263296 0.70750535 -0.03292698
v 0.49149501 0.68345249 -0.01308262
v 0.49026534 0.67069846 -0.01528486
v 0.49011013 0.66394854 -0.01490119
v 0.4885942 0.65729839 -0.01612874
v 0.48593304 0.65114647 -0.02111565
v 0.48524091 0.65140468 -0.02442065
v 0.48895898 0.65203595 -0.02661952
v 0.49011767 0.68972641 -0.03328627
v 0.48481622 0.68996614 -0.03682349
v 0.48895562 0.68108165 -0.03298841
v 0.47954819 0.66043991 -0.04211996
v 0.47703084 0.65445822 -0.04201606
v 0.47741947 0.65367067 -0.03716334
v 0.4801431 0.65997607 -0.0369386
v 0.48323497 0.65314341 -0.03393416
v 0.48635849 0.65919334 -0.03345873
v 0.48246711 0.66885799 -0.03663655
v 0.48713765 0.66772097 -0.03430063
v 0.48377469 0.67958218 -0.03707266
v 0.48393473 0.69051707 -0.04272103
v 0.48276976 0.70086956 -0.04381351
v 0.48378605 0.70083112 -0.0340959
v 0.48892954 0.70414931 -0.03262312
v 0.48336858 0.68003064 -0.04256156
v 0.48184079 0.66902512 -0.04245672
v 0.47888944 0.7066347 -0.04479838
v 0.47848931 0.70655012 -0.0371008
v 0.47224855 0.71433973 -0.04486826
v 0.48189071 0.65471715 -0.04650413
v 0.47876778 0.6477837 -0.04111109
v 0.48456776 0.66050434 -0.04647959
v 0.48577273 0.66857034 -0.04642196
v 0.48738113 0.68169028 -0.04714463
v 0.49061632 0.69089705 -0.04662257
v 0.48732907 0.70446587 -0.04729691
v 0.48636124 0.70673341 -0.0499368
v 0.47040111 0.71181321 -0.03348906
v 0.47977784 0.64743066 -0.03790233
v 0.48287147 0.65317631 -0.03413599
v 0.48224992 0.64793444 -0.04369956
v -0.43228734 0.73377651 0.00322758
v -0.43570173 0.73550856 0.00912861
v -0.43382415 0.72246897 0.00517505
v -0.43782347 0.72561324 0.00951424
v -0.43576926 0.71651137 0.00892242
v -0.43891338 0.71834362 0.01393042
v -0.43756527 0.70731431 0.009061
v -0.44050011 0.70925915 0.01272887
v -0.44040388 0.69511259 0.011295
v -0.44631445 0.71920878 0.01509564
v -0.44766986 0.71167254 0.01398292
v -0.44390917 0.69809598 0.01527156
v -0.44884416 0.69942695 0.0162746
v -0.44244027 0.73517591 0.01046965
v -0.44389313 0.72622353 0.01126916
v -0.44925001 0.72603858 0.00739313
v -0.45043066 0.71987987 0.00987017
v -0.45304438 0.71141648 0.01098343
v -0.45345119 0.69961774 0.01278101
v -0.44492477 0.68853235 0.01320263
v -0.44594097 0.68989456 0.01620064
v -0.44906619 0.69068187 0.01654225
v -0.45197523 0.69076705 0.01516915
v -0.45526761 0.69818383 0.0080724
v -0.45402554 0.70969641 0.00502563
v -0.45212537 0.71853232 0.00465315
v -0.45095792 0.72593135 0.0021368
v -0.4530918 0.73973835 -0.00473074
v -0.44895637 0.74170548 0.0034588
v -0.45327118 0.68994009 0.01192871
v 0.00102153 0.94369686 0.12995955
v 0.00021241 0.9856956 0.12604761
v 0.00899207 0.98802578 0.13021192
v -0.04963555 0.00137225 -0.08093074
v -0.02948703 0.00108 -0.05389821
v -0.08419193 0.00107999 -0.06623199
v -0.0354445 0.00080624 0.02162948
v -0.10791565 0.00116255 0.00754294
v -0.04722514 0.00122521 0.08727433
v -0.12591723 0.00122521 0.06352346
v -0.00051982 0.94466168 0.12995487
v -0.00694344 0.98783493 0.13040252
v -0.10656878 0.06259998 0.0055337
v -0.0836881 0.05958677 0.05683094
v -0.06791338 0.07392047 0.03901872
v -0.44263709 0.7901904 -0.07360166
v -0.43868917 0.79238272 -0.06976364
v -0.45516112 0.79471356 -0.05272602
v -0.42875609 0.78115958 -0.08128595
v -0.23773867 0.91220307 -0.0296215
v -0.24827392 0.92829919 0.00117147
v -0.26022583 0.91642761 0.00092932
v -0.24764147 0.90085804 -0.0274854
v -0.26132977 0.88842785 -0.02862
v -0.26341096 0.89558619 -0.06696951
v -0.28167674 0.86574709 -0.03329231
v -0.28176674 0.87295133 -0.06806368
v -0.30859125 0.83552581 -0.03351745
v -0.30876553 0.84211153 -0.06909397
v -0.36102444 0.78163069 -0.03696619
v -0.3586756 0.78796452 -0.06988676
v -0.39975101 0.74976718 -0.06392123
v -0.39591157 0.74604112 -0.03464426
v -0.37786597 0.79619974 1.67E-06
v -0.41260204 0.75933868 -0.00970255
v -0.393244 0.81062776 0.00345039
v -0.43106639 0.77461272 -0.00156015
v -0.41093752 0.82945228 -0.0073726
v -0.44979486 0.79046148 -0.01519097
v -0.25235632 0.90662855 -0.06753165
v -0.23954754 0.92087662 -0.06304003
v -0.21403924 0.93985301 -0.06212613
v -0.21002202 0.94091487 -0.03079935
v 0.43413031 0.76431739 -0.01209572
v 0.43027773 0.75366312 -0.00344007
v 0.43925303 0.75332755 -0.00229917
v 0.45364696 0.77379441 -0.03152618
v 0.43708578 0.79163849 -0.01955393
v 0.44387725 0.76824695 -0.01399209
v 0.42255321 0.77828968 -0.01004442
v 0.44706663 0.75233644 -0.00347989
v 0.4410722 0.73991525 0.00686065
v 0.43238261 0.73981559 0.00602521
v 0.44300833 0.73110104 0.0100674
v 0.43607336 0.73130679 0.00868666
v 0.44437945 0.72232407 0.0108474
v 0.4383496 0.72165799 0.00905367
v 0.44667491 0.71549791 0.01467005
v 0.43931744 0.71456569 0.01345723
v 0.4479363 0.70816064 0.01354494
v 0.44078615 0.70572793 0.01224098
v 0.44890806 0.69627577 0.01581489
v 0.44399014 0.69492644 0.01477858
v 0.00124159 1.19539654 -0.05750588
v -0.0003692 1.17408109 -0.07168903
v -0.04424785 1.17422676 -0.05786629
v -0.05071737 1.18181348 -0.01083921
v -0.04325467 1.18656397 -0.03410182
v -0.0541559 1.18290794 -0.0125735
v -0.04639976 1.18820202 -0.03769446
v -0.06306832 1.16715789 -0.02272557
v -0.06302182 1.15533483 0.00275581
v -0.03057714 1.19229925 -0.05168303
v -0.02880917 1.19080102 -0.04816343
v -0.05677054 1.14906108 0.00899201
v -0.04355155 1.13956797 0.02637068
v -0.04445548 1.1672374 0.02024157
v -0.04926144 1.17335618 0.01123916
v -0.04573052 1.17316151 0.0109363
v -0.04024008 1.16751885 -0.01625551
v -0.03909327 1.1728555 -0.03228852
v -0.02656237 1.17872941 -0.04541235
v 0.00121989 1.19321263 -0.05251071
v -0.05710869 1.17080426 -0.04209622
v -0.00025529 1.18305242 -0.0515736
v 0.09662329 1.04079258 0.08900588
v 0.09711763 1.04026294 0.08755222
v 0.09635717 1.0281992 0.08610445
v 0.09710588 1.04032207 0.09020693
v 0.09504328 1.02922738 0.0895314
v 0.09613807 1.0084163 0.08613117
v 0.0992974 1.00832248 0.0852374
v 0.09895178 1.02631247 0.08537114
v 0.09809466 1.0392617 0.08730217
v 0.0992974 1.00832248 0.0852374
v 0.09895178 1.02631247 0.08537114
v 0.1008518 1.00840473 0.0878278
v 0.09982087 1.02568591 0.0879816
v 0.09809466 1.0392617 0.08730217
v 0.09857676 1.03879333 0.08850238
v 0.09662329 1.04079258 0.08900588
v 0.09711763 1.04026294 0.08755222
v 0.09822807 0.99171942 0.0920895
v 0.09769347 1.00849354 0.08873717
v 0.1008518 1.00840473 0.0878278
v 0.0945356 1.00857997 0.08963124
v 0.09632321 1.02837288 0.09219111
v 0.09808228 1.03932393 0.08995348
v 0.0989147 1.02650213 0.09144206
v 0.09924953 1.00856745 0.09129265
v 0.09930553 0.99168742 0.09178884
v 0.09768102 0.99177796 0.09324899
v 0.09609263 1.00864887 0.09220152
v 0.0987583 0.99174678 0.09294795
v 0.09043528 1.00124788 0.09985764
v 0.07431382 1.00157869 0.11056585
v 0.05469142 1.00159431 0.12138432
v 0.07074402 1.00159383 0.11274702
v 0.07353262 1.01120377 0.10884735
v 0.06996436 1.01121104 0.1110446
v 0.05418 1.00159431 0.12020691
v 0.07023717 1.0015924 0.1115546
v 0.08992956 1.00121856 0.09862196
v 0.07380795 1.00157225 0.10936776
v 0.06945726 1.01121104 0.109827
v 0.07302639 1.01119936 0.1076244
v 0.09075535 0.93891031 0.10326286
v 0.05469391 0.93933374 0.12477154
v 0.0541836 0.93933374 0.12352347
v 0.0902618 0.93887568 0.10198636
v 0.10286031 1.04059625 0.08379851
v 0.10335732 1.04005373 0.08235213
v 0.1026075 1.02792788 0.08079625
v 0.10334168 1.04013073 0.08498861
v 0.10128781 1.02898502 0.08423302
v 0.10240414 1.00806355 0.0807716
v 0.10556503 1.00796187 0.07987453
v 0.10520511 1.02602589 0.08006546
v 0.10433582 1.03904486 0.08209906
v 0.10711629 1.00806022 0.08248424
v 0.10395637 1.00815713 0.08339469
v 0.10079647 1.00825381 0.08430225
v 0.10550917 1.00824761 0.08597236
v 0.10516014 1.02625501 0.08615156
v 0.10235024 1.00833929 0.08689271
v 0.10607155 1.02541208 0.08267561
v 0.10481678 1.03858125 0.08328808
v 0.10431964 1.03912461 0.08473127
v 0.10256536 1.02814281 0.08690892
v 0.10433582 1.03904486 0.08209906
v 0.10335732 1.04005373 0.08235213
v 0.10286031 1.04059625 0.08379851
v 0.10556503 1.00796187 0.07987453
v 0.10520511 1.02602589 0.08006546
v 0.10711629 1.00806022 0.08248424
v 0.10557364 0.99132609 0.08655728
v 0.10502436 0.99139464 0.0877294
v 0.10394636 0.99142909 0.0880345
v 0.1044954 0.99136114 0.08686177
v 0.09041389 1.04047012 0.09415784
v 0.09090534 1.03995442 0.0927115
v 0.09013283 1.02795386 0.09127443
v 0.09089757 1.03999424 0.09535722
v 0.08882514 1.02895033 0.0946622
v 0.08989821 1.00825036 0.09132935
v 0.09305513 1.00816894 0.09045653
v 0.09272381 1.02608573 0.09056911
v 0.09188068 1.03896189 0.09246953
v 0.09461273 1.00823498 0.09302767
v 0.09145678 1.00831139 0.09391771
v 0.08830162 1.00838387 0.09478809
v 0.09301608 1.00836873 0.09645049
v 0.09269518 1.02623224 0.09659024
v 0.08986192 1.00843608 0.09733735
v 0.09359546 1.02544594 0.09316816
v 0.0923639 1.03848839 0.09367093
v 0.09187225 1.03900504 0.09511238
v 0.09010753 1.02808321 0.09731041
v 0.09188068 1.03896189 0.09246953
v 0.09090534 1.03995442 0.0927115
v 0.09041389 1.04047012 0.09415784
v 0.09305513 1.00816894 0.09045653
v 0.09272381 1.02608573 0.09056911
v 0.09461273 1.00823498 0.09302767
v 0.0930637 0.99153161 0.09686156
v 0.09251851 0.99158061 0.09800477
v 0.09144214 0.99160707 0.09829785
v 0.0919871 0.99155909 0.09715547
v 0.02943302 1.15231073 0.02370468
v 0.04076644 1.15660477 0.01594719
v -0.00033915 1.14504635 0.0327117
v 0.04346484 1.16457343 0.00377911
v 0.04256571 1.17233562 -0.01342649
v 0.03498198 1.17702127 -0.03183203
v 0.02514849 1.17872941 -0.0447332
v -0.00025529 1.18305242 -0.0515736
v -0.02656237 1.17872941 -0.04541235
v -0.03909327 1.1728555 -0.03228852
v -0.04024008 1.16751885 -0.01625551
v -0.03987277 1.16054964 0.00181493
v -0.03989308 1.15598428 0.0104231
v -0.03027282 1.1536448 0.02232349
v -0.05086461 0.0594732 -0.07549485
v -0.09108749 0.05481371 -0.06659725
v -0.03600178 0.05801018 -0.08952055
v -0.10656878 0.06259998 0.0055337
v -0.11718963 0.0607694 -0.0417213
v -0.06791338 0.07392047 0.03901872
v -0.11851079 0.06021448 0.01378638
v -0.08551908 0.07039394 0.05250811
v -0.04271539 0.05860723 0.01852382
v -0.03526076 0.05357847 0.02043176
v -0.02943247 0.05439699 -0.0438956
v -0.02424902 0.05137936 -0.06512844
v -0.03888326 0.05636146 -0.06904981
v 0.00326684 1.13482559 0.05721171
v 0.01267244 1.12880552 0.05165954
v 0.04010863 1.13445485 0.03200624
v -0.04271539 0.05860723 0.01852382
v -0.06791338 0.07392047 0.03901872
v -0.0836881 0.05958677 0.05683094
v -0.04889804 0.04626352 0.03813726
v -0.06617343 0.04061883 0.10646795
v -0.09381533 0.04092836 0.11867916
v -0.1144885 0.04061882 0.09283438
v -0.10820248 0.04221258 0.02607163
v -0.10656878 0.06259998 0.0055337
v -0.00196482 1.13517356 0.05550092
v 0.00326684 1.13482559 0.05721171
v 0.00124135 1.13701975 0.0599455
v 0.0146146 0.65217912 0.12547538
v 0.00498497 0.6298399 0.14515536
v -0.00187825 0.67392725 0.12437806
v 0.06514385 0.62527543 0.12598468
v 0.09605508 0.6544072 0.08972778
v 0.10475183 0.62499821 0.10414227
v 0.13603622 0.62596071 0.08011143
v 0.15291007 0.6316871 0.01482303
v 0.13472752 0.64305264 -0.00346946
v 0.15052754 0.63417709 -0.03789297
v 0.11132343 0.6548959 -0.07808308
v 0.12958986 0.63718045 -0.08821439
v 0.09294654 0.6392929 -0.10377303
v 0.04867922 0.65042561 -0.0982807
v 0.04974405 0.64014554 -0.11852989
v 0.01714956 0.64618915 -0.09527043
v 0.00201905 0.63934386 -0.119287
v -0.00433218 0.65015692 -0.09488489
v -0.02456103 0.64975655 -0.09776005
v -0.04983357 0.64062858 -0.11760889
v -0.09143781 0.65150422 -0.08661156
v -0.09511584 0.63839853 -0.11094835
v -0.1336444 0.63722664 -0.07313644
v -0.13260303 0.64248675 -0.04500533
v -0.1606067 0.63438845 -0.03436848
v -0.14300072 0.6452167 0.02303241
v -0.16277283 0.6319406 0.04570124
v -0.12320971 0.6246857 0.11453456
v -0.10233671 0.64683545 0.10821666
v -0.05326808 0.6259011 0.13608323
v -0.02945905 0.65225118 0.11857674
v 0.00198764 0.6301682 0.14943674
v -0.00187825 0.67392725 0.12437806
v -0.00396559 1.09894276 0.08950969
v 0.00213988 1.10132265 0.08602625
v 0.00245845 1.11744428 0.07477597
v -0.00508419 1.11678803 0.07372738
v -0.00605263 1.11668706 0.06549308
v -0.01114561 1.09912062 0.08495723
v -0.00917181 1.09879708 0.08778604
v -0.0017541 1.06210017 0.11334459
v 0.00950539 1.09879708 0.08830318
v 0.00550291 1.11668706 0.06546362
v 0.01142401 1.09912062 0.08531761
v 0.01583576 1.04554629 0.11203828
v 0.01871037 1.04536569 0.10932112
v 0.00021241 0.99862969 0.12732972
v 0.00021241 0.9856956 0.12604761
v -0.01541093 1.04554629 0.11314841
v -0.01828554 1.04536569 0.11025182
v -0.00211202 0.63302147 0.03177498
v -0.0060965 0.58229804 0.00231244
v -0.00058304 0.6517815 -0.03922809
v -0.00187825 0.67392725 0.12437806
v 0.0146146 0.65217912 0.12547538
v -0.02945905 0.65225118 0.11857674
v -0.03885045 0.58377767 0.09480495
v -0.04023487 0.51712459 0.07503608
v -0.01183762 0.51108265 -0.00472178
v -0.01615021 0.43473563 -0.01482998
v -0.00058304 0.6517815 -0.03922809
v -0.00433218 0.65015692 -0.09488489
v 0.01714956 0.64618915 -0.09527043
v -0.02456103 0.64975655 -0.09776005
v -0.10233671 0.64683545 0.10821666
v -0.10215627 0.5870108 0.10477671
v -0.14300072 0.6452167 0.02303241
v -0.10645137 0.51138729 0.09321149
v -0.03516088 0.43536112 0.05597192
v -0.14376302 0.58787483 0.01759539
v -0.13260303 0.64248675 -0.04500533
v -0.13534951 0.58906657 -0.04715313
v -0.09143781 0.65150422 -0.08661156
v -0.09037659 0.59117883 -0.08163898
v -0.03190714 0.58986264 -0.0777749
v -0.0060965 0.58229804 0.00231244
v -0.03418836 0.51879561 -0.06311262
v -0.01183762 0.51108265 -0.00472178
v -0.03148206 0.43926358 -0.0598819
v -0.01615021 0.43473563 -0.01482998
v -0.01730636 0.40695319 -0.01957864
v -0.0295086 0.41025394 -0.06746809
v -0.12975898 0.51569939 -0.04058925
v -0.08359411 0.52009326 -0.07501546
v -0.12845092 0.43850854 -0.04707986
v -0.07424111 0.43905276 -0.07045883
v -0.07383569 0.40913501 -0.07885189
v -0.10555301 0.40344447 0.0798301
v -0.10626659 0.4317883 0.08135653
v -0.13899645 0.4052642 0.01504218
v -0.13907252 0.43443394 0.01804375
v -0.14058039 0.51193553 0.02154492
v -0.12654333 0.40839741 -0.05417197
v -0.07440927 0.38615969 -0.08014922
v -0.02983975 0.38757378 -0.06679781
v -0.03686138 0.40264973 0.0515529
v -0.03655834 0.38398957 0.04663741
v -0.10241818 0.38108507 0.07584906
v -0.13983727 0.38204989 0.0127182
v -0.13047326 0.384624 -0.05331128
v -0.01528572 0.38363439 -0.02552882
v -0.02972738 0.36767611 -0.07193551
v -0.0720583 0.36673403 -0.08229675
v -0.1300578 0.36598319 -0.05891418
v -0.1367074 0.35704994 0.01313473
v -0.10232475 0.35527533 0.07198204
v -0.03490236 0.35587716 0.04353404
v -0.01735393 0.35662374 -0.01501989
v -0.01528572 0.38363439 -0.02552882
v -0.01730636 0.40695319 -0.01957864
v -0.02092287 0.27711383 -0.03683576
v -0.03476818 0.28283775 0.02178909
v -0.03158718 0.11998086 0.01880799
v -0.01700289 0.12576614 -0.04454134
v -0.0199129 0.18593052 -0.04120579
v -0.03276511 0.18587077 0.01395005
v -0.10054451 0.28577787 0.0582184
v -0.13556938 0.28494185 0.01519549
v -0.1325867 0.28403202 -0.05902999
v -0.07541934 0.28083783 -0.09227626
v -0.03013046 0.28603855 -0.07636698
v -0.09127064 0.11963904 0.04651336
v -0.09390519 0.1866274 0.04315633
v -0.12664691 0.18787046 0.01027374
v -0.12662569 0.19026041 -0.0523704
v -0.03526076 0.05357847 0.02043176
v -0.02424902 0.05137936 -0.06512844
v -0.08551908 0.07039394 0.05250811
v -0.12370624 0.12498278 0.01362829
v -0.12455212 0.12426282 -0.05105681
v -0.07785675 0.18856093 -0.09704762
v -0.02841281 0.19626927 -0.08535608
v -0.02092287 0.27711383 -0.03683576
v -0.01735393 0.35662374 -0.01501989
v -0.07492913 0.12301219 -0.08241867
v -0.07803188 0.05764246 -0.08384111
v -0.11851079 0.06021448 0.01378638
v -0.11718963 0.0607694 -0.0417213
v -0.03600178 0.05801018 -0.08952055
v -0.03327692 0.12412085 -0.08660903
v -0.01700289 0.12576614 -0.04454134
v -0.0199129 0.18593052 -0.04120579
v -0.02424902 0.05137936 -0.06512844
v 0.10589629 0.59092462 -0.06968746
v 0.10718807 0.51557738 -0.07104416
v 0.0558171 0.51959521 -0.0859053
v 0.05794013 0.4414039 -0.08613703
v 0.02454975 0.43861666 -0.05193757
v 0.05769007 0.40908659 -0.08452538
v 0.02686115 0.41077471 -0.06188785
v 0.05919237 0.38763678 -0.0946954
v 0.02692873 0.38628715 -0.06881776
v 0.02441939 0.35933709 -0.06721316
v 0.05870385 0.36474812 -0.09676462
v 0.10165087 0.38704643 -0.07680117
v 0.09830688 0.41024733 -0.07213297
v 0.0957281 0.43926191 -0.06385642
v 0.13906737 0.50676256 -0.00434363
v 0.13758294 0.58530676 -0.00152863
v 0.0949855 0.59414333 0.10133895
v 0.01275207 0.58898872 -0.06645518
v 0.01714956 0.64618915 -0.09527043
v 0.04867922 0.65042561 -0.0982807
v 0.04913905 0.58827603 -0.08405492
v 0.0226143 0.51594025 -0.05158021
v 0.11132343 0.6548959 -0.07808308
v 0.13472752 0.64305264 -0.00346946
v 0.09605508 0.6544072 0.08972778
v 0.0146146 0.65217912 0.12547538
v 0.03199435 1.1942265 -0.05012102
v 0.0300985 1.19272828 -0.04662628
v 0.04525281 1.19064116 -0.03516291
v 0.04209613 1.18894553 -0.03160757
v 0.04855408 1.18196082 -0.01093528
v 0.05176747 1.18315828 -0.01261302
v 0.04793053 1.17334282 0.01088436
v 0.00121989 1.19321263 -0.05251071
v -0.00025529 1.18305242 -0.0515736
v 0.02514849 1.17872941 -0.0447332
v 0.04089955 1.16740668 0.01909589
v 0.04456258 1.17314661 0.0106118
v 0.04076644 1.15660477 0.01594719
v 0.04346484 1.16457343 0.00377911
v 0.04256571 1.17233562 -0.01342649
v 0.00309596 1.14736032 0.04777358
v 0.03181411 1.15986013 0.03249712
v -0.00033915 1.14504635 0.0327117
v 0.02943302 1.15231073 0.02370468
v 0.04475533 1.16724241 0.02004974
v 0.03498198 1.17702127 -0.03183203
v 0.00124159 1.19539654 -0.05750588
v -0.0003692 1.17408109 -0.07168903
v 0.04264014 1.17425585 -0.05743233
v 0.05502595 1.1709857 -0.04167482
v -0.03027282 1.1536448 0.02232349
v -0.03013326 1.15986013 0.03276612
v -0.03989308 1.15598428 0.0104231
v -0.04077488 1.16740334 0.01926515
v -0.03987277 1.16054964 0.00181493
v 0.05944552 1.16720998 -0.0224268
v 0.06127515 1.15547037 0.00249075
v 0.0553955 1.14911127 0.00872755
v 0.03496811 1.15817785 0.03546598
v 0.00338846 1.14517534 0.05193248
v 0.00113381 1.14702904 0.04625144
v -0.00074276 1.14736032 0.04775882
v -0.03303037 1.15817785 0.0356757
v 0.05517087 1.15030134 0.00211282
v 0.04281836 1.13957524 0.02624851
v 0.04010863 1.13445485 0.03200624
v 0.01775816 1.11089063 0.07323784
v 0.01435003 1.11149788 0.07392823
v 0.01824926 1.11381042 0.07339771
v 0.02368993 1.13644087 0.0476372
v 0.00276872 1.14176619 0.05419595
v 0.00105056 1.14204621 0.05307644
v 0.00110855 1.14567316 0.04915787
v -0.00057678 1.14195824 0.05416004
v -0.00097596 1.14517534 0.05190457
v 0.01189954 1.123667 0.07109293
v 0.01014345 1.12216747 0.06773565
v 0.01523279 1.11482501 0.07511112
v 0.00124135 1.13701975 0.0599455
v 0.00326684 1.13482559 0.05721171
v -0.01945079 1.1257273 0.06349458
v -0.02084464 1.14090979 0.04733357
v -0.01000107 1.12454486 0.0716755
v -0.01616313 1.11526632 0.07271693
v -0.0558947 1.15015328 0.00235551
v -0.04084428 1.1344502 0.03216183
v -0.01611783 1.11264336 0.07252859
v -0.01252862 1.11557508 0.07486703
v -0.01278932 1.11296105 0.07300697
v -0.00946554 1.12322104 0.0682909
v -0.00196482 1.13517356 0.05550092
v 0.05502595 1.1709857 -0.04167482
v 0.05517087 1.15030134 0.00211282
v 0.06333532 1.151806 0.00230249
v 0.0341315 1.10930479 0.06443623
v 0.04010863 1.13445485 0.03200624
v 0.01267244 1.12880552 0.05165954
v -0.03462847 1.10930479 0.06511316
v -0.01341085 1.12880552 0.05175736
v -0.04084428 1.1344502 0.03216183
v -0.06518067 1.15172374 0.00259897
v -0.0558947 1.15015328 0.00235551
v -0.05710869 1.17080426 -0.04209622
v -0.00080727 1.12678766 0.07140595
v 0.00326684 1.13482559 0.05721171
v -0.00196482 1.13517356 0.05550092
v -0.00382612 1.13112271 0.06644663
v 0.00499469 1.13086212 0.06818123
v -0.00382612 1.13112271 0.06644663
v -0.00196482 1.13517356 0.05550092
v -0.01341085 1.12880552 0.05175736
v -0.04084428 1.1344502 0.03216183
v 0.4131121 0.76790589 -0.07672736
v 0.4289476 0.78132051 -0.08128437
v 0.44278917 0.79031563 -0.0734879
v 0.4126285 0.77361804 -0.05618453
v 0.39984891 0.74985558 -0.06421014
v 0.4131121 0.76790589 -0.07672736
v 0.3958562 0.74600059 -0.03497033
v 0.4066723 0.76920044 -0.02714788
v 0.41241747 0.75918597 -0.00988331
v 0.42255321 0.77828968 -0.01004442
v 0.4308407 0.77442151 -0.00157723
v 0.44594067 0.78736079 -0.01160275
v 0.43708578 0.79163849 -0.01955393
v 0.43842947 0.79208392 -0.03357593
v 0.45400375 0.79464483 -0.02912488
v 0.4397732 0.79252934 -0.04759794
v 0.45366555 0.79696798 -0.04513751
v 0.4402425 0.78828585 -0.06713271
v 0.42670548 0.78009355 -0.07134224
v 0.4126285 0.77361804 -0.05618453
v 0.04963478 0.0013726 -0.08093138
v 0.08419117 0.0010803 -0.0662327
v 0.02948629 0.0010803 -0.05389881
v 0.1083674 0.00116431 0.00894907
v 0.03544389 0.00080641 0.02162881
v 0.12591664 0.00122532 0.06352267
v 0.04722464 0.00122527 0.08727359
v 0.01344148 0.28170952 -0.02169612
v 0.01817308 0.28575313 -0.09935448
v 0.01607688 0.1728742 -0.10372883
v 0.01171216 0.17176878 -0.02215299
v 0.02139136 0.11237335 -0.09054105
v 0.01767479 0.11480762 -0.02145131
v 0.02040666 0.05261878 -0.06749513
v 0.02306067 0.05381444 -0.02070616
v 0.03712721 0.06502156 0.03439183
v 0.03650243 0.12089199 0.03010866
v 0.08421098 0.0674972 0.04758995
v 0.11767241 0.06040052 -0.01918833
v 0.12797111 0.12349212 -0.01599473
v 0.08981653 0.12130581 0.03645555
v 0.04116549 0.17786275 0.02475804
v 0.03844013 0.28733861 0.04674265
v 0.01089763 0.35508397 -0.02246636
v 0.02441939 0.35933709 -0.06721316
v 0.02692873 0.38628715 -0.06881776
v 0.1010946 0.11840308 -0.07285417
v 0.12915432 0.17717882 -0.02214936
v 0.0912609 0.18179494 0.03264287
v 0.08893508 0.28602782 0.05446511
v 0.03134408 0.35442552 0.04955394
v 0.0097105 0.37555829 -0.00306567
v 0.01000359 0.39472482 0.00676624
v 0.02686115 0.41077471 -0.06188785
v 0.02454975 0.43861666 -0.05193757
v 0.00916854 0.43340778 0.02287525
v 0.0226143 0.51594025 -0.05158021
v 0.00460431 0.5077101 0.02459153
v 0.03016556 0.43479875 0.06938557
v 0.02987829 0.37539288 0.0490204
v 0.02665825 0.39945608 0.05398438
v 0.08602131 0.35491976 0.06595504
v 0.08597037 0.37632504 0.06445443
v 0.08524977 0.4001596 0.06659679
v 0.08739816 0.43451053 0.07201882
v 0.02241763 0.50847155 0.09010997
v 0.00370553 0.5862183 0.02402308
v 0.01275207 0.58898872 -0.06645518
v -0.00058304 0.6517815 -0.03922809
v 0.01714956 0.64618915 -0.09527043
v -0.00211202 0.63302147 0.03177498
v 0.01900015 0.58885837 0.09746207
v 0.09590134 0.50882441 0.09387175
v 0.13232651 0.43363175 -0.00903397
v 0.13178033 0.40631914 -0.01131391
v 0.01607688 0.1728742 -0.10372883
v 0.01817308 0.28575313 -0.09935448
v 0.05409172 0.29409751 -0.10905188
v 0.09681129 0.3576068 -0.08053602
v 0.13160692 0.37860373 -0.01604461
v 0.12996751 0.35107428 -0.02113796
v 0.09320752 0.29026365 -0.08072843
v 0.02040666 0.05261878 -0.06749513
v 0.02139136 0.11237335 -0.09054105
v 0.05161707 0.0534294 -0.09150714
v 0.12835081 0.28343043 -0.02214923
v 0.09794257 0.1689135 -0.08148701
v 0.04676583 0.17164619 -0.12138579
v 0.05162264 0.11640037 -0.11821971
v 0.09188107 0.05349325 -0.05655684
v 0.05259173 0.05420064 -0.08507087
v 0.03900758 0.05573308 -0.0774072
v 0.02933819 0.05134122 -0.04463543
v 0.03794351 0.05901499 0.01868856
v 0.06804541 0.07113993 0.03949909
v 0.10534444 0.06060767 0.00492826
v 0.47507545 0.71018267 -0.0236512
v 0.46396685 0.71879512 -0.02839193
v 0.45945758 0.72201192 -0.04979187
v 0.46795166 0.71352798 -0.05602101
v 0.45959654 0.72435635 -0.06462255
v 0.46900037 0.71449792 -0.06791776
v 0.46235529 0.72935814 -0.07648508
v 0.44003782 0.74007457 -0.06438177
v 0.44419718 0.74405873 -0.07348871
v 0.43728691 0.75630862 -0.07029485
v 0.43142012 0.75307089 -0.06319501
v 0.4359757 0.73826849 -0.05006744
v 0.44274065 0.72882062 -0.03876331
v 0.4402425 0.78828585 -0.06713271
v 0.44553292 0.76264399 -0.073658
v 0.42670548 0.78009355 -0.07134224
v 0.45122689 0.74974853 -0.07651597
v 0.4126285 0.77361804 -0.05618453
v 0.42727903 0.75339293 -0.04959571
v 0.42891279 0.73415428 -0.03385795
v 0.45144153 0.72373891 -0.02487703
v 0.4714883 0.72178042 -0.01444012
v 0.45658416 0.72812957 -0.01006977
v 0.44459558 0.69289559 0.00612802
v 0.45149875 0.69314128 0.00358448
v 0.44826195 0.68546784 0.01019821
v 0.45532757 0.69515926 0.00764739
v 0.45231307 0.70469713 0.00152628
v 0.45427862 0.70634073 0.00462063
v 0.45004007 0.71301961 0.00118904
v 0.452508 0.71493036 0.00425965
v 0.45144966 0.72215396 0.00175673
v 0.4484235 0.7189073 -0.00228922
v 0.45373523 0.73572487 -0.00505707
v 0.45018315 0.7257731 -0.01004765
v 0.43465608 0.72720122 -0.02010574
v 0.42598459 0.73976851 -0.01380547
v 0.41787249 0.75365967 -0.03170632
v 0.42565227 0.75120276 -0.00647969
v 0.42530122 0.75975275 -0.01821247
v 0.44163105 0.71767032 -0.00327466
v 0.43892989 0.72551543 -0.00985953
v 0.42907456 0.73261303 -0.00841337
v 0.43337846 0.72646731 -0.00265258
v 0.43530339 0.7181952 -0.00010105
v 0.43795428 0.71080238 0.00240873
v 0.44051796 0.70118767 0.00311575
v 0.44596231 0.70152795 0.00040414
v 0.4431901 0.70971376 -0.00016568
v 0.44048521 0.69200087 0.01077343
v 0.4378635 0.7038129 0.00855022
v 0.43620262 0.71274942 0.00842438
v 0.43429103 0.71854538 0.00468161
v 0.43240011 0.72954017 0.00275964
v 0.42692575 0.73716414 0.00048914
v 0.4066723 0.76920044 -0.02714788
v 0.43413031 0.76431739 -0.01209572
v 0.42255321 0.77828968 -0.01004442
v 0.43027773 0.75366312 -0.00344007
v 0.43238261 0.73981559 0.00602521
v 0.43607336 0.73130679 0.00868666
v 0.4383496 0.72165799 0.00905367
v 0.43931744 0.71456569 0.01345723
v 0.44078615 0.70572793 0.01224098
v 0.44399014 0.69492644 0.01477858
v 0.44587213 0.68700343 0.01570201
v 0.44486254 0.68567193 0.01269396
v 0.44898942 0.68780088 0.01606428
v 0.44952634 0.6849668 0.01324171
v 0.45319134 0.68713176 0.01147324
v 0.45189261 0.68791699 0.01470855
v 0.06783186 0.00162883 0.12221532
v 0.06783184 0.01305612 0.12221532
v 0.04722464 0.00122527 0.08727359
v 0.04731853 0.01068671 0.08797213
v 0.04818096 0.02343654 0.09050038
v 0.03637365 0.01698504 0.02288905
v 0.03273382 0.02720851 -0.01421144
v 0.04896081 0.04626366 0.03823603
v 0.03794351 0.05901499 0.01868856
v 0.02707447 0.02765605 -0.04558028
v 0.02933819 0.05134122 -0.04463543
v 0.03900758 0.05573308 -0.0774072
v 0.03923703 0.03551843 -0.07051288
v 0.04963479 0.01918926 -0.08093131
v 0.02948632 0.0148344 -0.05389876
v 0.06617299 0.04061875 0.10646731
v 0.06702419 0.02638955 0.11808338
v 0.03544389 0.00080641 0.02162881
v 0.04862292 0.04013865 -0.08626646
v 0.07220846 0.03914741 -0.0773513
v 0.05259173 0.05420064 -0.08507087
v 0.09188107 0.05349325 -0.05655684
v 0.08853097 0.04345595 -0.05715511
v 0.10534444 0.06060767 0.00492826
v 0.12629713 0.0234365 0.0668666
v 0.10828409 0.04626348 0.02611391
v 0.11448799 0.04061879 0.09283366
v 0.11824325 0.0263896 0.10766269
v 0.02948629 0.0010803 -0.05389881
v 0.04963478 0.0013726 -0.08093138
v 0.08419117 0.0010803 -0.0662327
v 0.08419117 0.0148344 -0.06623267
v 0.08610624 0.02804668 -0.05788145
v 0.10066146 0.02720833 -0.03005084
v 0.10785493 0.01698514 0.00714197
v 0.12610319 0.01068676 0.06420235
v 0.1191143 0.01305617 0.11178176
v 0.09381486 0.04092837 0.11867841
v 0.1083674 0.00116431 0.00894907
v 0.06783186 0.00162883 0.12221532
v 0.09647789 0.00670517 0.13176753
v 0.06783184 0.01305612 0.12221532
v 0.09655376 0.02185586 0.13214068
v 0.06702419 0.02638955 0.11808338
v 0.06617299 0.04061875 0.10646731
v 0.11911431 0.00162898 0.11178176
v 0.12591664 0.00122532 0.06352267
v 0.45122689 0.74974853 -0.07651597
v 0.44553292 0.76264399 -0.073658
v 0.45279118 0.76739109 -0.07141382
v 0.4402425 0.78828585 -0.06713271
v 0.4683426 0.73361868 -0.07879554
v 0.4646835 0.75114816 -0.07345617
v 0.45690262 0.77144408 -0.05857001
v 0.4397732 0.79252934 -0.04759794
v 0.48629043 0.72130543 -0.07718863
v 0.48553392 0.71517146 -0.0770808
v 0.48208559 0.71271658 -0.07972627
v 0.48345196 0.70707268 -0.07836132
v 0.48226935 0.69871497 -0.07753273
v 0.47895202 0.69760644 -0.07817421
v 0.47812244 0.70523363 -0.07854672
v 0.47829229 0.71169043 -0.07917335
v 0.47700897 0.71929848 -0.08011144
v 0.47590977 0.73811495 -0.07369711
v 0.47171831 0.75095803 -0.0591714
v 0.43842947 0.79208392 -0.03357593
v 0.46904913 0.67592537 -0.07638431
v 0.4751049 0.68061781 -0.07623321
v 0.46956411 0.67169321 -0.07429981
v 0.47210279 0.68263417 -0.07666024
v 0.47695538 0.68320018 -0.07664686
v 0.47538903 0.68976671 -0.07765274
v 0.48062578 0.69538367 -0.07702953
v 0.48482153 0.69865376 -0.07434724
v 0.48659477 0.71532995 -0.07006963
v 0.49014688 0.72293603 -0.06545331
v 0.4814519 0.73979998 -0.05948044
v 0.47405931 0.75004387 -0.03474889
v 0.46753216 0.67135382 -0.0656349
v 0.46290368 0.66802371 -0.06842926
v 0.46538424 0.66711581 -0.06873449
v 0.46352866 0.66694778 -0.0702171
v 0.46422005 0.66760957 -0.0729553
v 0.46195865 0.66840893 -0.07075854
v 0.48191145 0.7072345 -0.06640206
v 0.48078716 0.7059499 -0.06775673
v 0.48434642 0.6980589 -0.07056511
v 0.47958359 0.69730359 -0.06814403
v 0.48271683 0.69487816 -0.06995114
v 0.47775555 0.68977308 -0.0672739
v 0.47830841 0.68265468 -0.0693582
v 0.47402489 0.68213779 -0.06717698
v 0.47660354 0.67952895 -0.06905101
v 0.4713968 0.67504501 -0.06594995
v 0.47076818 0.67093402 -0.06790307
v 0.47120804 0.67139447 -0.07099734
v 0.46565285 0.67236882 -0.07537273
v 0.48272654 0.69401175 -0.07396565
v 0.47929886 0.68344218 -0.0729291
v 0.47706792 0.67909831 -0.07270604
v 0.09647789 0.00670517 0.13176753
v 0.06783186 0.00162883 0.12221532
v 0.11911431 0.00162898 0.11178176
v 0.09381486 0.04092837 0.11867841
v 0.11448799 0.04061879 0.09283366
v 0.08381393 0.05958687 0.05695781
v 0.04896081 0.04626366 0.03823603
v 0.06617299 0.04061875 0.10646731
v 0.03794351 0.05901499 0.01868856
v 0.06804541 0.07113993 0.03949909
v 0.10828409 0.04626348 0.02611391
v 0.10534444 0.06060767 0.00492826
v 0.08752891 1.14350963 0.00202503
v 0.07421909 1.14765549 7.986E-05
v 0.06776745 1.16918886 -0.0545513
v 0.07958394 1.16419041 -0.03231076
v 0.08849055 1.13484502 0.02218843
v 0.07172424 1.11332679 0.04984015
v 0.05288096 1.09960902 0.06245467
v 0.0529196 1.05137265 0.11186074
v 0.03951881 1.0370059 0.11204713
v 0.08906339 1.10367107 0.0600195
v -0.08107444 0.035518 -0.07719906
v -0.09108749 0.05481371 -0.06659725
v -0.04858069 0.04013848 -0.08611549
v -0.05086461 0.0594732 -0.07549485
v -0.03888326 0.05636146 -0.06904981
v -0.03923681 0.03551829 -0.07050912
v -0.03098759 0.02804639 -0.04546273
v -0.02943247 0.05439699 -0.0438956
v -0.04271539 0.05860723 0.01852382
v -0.02948702 0.01483409 -0.05389816
v -0.04963553 0.01918891 -0.0809307
v -0.02846345 0.02720827 -0.01415717
v -0.03637424 0.01698487 0.02288968
v -0.04889804 0.04626352 0.03813726
v -0.04818147 0.0234365 0.09050106
v -0.06617343 0.04061883 0.10646795
v -0.06702464 0.02638956 0.11808409
v -0.06783234 0.01305613 0.12221611
v -0.04731905 0.01068675 0.08797285
v -0.06783234 0.00162903 0.12221611
v -0.04722514 0.00122521 0.08727433
v -0.0354445 0.00080624 0.02162948
v -0.02948703 0.00108 -0.05389821
v -0.04963555 0.00137225 -0.08093074
v -0.10791565 0.00116255 0.00754294
v -0.12591723 0.00122521 0.06352346
v -0.10785556 0.01698507 0.00714272
v -0.08419193 0.00107999 -0.06623199
v -0.08419193 0.01483409 -0.066232
v -0.09533706 0.03550846 -0.05605231
v -0.11476339 0.04368819 0.00640729
v -0.06702464 0.02638956 0.11808409
v -0.06617343 0.04061883 0.10646795
v -0.09381533 0.04092836 0.11867916
v -0.09655423 0.02185589 0.13214143
v -0.06783234 0.01305613 0.12221611
v -0.06783234 0.00162903 0.12221611
v -0.09647834 0.00673156 0.13176836
v -0.11911477 0.01305612 0.11178254
v -0.11911477 0.00162902 0.11178254
v -0.12610376 0.01068675 0.06420314
v -0.10820248 0.04221258 0.02607163
v -0.10656878 0.06259998 0.0055337
v -0.11824373 0.02638954 0.10766343
v -0.1144885 0.04061882 0.09283438
v -0.12629767 0.0234364 0.06686738
v 0.14174953 0.99724805 -0.02624254
v 0.13332641 0.99674517 -0.02311274
v 0.14733177 1.00604689 -0.06979494
v 0.1358632 1.00684392 -0.06828544
v 0.12439474 1.00764072 -0.06677529
v 0.1249032 0.99624223 -0.01998224
v 0.13230377 1.01634789 0.02237154
v 0.14371853 1.01169384 0.0166319
v 0.15513301 1.00704002 0.01089295
v -0.42724517 0.74157917 0.00095751
v -0.42950043 0.73689431 -0.00794448
v -0.42618927 0.75253946 -0.008843
v -0.42683643 0.74412668 -0.01335108
v -0.4297868 0.73839998 -0.03339808
v -0.41958418 0.75791353 -0.03128058
v -0.42639685 0.76396906 -0.01784983
v -0.43071514 0.75809884 -0.00305975
v -0.43463537 0.76851934 -0.01179477
v -0.44963908 0.72951788 -0.00967569
v -0.43494651 0.73122299 -0.01965414
v -0.43876848 0.72949892 -0.00942006
v -0.42642772 0.78382808 -0.07107861
v -0.41357458 0.77567065 -0.06163669
v -0.4373652 0.76039928 -0.06996567
v -0.43204349 0.75717711 -0.06282867
v -0.42850181 0.75740552 -0.04922489
v -0.44004574 0.74399251 -0.06400751
v -0.43653026 0.74220234 -0.04967399
v -0.4530918 0.73973835 -0.00473074
v -0.40769285 0.77345616 -0.04254838
v -0.41155311 0.7766062 -0.01969448
v 0.21414994 0.93995553 -0.0625457
v 0.23470867 0.96982425 -0.08407017
v 0.23966078 0.92097998 -0.06341027
v 0.19176286 0.96393716 -0.06369714
v 0.20802245 0.99533004 -0.08299273
v 0.16602153 0.98974812 -0.06772849
v 0.18296736 1.018471 -0.07960263
v 0.14733177 1.00604689 -0.06979494
v 0.161732 1.03130567 -0.0793594
v 0.1358632 1.00684392 -0.06828544
v 0.14493847 1.03785765 -0.08026796
v 0.12439474 1.00764072 -0.06677529
v 0.12814505 1.04440916 -0.08117614
v 0.15950176 1.08090436 -0.07883967
v 0.13116153 1.09802473 -0.08259796
v 0.18225567 1.06051815 -0.0757914
v 0.20115268 1.04369593 -0.07468043
v 0.22540025 1.0213871 -0.07960111
v -0.06655575 1.17098033 -0.05736189
v -0.0835675 1.16851676 -0.02387216
v -0.07472879 1.17207837 -0.02851664
v -0.06747508 1.16583109 -0.05548365
v -0.04313099 1.17199206 -0.07390531
v -0.04259321 1.16454744 -0.06982828
v -0.00069391 1.17118657 -0.08140038
v -0.00023593 1.16440523 -0.07778037
v 0.04517592 1.17455959 -0.07187189
v 0.03422089 1.1881752 -0.06998905
v -0.0049329 1.18772376 -0.07732677
v 0.03174155 1.18887603 -0.06743856
v -0.00497406 1.18776667 -0.07492898
v -0.0418565 1.18887842 -0.06818898
v -0.04369392 1.18817878 -0.07032789
v 0.05673141 1.18447888 -0.05507746
v 0.0530944 1.18381703 -0.0511995
v 0.05502595 1.1709857 -0.04167482
v 0.04264014 1.17425585 -0.05743233
v -0.0003692 1.17408109 -0.07168903
v -0.04424785 1.17422676 -0.05786629
v -0.05421712 1.18352544 -0.05133281
v -0.05787253 1.18415582 -0.05532374
v -0.06728864 1.17871404 -0.02899014
v -0.0723296 1.14971149 0.01818436
v -0.08671942 1.13677084 0.0225817
v -0.03286513 1.05359769 0.11563332
v -0.02186582 1.04994524 0.11381678
v -0.03968396 1.11255407 0.06667536
v -0.05400491 1.0994637 0.06954343
v -0.06555523 1.15903473 0.0132617
v -0.07248584 1.11285377 0.04971889
v -0.06976692 1.08097184 0.08442841
v -0.05157886 1.05324352 0.11434906
v 0.00021241 0.98892373 0.12960389
v -0.01887962 1.04859388 0.11431117
v -0.03586777 1.11253297 0.06928321
v -0.06113577 1.15814865 0.01478021
v -0.06100387 1.17695796 -0.02662849
v -0.05710869 1.17080426 -0.04209622
v -0.06518067 1.15172374 0.00259897
v -0.03462847 1.10930479 0.06511316
v -0.01828554 1.04536569 0.11025182
v 0.05200368 1.05324352 0.11445049
v 0.08939259 1.10518086 0.06226941
v 0.05917554 1.10094297 0.0712731
v 0.03421263 1.05331039 0.11557355
v 0.02229065 1.04994524 0.1132196
v 0.01930444 1.04859388 0.11347582
v 0.01871037 1.04536569 0.10932112
v 0.03498574 1.11253297 0.06847219
v 0.0341315 1.10930479 0.06443623
v 0.05891453 1.15820432 0.01442859
v 0.06333532 1.151806 0.00230249
v 0.05697942 1.17707849 -0.02606797
v 0.06439928 1.17636764 -0.03065012
v 0.07014229 1.17242527 -0.03154815
v 0.06623869 1.17527652 -0.05669724
v 0.03913074 1.11255407 0.06625146
v 0.07123575 1.1467731 0.01523141
v 0.06395623 1.15658081 0.01108241
v 0.08812784 1.13683558 0.02170685
v 0.07230831 1.11578584 0.05226649
v 0.04519303 1.16693163 -0.06907551
v 0.00725567 0.98817492 0.13247514
v 0.07967518 1.16657519 -0.02839704
v -0.00439786 0.98798233 0.13268566
v -0.05249478 1.05137253 0.11169051
v -0.08425197 1.09451854 0.06201749
v -0.08458298 1.09715354 0.06416684
v -0.07190323 1.110394 0.04730624
v -0.07032138 1.07898927 0.08312792
v -0.0881343 1.13265324 0.0203045
v -0.0850683 1.16243827 -0.02495539
v -0.07298429 1.14635491 0.0005981
v -0.0525336 1.09960032 0.06282927
v -0.03909397 1.03700578 0.11174434
v -0.39591157 0.74604112 -0.03464426
v -0.41260204 0.75933868 -0.00970255
v -0.40769285 0.77345616 -0.04254838
v -0.41155311 0.7766062 -0.01969448
v -0.43106639 0.77461272 -0.00156015
v -0.42287225 0.78490603 -0.01291325
v -0.44979486 0.79046148 -0.01519097
v -0.43799943 0.79575032 -0.02235021
v -0.45408285 0.79471678 -0.02931741
v -0.45516112 0.79471356 -0.05272602
v -0.44307953 0.79706675 -0.05399902
v -0.43868917 0.79238272 -0.06976364
v -0.42642772 0.78382808 -0.07107861
v -0.42875609 0.78115958 -0.08128595
v -0.4129464 0.76776344 -0.07658713
v -0.41357458 0.77567065 -0.06163669
v -0.39975101 0.74976718 -0.06392123
v -0.40769285 0.77345616 -0.04254838
v -0.39591157 0.74604112 -0.03464426
v -0.46755737 0.6731447 -0.06522956
v -0.47083092 0.67261857 -0.06751942
v -0.46542913 0.6688236 -0.06830392
v -0.47125974 0.67305499 -0.07061864
v -0.4642311 0.66932142 -0.07251921
v -0.46958181 0.67337155 -0.0739115
v -0.46561056 0.67414892 -0.07495958
v -0.46900174 0.67769992 -0.07600465
v -0.47505203 0.6824047 -0.07590513
v -0.47199073 0.6845302 -0.07631774
v -0.47687089 0.68504244 -0.07633592
v -0.47517601 0.6918444 -0.07734606
v -0.48037472 0.69754422 -0.07676951
v -0.47864187 0.6998651 -0.07790811
v -0.48197967 0.70094281 -0.07729118
v -0.47768545 0.70773351 -0.07829317
v -0.48302072 0.70956379 -0.07814442
v -0.47774813 0.7143895 -0.07893523
v -0.48154473 0.71540111 -0.07951336
v -0.47925693 0.68525565 -0.07263473
v -0.48254028 0.69609046 -0.07371719
v -0.48456624 0.70086128 -0.07412123
v -0.48412272 0.7002598 -0.07033572
v -0.47936395 0.69953209 -0.06788525
v -0.48254377 0.69698954 -0.06970552
v -0.47764567 0.69180077 -0.06698646
v -0.47829971 0.68445545 -0.0690572
v -0.47399667 0.68400848 -0.0668472
v -0.47663507 0.681256 -0.06873254
v -0.47142279 0.6768291 -0.0655815
v -0.47708085 0.68080825 -0.07238803
v 0.24805172 0.92811865 0.00087793
v 0.22222623 0.95270061 0.00017571
v 0.23767629 0.91215944 -0.0300402
v 0.24756618 0.9008041 -0.02790224
v 0.26000288 0.91624737 0.00064615
v 0.27616829 0.90397054 0.00268885
v 0.29224083 0.91903174 0.0077406
v 0.29671538 0.88405859 -0.00078466
v 0.31271562 0.89803934 0.00750116
v 0.34209234 0.8641144 0.00485777
v 0.36099583 0.87978446 -0.00584068
v 0.41074821 0.82928884 -0.00725254
v 0.3713181 0.88921702 -0.01967042
v 0.41897348 0.83661419 -0.02042613
v 0.42300189 0.83734852 -0.04348141
v 0.37589934 0.89249355 -0.04122543
v 0.34083733 0.92344862 -0.01987991
v 0.34599563 0.92777205 -0.0382207
v 0.3222619 0.94556707 -0.01636962
v 0.32913169 0.9487499 -0.03562995
v 0.30964616 0.93591285 -0.00591694
v 0.29772267 0.94926071 -0.00499595
v 0.27692869 0.93247068 0.0060673
v 0.33111539 0.91333264 -0.00643823
v 0.26388714 0.94598103 0.00864763
v 0.28412372 0.96487427 -0.00677441
v 0.30856711 0.96102977 -0.01577443
v 0.29580596 0.97547829 -0.01753453
v 0.31367385 0.96632826 -0.03466114
v 0.30240583 0.97834325 -0.03437078
v 0.30946189 0.96447581 -0.05870783
v 0.32351848 0.94773072 -0.06051877
v 0.30548334 0.93574661 -0.08517447
v 0.29287469 0.95226043 -0.0876312
v 0.28696275 0.9189977 -0.08496994
v 0.27262986 0.93376273 -0.08870898
v 0.25249174 0.90674955 -0.06789755
v 0.26039168 0.94697875 -0.08206213
v 0.25635999 0.9925614 -0.0810464
v 0.24091154 1.03761995 -0.0557468
v 0.21810904 1.06132841 -0.05311096
v 0.19917122 1.08070242 -0.05123792
v 0.25773045 0.98999709 -0.00308118
v 0.23984861 0.96957779 0.01010726
v 0.19814689 0.97157621 -0.0022072
v 0.21511981 0.99484462 0.011245
v 0.1903439 1.01626706 0.01120705
v 0.23120855 1.01807439 -0.00181802
v 0.27113628 1.00152636 -0.01511348
v 0.27853677 1.00681937 -0.03258033
v 0.29590037 0.97553933 -0.0593083
v 0.27867281 0.96627313 -0.08521622
v 0.27221283 1.00270689 -0.05825369
v 0.20448487 1.04091811 0.00300188
v 0.24472125 1.03142643 -0.0139079
v 0.2153998 1.05862522 -0.01454954
v 0.19579801 1.07755947 -0.01337031
v 0.18404673 1.05879211 0.00790034
v 0.25109032 1.03687263 -0.03091453
v 0.22234501 1.06688058 -0.03047867
v 0.20281366 1.08531904 -0.0299054
v 0.17713265 1.09686673 -0.00997973
v 0.15796664 1.07673681 0.01402517
v 0.16847827 1.03605211 0.01454354
v 0.17519359 0.9892683 0.00090365
v 0.19160716 0.96161813 -0.03130142
v 0.20996913 0.94087964 -0.0312359
v 0.17730294 1.10137963 -0.05051363
v 0.18297592 1.10223639 -0.0296638
v 0.16974118 1.11552262 -0.02937676
v 0.16378577 1.11455655 -0.04918735
v 0.13116373 1.09822392 0.02692946
v 0.1623064 1.11230731 -0.0091081
v 0.14998162 1.12748718 -0.0085702
v 0.15040976 1.13029122 -0.04994004
v 0.15541172 1.13302827 -0.02833865
v 0.13247547 1.04925799 0.02953825
v 0.1504769 1.04265523 0.02204092
v 0.15513301 1.00704002 0.01089295
v 0.16658179 0.98012429 -0.0327387
v 0.13230377 1.01634789 0.02237154
v 0.14371853 1.01169384 0.0166319
v 0.14174953 0.99724805 -0.02624254
v 0.14733177 1.00604689 -0.06979494
v 0.16602153 0.98974812 -0.06772849
v 0.19176286 0.96393716 -0.06369714
v 0.37763509 0.79600829 -0.00019798
v 0.36098537 0.78160477 -0.0373173
v 0.35880905 0.78808409 -0.07022142
v 0.30854034 0.83549094 -0.0339045
v 0.30890119 0.84223354 -0.06945022
v 0.28162801 0.86571443 -0.03368552
v 0.28190088 0.87307149 -0.06842392
v 0.26125854 0.88837773 -0.02901871
v 0.26354256 0.89570278 -0.0673252
v 0.25249174 0.90674955 -0.06789755
v 0.32798338 0.85005891 0.0012562
v 0.21414994 0.93995553 -0.0625457
v 0.23966078 0.92097998 -0.06341027
v 0.39299643 0.81041896 0.00339469
v 0.41643563 0.83138698 -0.06529797
v 0.39960241 0.82189292 -0.08061467
v 0.38076773 0.80502111 -0.08128721
v 0.35880905 0.78808409 -0.07022142
v 0.33146629 0.85730571 -0.08007734
v 0.30890119 0.84223354 -0.06945022
v 0.28190088 0.87307149 -0.06842392
v 0.30114812 0.89616305 -0.08479209
v 0.26354256 0.89570278 -0.0673252
v 0.32439283 0.91501129 -0.08542155
v 0.35349098 0.87523007 -0.07918033
v 0.36775377 0.88628334 -0.0637342
v 0.3400574 0.92511553 -0.06605653
v 0.48601368 0.67343718 -0.05807577
v 0.48517367 0.67372262 -0.05370858
v 0.47855464 0.66290045 -0.05660969
v 0.47785541 0.66217422 -0.05292773
v 0.4724144 0.65693569 -0.05434301
v 0.47125825 0.65752256 -0.05947306
v 0.47031581 0.65653151 -0.05624149
v 0.46831167 0.65807849 -0.05696579
v 0.46932635 0.65765142 -0.05411604
v 0.47378272 0.66212416 -0.05040249
v 0.47780898 0.66804576 -0.05038904
v 0.48167491 0.67641401 -0.05157597
v 0.48687446 0.67775428 -0.05390605
v 0.48336437 0.68698931 -0.05088343
v 0.48983443 0.69200164 -0.05361218
v 0.48570487 0.69439137 -0.05158999
v 0.49148124 0.69604015 -0.05417782
v 0.47562715 0.66884506 -0.06287169
v 0.48369548 0.67513537 -0.06178549
v 0.47677803 0.66314018 -0.06067529
v 0.47992691 0.67712241 -0.06244786
v 0.48133001 0.68735099 -0.06380223
v 0.48564258 0.67850929 -0.06211681
v 0.48821646 0.67896003 -0.05812033
v 0.47209337 0.66343385 -0.06219342
v 0.48555911 0.695072 -0.06366125
v 0.48772848 0.69259167 -0.06223528
v 0.49019185 0.69114286 -0.05845238
v 0.49222094 0.6969735 -0.05867712
v 0.48938069 0.69678676 -0.06266227
v 0.48983333 0.70740658 -0.06396007
v 0.48326975 0.70613676 -0.06502119
v 0.48950431 0.71360964 -0.06591967
v 0.49152493 0.71631461 -0.06142305
v 0.48999822 0.72321236 -0.05004824
v 0.48347712 0.73881072 -0.03551068
v 0.46946228 0.75201994 -0.01953614
v 0.49219018 0.71624422 -0.0541427
v 0.48609099 0.70530975 -0.05142132
v 0.4714883 0.72178042 -0.01444012
v 0.48229212 0.72801369 -0.01574789
v 0.46693441 0.73552394 -0.00920252
v 0.49315909 0.72145659 -0.01747517
v 0.49293113 0.72334337 -0.0275968
v 0.49371058 0.72354221 -0.03832316
v 0.48373213 0.73484713 -0.02441982
v 0.45658416 0.72812957 -0.01006977
v 0.45373523 0.73572487 -0.00505707
v 0.45735624 0.75280851 -0.01000028
v 0.44958016 0.73756856 0.00311343
v 0.45144966 0.72215396 0.00175673
v 0.44972184 0.72222328 0.00700347
v 0.452508 0.71493036 0.00425965
v 0.45080993 0.7162087 0.00947038
v 0.45427862 0.70634073 0.00462063
v 0.45328969 0.70798916 0.01057753
v 0.45532757 0.69515926 0.00764739
v 0.45351377 0.69651979 0.01234898
v 0.45319134 0.68713176 0.01147324
v 0.45189261 0.68791699 0.01470855
v 0.44898942 0.68780088 0.01606428
v 0.44587213 0.68700343 0.01570201
v 0.47209337 0.66343385 -0.06219342
v 0.47125825 0.65752256 -0.05947306
v 0.46831167 0.65807849 -0.05696579
v 0.47562715 0.66884506 -0.06287169
v 0.46815318 0.66252905 -0.05827321
v 0.46932635 0.65765142 -0.05411604
v 0.47865593 0.70799214 -0.04915531
v 0.48609099 0.70530975 -0.05142132
v 0.48083845 0.70584148 -0.0525637
v 0.48570487 0.69439137 -0.05158999
v 0.48086551 0.69619709 -0.05451821
v 0.48336437 0.68698931 -0.05088343
v 0.47862136 0.6865654 -0.05383817
v 0.48167491 0.67641401 -0.05157597
v 0.4771302 0.67691791 -0.05422246
v 0.47780898 0.66804576 -0.05038904
v 0.47276086 0.66805071 -0.05365205
v 0.47378272 0.66212416 -0.05040249
v 0.4687413 0.6623621 -0.05416846
v 0.47246867 0.66874552 -0.0594557
v 0.47992691 0.67712241 -0.06244786
v 0.47939223 0.70585322 -0.06128094
v 0.48191145 0.7072345 -0.06640206
v 0.48326975 0.70613676 -0.06502119
v 0.47969848 0.6963166 -0.0599096
v 0.48555911 0.695072 -0.06366125
v 0.47777584 0.68684465 -0.05951052
v 0.48133001 0.68735099 -0.06380223
v 0.47631469 0.67758501 -0.05959286
v 0.47489187 0.71272373 -0.06359624
v 0.47645423 0.70686013 -0.06849627
v 0.48078716 0.7059499 -0.06775673
v 0.47958359 0.69730359 -0.06814403
v 0.4757584 0.69853008 -0.07051887
v 0.47775555 0.68977308 -0.0672739
v 0.47317255 0.68933719 -0.06997311
v 0.47402489 0.68213779 -0.06717698
v 0.47026873 0.68271279 -0.06939365
v 0.4713968 0.67504501 -0.06594995
v 0.46594468 0.67677683 -0.06890731
v 0.47330394 0.70969379 -0.05309454
v 0.46753216 0.67135382 -0.0656349
v 0.46340427 0.67244565 -0.06802197
v 0.46570021 0.67711574 -0.07248669
v 0.46953857 0.68264711 -0.07295517
v 0.47210711 0.68890595 -0.07372918
v 0.47463927 0.69804209 -0.07397629
v 0.47513419 0.70619941 -0.07419307
v 0.46565285 0.67236882 -0.07537273
v 0.46422005 0.66760957 -0.0729553
v 0.46195865 0.66840893 -0.07075854
v 0.46904913 0.67592537 -0.07638431
v 0.46252504 0.67278093 -0.07150725
v 0.46290368 0.66802371 -0.06842926
v 0.47210279 0.68263417 -0.07666024
v 0.47538903 0.68976671 -0.07765274
v 0.47895202 0.69760644 -0.07817421
v 0.47812244 0.70523363 -0.07854672
v 0.47829229 0.71169043 -0.07917335
v 0.46934783 0.71738493 -0.07600944
v 0.47700897 0.71929848 -0.08011144
v 0.4683426 0.73361868 -0.07879554
v -0.14720532 1.00593221 -0.06940921
v -0.13520361 1.00824094 -0.06798918
v -0.14708811 0.99629408 -0.02512518
v -0.13459839 0.99852931 -0.0235209
v -0.15534809 1.00721407 0.01124045
v -0.13824663 1.01189959 0.02754439
v -0.12318424 0.99454278 -0.02366053
v -0.125863 1.009547 0.0405109
v -0.12319123 1.01054072 -0.06658691
v -0.09647834 0.00673156 0.13176836
v -0.11911477 0.00162902 0.11178254
v -0.06783234 0.00162903 0.12221611
v -0.46900174 0.67769992 -0.07600465
v -0.46560019 0.67912114 -0.07180364
v -0.46561056 0.67414892 -0.07495958
v -0.4626925 0.67485851 -0.07121518
v -0.4642311 0.66932142 -0.07251921
v -0.46289679 0.67456204 -0.06703053
v -0.46290776 0.66981554 -0.06798405
v -0.46193862 0.6702137 -0.07030844
v -0.46354914 0.66868162 -0.06977384
v -0.4693172 0.68507433 -0.07272065
v -0.47199073 0.6845302 -0.07631774
v -0.47517601 0.6918444 -0.07734606
v -0.46970922 0.68468493 -0.06864728
v -0.465561 0.67854929 -0.06780557
v -0.46542913 0.6688236 -0.06830392
v -0.46755737 0.6731447 -0.06522956
v -0.47142279 0.6768291 -0.0655815
v -0.47399667 0.68400848 -0.0668472
v -0.47764567 0.69180077 -0.06698646
v -0.46146873 0.7327624 -0.0761939
v -0.44372615 0.7480033 -0.07314274
v -0.47259042 0.69205749 -0.06915059
v -0.47179487 0.69217098 -0.07376362
v -0.47416174 0.70142567 -0.07394588
v -0.47864187 0.6998651 -0.07790811
v -0.47768545 0.70773351 -0.07829317
v -0.47774813 0.7143895 -0.07893523
v -0.47632983 0.72224647 -0.07988271
v -0.46742308 0.73705304 -0.07855162
v -0.45037305 0.75365496 -0.07622713
v -0.44508997 0.76667744 -0.07339528
v -0.47936395 0.69953209 -0.06788525
v -0.47499615 0.70070416 -0.06984176
v -0.15037562 1.13026345 -0.04998406
v -0.1554338 1.1330483 -0.02840206
v -0.13583584 1.13421535 -0.06545655
v -0.13213916 1.1476953 -0.03887908
v -0.15005571 1.12755072 -0.00860743
v -0.13058017 1.13727832 -0.00470368
v -0.1278307 1.10119021 0.02573644
v -0.42639685 0.76396906 -0.01784983
v -0.41155311 0.7766062 -0.01969448
v -0.42287225 0.78490603 -0.01291325
v -0.43463537 0.76851934 -0.01179477
v -0.43799943 0.79575032 -0.02235021
v -0.44394606 0.7724036 -0.01375686
v -0.43929756 0.75766891 -0.00196589
v -0.43071514 0.75809884 -0.00305975
v -0.432347 0.7442103 0.00645603
v -0.44070524 0.74417329 0.00724217
v -0.44677648 0.75666392 -0.00317918
v -0.45675477 0.75697809 -0.00975877
v -0.44307953 0.79706675 -0.05399902
v -0.45334598 0.77788228 -0.03136219
v -0.42724517 0.74157917 0.00095751
v -0.42618927 0.75253946 -0.008843
v -0.46359819 0.75498092 -0.07324475
v -0.47079667 0.7546798 -0.0590083
v -0.45204768 0.77143139 -0.07120553
v -0.45627126 0.77541494 -0.05840972
v -0.47322455 0.75395375 -0.03458902
v -0.43868917 0.79238272 -0.06976364
v -0.42642772 0.78382808 -0.07107861
v -0.44508997 0.76667744 -0.07339528
v -0.47632983 0.72224647 -0.07988271
v -0.46742308 0.73705304 -0.07855162
v -0.45037305 0.75365496 -0.07622713
v -0.0525336 1.09960032 0.06282927
v -0.07298429 1.14635491 0.0005981
v -0.03802089 1.10409296 0.06369416
v -0.02326739 1.041484 0.10962643
v -0.03909397 1.03700578 0.11174434
v 0.00021241 0.9856956 0.12604761
v -0.08876055 1.15997481 -0.0503877
v -0.07298429 1.14635491 0.0005981
v -0.06747508 1.16583109 -0.05548365
v -0.10492482 1.147609 -0.01350348
v -0.10835887 1.15558434 -0.04442435
v -0.13213916 1.1476953 -0.03887908
v -0.13058017 1.13727832 -0.00470368
v -0.09862377 1.10460889 0.03020553
v -0.1278307 1.10119021 0.02573644
v -0.09658377 1.05318296 0.05903063
v -0.12389209 1.05043602 0.04387472
v -0.09388254 1.01019645 0.07658938
v -0.0571556 1.05336928 0.10255948
v -0.05281947 1.00798595 0.11796892
v -0.05671456 1.10567486 0.05556807
v -0.1310443 1.09792387 -0.08252005
v -0.13583584 1.13421535 -0.06545655
v -0.11261165 1.13924539 -0.07099946
v -0.10835887 1.15558434 -0.04442435
v -0.08876055 1.15997481 -0.0503877
v -0.13213916 1.1476953 -0.03887908
v 0.04519303 1.16693163 -0.06907551
v 0.06776745 1.16918886 -0.0545513
v 0.0616783 1.15527678 -0.07001872
v 0.08543318 1.16167009 -0.03627711
v 0.08901992 1.14597642 -0.00152418
v 0.10758995 1.15524054 -0.03221595
v 0.10751527 1.14284337 -0.0029013
v 0.13088346 1.1372813 -0.00479389
v 0.13286202 1.14714456 -0.02945833
v 0.14998162 1.12748718 -0.0085702
v 0.15541172 1.13302827 -0.02833865
v 0.15040976 1.13029122 -0.04994004
v 0.1339779 1.13727045 -0.05520116
v 0.10989632 1.14438009 -0.05965435
v 0.08679634 1.15097988 -0.06509583
v 0.07421909 1.14765549 7.986E-05
v 0.08250737 1.10495651 0.04514726
v 0.05718694 1.10416603 0.0550711
v 0.0798344 1.05368125 0.08562058
v 0.0548963 1.04922044 0.10507154
v 0.0471556 1.00875008 0.12056269
v 0.096264 1.00890243 0.08625711
v 0.03951881 1.0370059 0.11204713
v 0.00021241 0.9856956 0.12604761
v 0.02369221 1.041484 0.10907836
v 0.03779382 1.10409272 0.0633096
v 0.05288096 1.09960902 0.06245467
v 0.07421909 1.14765549 7.986E-05
v 0.08752891 1.14350963 0.00202503
v 0.04559699 0.94293487 0.12657906
v 0.05028477 1.00699055 0.12106038
v 0.06816647 0.95650804 0.11372443
v 0.09741395 0.94520015 0.09602299
v 0.09827141 1.00788844 0.08967288
v 0.11331661 1.00762522 0.07818418
v 0.11392742 1.00823283 0.07172798
v 0.10618474 0.94156688 0.07877193
v -0.15037562 1.13026345 -0.04998406
v -0.13583584 1.13421535 -0.06545655
v -0.1310443 1.09792387 -0.08252005
v -0.12319123 1.01054072 -0.06658691
v -0.13520361 1.00824094 -0.06798918
v -0.12610142 1.04154027 -0.08035623
v -0.16194689 1.07889223 -0.07883363
v -0.1310443 1.09792387 -0.08252005
v -0.14435665 1.0363251 -0.0797817
v -0.14720532 1.00593221 -0.06940921
v -0.29580075 0.97545952 -0.05947272
v -0.30243614 0.97837406 -0.0345822
v -0.27211571 1.00262868 -0.05841452
v -0.25614539 0.99238104 -0.08107909
v -0.27843919 0.96607739 -0.08524911
v -0.23448138 0.96962845 -0.08388931
v -0.26017725 0.94679499 -0.08191445
v -0.21403924 0.93985301 -0.06212613
v -0.20779805 0.99513602 -0.08278513
v -0.19164349 0.96382701 -0.06326648
v -0.18277904 1.01830733 -0.07939
v -0.16587825 0.98961723 -0.06727725
v -0.16152255 1.0311228 -0.07906924
v -0.18208028 1.06036949 -0.07574297
v -0.17895259 1.09972513 -0.05033584
v -0.16373892 1.1145184 -0.04925373
v -0.20096567 1.04353726 -0.07465067
v -0.19910884 1.08065248 -0.05134936
v -0.18300854 1.10226679 -0.02977165
v -0.22519004 1.0212096 -0.07959941
v -0.24082358 1.03754938 -0.05589835
v -0.25113195 1.03691268 -0.03111654
v -0.27857313 1.00685525 -0.03279294
v -0.18426502 1.05897629 0.00794574
v -0.19591406 1.07765985 -0.01345428
v -0.21552473 1.05873358 -0.01466159
v -0.22238562 1.06691933 -0.03066305
v -0.2180322 1.0612669 -0.05324815
v -0.20285097 1.08535421 -0.03005279
v -0.17724812 1.09696627 -0.0100446
v -0.16061176 1.07521129 0.01382356
v -0.14847259 1.04320133 0.03014145
v -0.16873065 1.0362612 0.01475232
v -0.20470388 1.04110312 0.00302459
v -0.24485256 1.03154099 -0.01405304
v -0.27126467 1.00163853 -0.01526452
v -0.1278307 1.10119021 0.02573644
v -0.15005571 1.12755072 -0.00860743
v -0.16241679 1.11240208 -0.00916198
v -0.1554338 1.1330483 -0.02840206
v -0.16977175 1.11555064 -0.02947002
v -0.15037562 1.13026345 -0.04998406
v -0.12389209 1.05043602 0.04387472
v -0.125863 1.009547 0.0405109
v -0.13824663 1.01189959 0.02754439
v -0.15534809 1.00721407 0.01124045
v -0.19060916 1.01648712 0.01141222
v -0.23140493 1.01824093 -0.00183392
v -0.25792333 0.99016124 -0.00311158
v -0.16778101 0.98049444 -0.02862238
v -0.17540871 0.98944139 0.00130741
v -0.19833757 0.97172982 -0.00186324
v -0.21538758 0.99506754 0.01141538
v -0.24011326 0.96979856 0.01026008
v -0.14708811 0.99629408 -0.02512518
v -0.14720532 1.00593221 -0.06940921
v -0.16587825 0.98961723 -0.06727725
v -0.19164349 0.96382701 -0.06326648
v -0.19165729 0.96165091 -0.03086051
v -0.22244139 0.95287573 0.00049534
v -0.26414755 0.94619721 0.00877951
v -0.28430066 0.96502465 -0.00683125
v -0.29592469 0.97558272 -0.01769921
v -0.27238041 0.93355334 -0.08856662
v -0.29262832 0.95205784 -0.08767614
v -0.30936652 0.96440065 -0.05889429
v -0.31370437 0.9663589 -0.03487841
v -0.30869749 0.96114278 -0.01594212
v -0.2979112 0.94941974 -0.00505538
v -0.27717781 0.93267626 0.00619036
v -0.29250088 0.91924584 0.0078418
v -0.2764039 0.90416104 0.00294056
v -0.31297535 0.89825636 0.00758838
v -0.29693371 0.88423753 -0.00055195
v -0.30983198 0.93606889 -0.00598073
v -0.33129993 0.91349012 -0.0065143
v -0.34234151 0.86432379 0.00494228
v -0.32821578 0.85025108 0.00147655
v -0.30525196 0.93555623 -0.08521395
v -0.28673482 0.91880637 -0.08483882
v -0.30092502 0.89597237 -0.08463382
v -0.35329968 0.87506944 -0.07920241
v -0.32416371 0.91482025 -0.08546793
v -0.32341522 0.94764972 -0.06070615
v -0.32915938 0.94877791 -0.03585194
v -0.32239157 0.94567841 -0.01654201
v -0.34095013 0.92354786 -0.02005107
v -0.36118683 0.87994838 -0.00592382
v -0.36764154 0.88619238 -0.06387993
v -0.37590376 0.89250273 -0.04144167
v -0.33992821 0.92501122 -0.06622984
v -0.34601179 0.927791 -0.03843745
v -0.37143552 0.88932097 -0.0198488
v -0.41909292 0.83672035 -0.02062117
v -0.42300081 0.83735317 -0.04370017
v -0.4163214 0.83129478 -0.06545559
v -0.39940983 0.82173145 -0.08064208
v -0.33127284 0.85713911 -0.0799052
v -0.23954754 0.92087662 -0.06304003
v -0.25235632 0.90662855 -0.06753165
v -0.45408285 0.79471678 -0.02931741
v -0.45516112 0.79471356 -0.05272602
v -0.44263709 0.7901904 -0.07360166
v -0.42875609 0.78115958 -0.08128595
v -0.38057402 0.80485493 -0.08114177
v -0.30876553 0.84211153 -0.06909397
v -0.28176674 0.87295133 -0.06806368
v -0.26341096 0.89558619 -0.06696951
v -0.3586756 0.78796452 -0.06988676
v -0.4129464 0.76776344 -0.07658713
v 0.08878733 0.77423209 0.10665438
v 0.09117299 0.74397916 0.10552724
v 0.11654045 0.74224037 0.07525401
v 0.1137334 0.77320302 0.07635286
v 0.08523877 0.80091769 0.10497265
v 0.10810672 0.80302608 0.07520506
v 0.10850164 0.83408964 0.07923868
v 0.12692532 0.83697492 0.02040812
v 0.10726165 0.85915941 0.07801846
v 0.12336824 0.86558932 0.02196495
v 0.12122971 0.88610411 0.02109797
v 0.12460027 0.88951045 -0.02176193
v 0.12281031 0.91762245 -0.02092797
v 0.1166978 0.92021906 -0.05971684
v 0.12348239 0.94886798 -0.02221202
v 0.11620353 0.94798726 -0.06160992
v 0.11658978 0.98267466 -0.06363738
v 0.08134005 0.95024103 -0.08150382
v 0.08285043 0.9800604 -0.08985377
v 0.05152448 0.98041755 -0.1007067
v 0.00043032 0.91031992 0.13240576
v 0.00276703 0.91062564 0.1369466
v -0.00051982 0.94466168 0.12995487
v 0.00308887 0.87458962 0.13970777
v 0.0007154 0.87305623 0.13533293
v 0.00353525 0.84922999 0.1413209
v 0.00075022 0.84902358 0.13649549
v 0.00376111 0.82421678 0.14292549
v 0.00105214 0.82402056 0.13840345
v 0.00498652 0.79664636 0.14460814
v 0.00182936 0.79599744 0.14008956
v 0.00462546 0.76996601 0.14651158
v 0.00226985 0.7700932 0.14170475
v 0.00370824 0.74815989 0.14687659
v 0.00177219 0.74819732 0.14485532
v 0.00216591 0.7229954 0.14652917
v 0.05586379 0.74400276 0.12249527
v 0.05429432 0.7722339 0.12517625
v 0.05094675 0.79759866 0.12247541
v 0.08289484 0.85736322 0.10647783
v 0.08422007 0.83202934 0.10693649
v 0.05028293 0.82694191 0.126238
v 0.05066748 0.85253978 0.12315756
v 0.10572463 0.879839 0.07653312
v 0.08097862 0.87673354 0.10514369
v 0.10415573 0.91241699 0.07516019
v 0.0752608 0.91098708 0.09852671
v 0.04636588 0.90955693 0.11907223
v 0.04854378 0.87529367 0.12236471
v 0.00102153 0.94369686 0.12995955
v 0.12476881 0.98050606 -0.02207496
v 0.12681296 0.98820299 0.01814758
v 0.12198007 0.94860095 0.01886825
v 0.12016133 0.91788894 0.02209912
v 0.13116373 1.09822392 0.02692946
v 0.10583153 1.10386229 0.03836354
v 0.13247547 1.04925799 0.02953825
v 0.10711142 1.0511471 0.0612094
v 0.08131651 1.00888622 -0.0955508
v 0.05202778 1.0092386 -0.10540558
v 0.05037515 1.0526439 -0.10416334
v 0.10998972 1.01122093 -0.08358607
v 0.12814505 1.04440916 -0.08117614
v -0.00020692 1.15030622 -0.08431924
v -0.00016611 1.10827649 -0.09347327
v -0.05092205 1.14763534 -0.08015657
v 0.04995557 1.11120927 -0.09308716
v 0.0844438 1.10838091 -0.09031527
v 0.08197845 1.04935634 -0.09512977
v 0.11150892 1.04385149 -0.08907194
v 0.13116153 1.09802473 -0.08259796
v 0.10688087 1.10393405 -0.08822422
v -0.00023593 1.16440523 -0.07778037
v 0.04519303 1.16693163 -0.06907551
v 0.0616783 1.15527678 -0.07001872
v 0.15040976 1.13029122 -0.04994004
v 0.1339779 1.13727045 -0.05520116
v 0.10989632 1.14438009 -0.05965435
v 0.08679634 1.15097988 -0.06509583
v -0.04259321 1.16454744 -0.06982828
v -0.06747508 1.16583109 -0.05548365
v -0.08802926 1.14266706 -0.07729568
v -0.11419765 1.09922063 -0.08624162
v -0.11148202 1.04040194 -0.07911896
v -0.12610142 1.04154027 -0.08035623
v -0.12319123 1.01054072 -0.06658691
v -0.08664235 1.1019218 -0.09075213
v -0.04926841 1.10580778 -0.09492065
v -0.09208963 1.04369438 -0.08792989
v -0.05046896 1.04875338 -0.10274697
v -0.00017292 1.05273771 -0.10497647
v -0.00065559 1.01116991 -0.1063218
v -0.05219015 1.00687492 -0.09634516
v -0.08872038 1.00253797 -0.07880845
v -0.11050172 1.00257313 -0.06331071
v 0.04819335 0.95201832 -0.09895909
v 0.00029243 0.97871292 -0.10558209
v -0.11440618 0.97011751 -0.05685877
v -0.08602924 0.97054452 -0.07667279
v -0.04983054 0.97331202 -0.09578676
v -0.00051344 0.95126629 -0.1013694
v 0.04592631 0.92589879 -0.09346129
v 0.07702001 0.92230314 -0.0800342
v 0.11477011 0.89231098 -0.05868084
v 0.12545827 0.86666995 -0.02473501
v 0.13001375 0.83928561 -0.0258158
v 0.07598791 0.89379966 -0.07259345
v 0.08215082 0.81718612 -0.08750451
v 0.11827266 0.81582952 -0.06737079
v 0.12069161 0.7839219 -0.06995021
v 0.11682327 0.84329516 -0.06403515
v 0.11426602 0.86935526 -0.06238336
v 0.07796334 0.87102407 -0.07635911
v 0.04815889 0.89722592 -0.08431422
v -0.0012182 0.92381978 -0.09715273
v -0.05005598 0.94885808 -0.09588219
v -0.08725629 0.94843817 -0.07741506
v -0.00093609 0.89815331 -0.09320899
v -0.05017772 0.92155612 -0.0958521
v -0.05186398 0.89445823 -0.09361187
v -0.00056761 0.87175357 -0.09174724
v 0.0492047 0.87324047 -0.08395688
v 0.04861815 0.84738618 -0.08786258
v 0.0779098 0.84582484 -0.0777261
v -0.05130511 0.8673746 -0.08782103
v -0.08576646 0.92079663 -0.07688033
v -0.11551598 0.9438597 -0.05500326
v -0.08666264 0.89198452 -0.07532487
v -0.08875839 0.86466891 -0.07536267
v -0.05254211 0.84308481 -0.08764246
v -0.00019912 0.84535384 -0.09028547
v 0.04896775 0.81799173 -0.09362403
v 0.05070846 0.78941542 -0.09322465
v 0.08256699 0.78737605 -0.08464324
v 0.05099936 0.75708008 -0.09881531
v 0.08548789 0.75622863 -0.08986251
v 0.05252367 0.72307801 -0.10314604
v 0.08863892 0.72285867 -0.09262326
v -0.11505836 0.91753119 -0.05818521
v -0.11524838 0.889853 -0.05743976
v -0.0904888 0.84175473 -0.07807373
v -0.13351284 0.8846184 -0.01503514
v -0.11840311 0.86196333 -0.06270804
v -0.12270024 0.84015101 -0.06573614
v -0.08977138 0.81568968 -0.08256851
v -0.05222388 0.81810784 -0.0941817
v -0.00064305 0.81877428 -0.09561985
v 0.00128083 0.79216671 -0.09632429
v -0.05114541 0.79121989 -0.09822098
v -0.09005039 0.7892831 -0.08643724
v -0.12355653 0.81132054 -0.06512728
v -0.12749487 0.85620701 0.05512569
v -0.09799568 0.84802264 0.10049356
v -0.09518296 0.87446898 0.10089783
v -0.12417907 0.87936723 0.04867898
v -0.13823448 0.86100179 -0.0190158
v -0.13885894 0.83422518 -0.01656229
v -0.13020518 0.91401505 -0.00581554
v -0.11948579 0.91506523 0.04977607
v -0.09564736 0.91147006 0.09917471
v -0.09356721 0.94119245 0.09291129
v -0.11696905 0.94555992 0.03953034
v -0.12873556 0.94260204 -0.00729766
v -0.05369229 0.908503 0.12269421
v -0.05245458 0.94291162 0.12091653
v -0.05239113 0.97155231 0.11944273
v -0.09347896 0.971798 0.08475032
v -0.12083656 0.97614264 0.04171393
v -0.12685457 0.96829641 -0.00871152
v -0.12318424 0.99454278 -0.02366053
v -0.125863 1.009547 0.0405109
v -0.05404444 0.84670573 0.12866583
v -0.05444562 0.87447172 0.12631768
v 0.00043032 0.91031992 0.13240576
v -0.00051982 0.94466168 0.12995487
v 0.0007154 0.87305623 0.13533293
v -0.10069264 0.82197958 0.10157283
v -0.05354483 0.81976944 0.12881847
v 0.00075022 0.84902358 0.13649549
v 0.00216591 0.7229954 0.14652917
v 0.00177219 0.74819732 0.14485532
v 0.00143392 0.71636325 0.14526907
v 0.00105214 0.82402056 0.13840345
v -0.05295273 0.7454018 0.12882425
v -0.05515291 0.77388525 0.12804966
v 0.00226985 0.7700932 0.14170475
v 0.00182936 0.79599744 0.14008956
v -0.05437064 0.79671735 0.12613919
v -0.10081205 0.79482287 0.1030656
v -0.13777345 0.80257004 0.05807799
v -0.13254879 0.8300783 0.05627995
v -0.14452727 0.80628097 -0.01859567
v -0.14840965 0.77289432 -0.02294587
v -0.12519303 0.78539521 -0.06882546
v -0.12970702 0.75154656 -0.07331402
v -0.0898521 0.75275403 -0.09264681
v -0.13229063 0.71997827 -0.07563291
v -0.09076551 0.72121531 -0.09765738
v -0.11025213 0.74183893 0.10994296
v -0.1041844 0.77165771 0.10648235
v -0.14024307 0.77113301 0.06261954
v -0.1446083 0.73746794 0.06248118
v -0.11473803 0.71445948 0.10870738
v -0.15140274 0.70926058 0.06019249
v -0.15270723 0.74176514 -0.02344685
v -0.15244077 0.71528143 -0.02206945
v -0.15686893 0.67509246 -0.02975767
v -0.15635647 0.66966236 0.05308169
v -0.11673345 0.67480505 0.1100633
v -0.05241406 0.67683727 0.13154785
v -0.05386386 0.71507996 0.12817733
v 0.00190401 0.71744663 0.1445161
v -0.00187825 0.67392725 0.12437806
v 0.00093434 0.67621809 0.14763549
v 0.00198764 0.6301682 0.14943674
v 0.00201905 0.63934386 -0.119287
v -0.04983357 0.64062858 -0.11760889
v 0.00078969 0.67985135 -0.11619187
v -0.05027891 0.68268377 -0.1159713
v -0.09511584 0.63839853 -0.11094835
v -0.09247851 0.68120515 -0.10510945
v -0.1336444 0.63722664 -0.07313644
v -0.13675839 0.68162924 -0.07837938
v -0.1606067 0.63438845 -0.03436848
v -0.16277283 0.6319406 0.04570124
v -0.12320971 0.6246857 0.11453456
v -0.05326808 0.6259011 0.13608323
v 0.00223293 0.7213431 -0.10948021
v -0.05089717 0.72099447 -0.10958441
v -0.05165398 0.75250357 -0.10188218
v 0.00207542 0.75532854 -0.1015933
v 0.05220274 0.68173885 -0.11096324
v 0.06396995 0.66697782 0.12346934
v 0.00297125 0.67649144 0.14741819
v 0.00498497 0.6298399 0.14515536
v 0.06514385 0.62527543 0.12598468
v 0.10475183 0.62499821 0.10414227
v 0.09944381 0.66722649 0.10361577
v 0.13603622 0.62596071 0.08011143
v 0.12450803 0.66824085 0.07651163
v 0.15291007 0.6316871 0.01482303
v 0.14540567 0.67021954 0.01362329
v 0.15052754 0.63417709 -0.03789297
v 0.14883615 0.6759159 -0.03351688
v 0.12958986 0.63718045 -0.08821439
v 0.12967983 0.68054247 -0.08540475
v 0.09294654 0.6392929 -0.10377303
v 0.09238876 0.68147457 -0.09829859
v 0.04974405 0.64014554 -0.11852989
v 0.12888893 0.71999496 -0.07983357
v 0.14608349 0.7150954 -0.03060754
v 0.14283933 0.71215564 0.01603029
v 0.05711125 0.70939529 0.12279215
v 0.00294304 0.71670872 0.14673553
v 0.09364621 0.71139526 0.10288633
v 0.11975501 0.71046948 0.074419
v 0.13984828 0.74415481 0.01618225
v 0.14265008 0.7465114 -0.03111772
v 0.12527095 0.75514513 -0.07451627
v 0.13578387 0.77767855 0.01699269
v 0.13872591 0.77752858 -0.02911288
v 0.13349995 0.8085466 -0.02491733
v 0.13148679 0.80695242 0.01857286
v 0.00190401 0.71744663 0.1445161
v -0.00187825 0.67392725 0.12437806
v 0.00143392 0.71636325 0.14526907
v 0.00190401 0.71744663 0.1445161
vn 0.67689 -0.35029 -0.64739
vn 0.95347 -0.25329 0.1635
vn 0.50499 -0.51669 -0.69139
vn 0.91418 -0.39949 0.0684
vn -0.0284 -0.89522 -0.44471
vn 0.64209 -0.76119 0.0912
vn -0.2089 -0.91052 0.35681
vn 0.277 -0.5537 0.7853
vn -0.21839 -0.1955 0.95608
vn -0.6684 -0.4427 0.5977
vn -0.81092 -0.58142 -0.066
vn -0.1591 -0.4768 -0.8645
vn -0.95299 -0.1721 -0.2494
vn -0.0568 -0.19249 -0.97965
vn -0.89998 0.12 -0.41909
vn -0.0003 -0.21631 -0.97633
vn -0.89715 0.12001 -0.42512
vn 0.0176 -0.60932 -0.79273
vn -0.9598 -0.2265 -0.1658
vn 0.75412 -0.33291 -0.56611
vn 0.79981 -0.3922 -0.4544
vn 0.82896 -0.52098 -0.20349
vn 0.9127 -0.255 0.3193
vn 0.96201 -0.1325 0.2387
vn 0.96141 -0.1789 0.209
vn -0.15 -0.024 0.98839
vn 0.0093 -0.33159 0.94338
vn 0.73514 -0.0463 0.67633
vn 0.69178 0.21139 0.69048
vn -0.0799 -0.0146 0.9967
vn 0.7243 0.095 0.6829
vn -0.0588 -0.0419 0.99739
vn 0.78186 0.0832 0.61787
vn -0.0232 -0.0043 0.99972
vn 0.81762 -0.0076 0.57571
vn -0.19291 -0.18651 0.96333
vn 0.67753 -0.35792 0.64253
vn 0.51752 -0.83343 0.19381
vn 0.71816 -0.68576 0.11819
vn 0.59929 -0.79638 0.0814
vn 0.68108 -0.66198 -0.31289
vn 0.77581 -0.51741 -0.36111
vn -0.24841 -0.82672 -0.50481
vn 0.0194 -0.46741 -0.88383
vn 0.0093 -0.0701 -0.9975
vn 0.92334 -0.0111 -0.38382
vn 0.15409 0.0312 -0.98756
vn 0.94216 0.14309 -0.30309
vn 0.1131 0.0035 -0.99358
vn 0.95341 0.1387 -0.2679
vn 0.1381 0.0171 -0.99027
vn 0.92524 0.25641 -0.27961
vn 0.104 -0.206 -0.97301
vn 0.94876 -0.0842 -0.30459
vn -0.2032 -0.74461 -0.63581
vn 0.43681 -0.70871 0.55401
vn 0.65204 -0.71574 -0.25011
vn 0.0962 -0.99382 -0.0554
vn -0.5087 -0.8027 0.3113
vn -0.59179 -0.73259 0.3363
vn -0.37659 -0.69439 -0.61319
vn -0.0362 -0.9971 -0.067
vn 0.92339 -0.1687 -0.3448
vn 0.5711 -0.7572 -0.317
vn 0.47681 -0.72801 0.49261
vn 0.1071 -0.3816 0.9181
vn 0.85027 -0.1196 0.51258
vn 0.0046 -0.0909 0.99585
vn 0.83183 0.0394 0.55362
vn 0.0724 -0.0205 0.99717
vn 0.82299 0.0087 0.56799
vn 0.0596 -0.0658 0.99605
vn 0.81369 -0.0044 0.58129
vn 0.087 -0.0251 0.99589
vn 0.80081 -0.0846 0.59291
vn -0.0094 0.021 0.99974
vn 0.76999 -0.27949 0.57359
vn 0.5688 -0.4093 0.7134
vn 0.76547 -0.55538 0.32499
vn -0.0769 -0.0782 0.99397
vn 0.28759 -0.50808 0.81188
vn 0.63912 -0.73312 0.23251
vn 0.631 -0.72959 -0.2637
vn 0.68229 -0.58789 -0.43459
vn 0.92589 -0.0888 -0.3672
vn 0.93177 0.0644 -0.35729
vn 0.94222 0.0582 -0.32991
vn 0.94735 0.10449 -0.30268
vn 0.50862 -0.84544 0.16291
vn -0.38251 -0.86251 -0.3313
vn -0.1846 -0.52619 -0.83009
vn -0.1588 -0.0421 -0.98641
vn -0.0316 0.0339 -0.99893
vn -0.0702 0.0353 -0.99691
vn 0.0069 0.0704 -0.99749
vn -0.0412 -0.16791 -0.98494
vn 0.0228 -0.94367 -0.33009
vn -0.2828 -0.32811 0.90131
vn 0.71354 -0.39532 0.57843
vn 0.6614 -0.7379 -0.1344
vn 0.59402 -0.79863 0.0966
vn 0.73569 -0.60019 -0.3139
vn 0.68562 -0.72752 -0.0254
vn 0.58917 -0.80796 -0.0089
vn 0.593 -0.803 -0.0596
vn 0.69738 -0.66118 -0.27659
vn 0.67579 -0.42179 -0.60449
vn 0.83768 -0.2114 -0.50359
vn 0.104 -0.42969 -0.89697
vn 0.0707 -0.1129 -0.99109
vn 0.94128 0.019 -0.33709
vn 0.20611 0.0034 -0.97852
vn 0.93015 0.21311 -0.29902
vn 0.1725 0.0147 -0.9849
vn 0.91503 0.28971 -0.28071
vn 0.2094 0.0742 -0.97501
vn 0.84533 0.44361 -0.29771
vn 0.2276 -0.1836 -0.95629
vn 0.93868 0.2076 -0.27529
vn -0.0078 -0.78582 -0.61841
vn 0.83653 -0.51182 -0.19561
vn 0.2854 -0.95831 -0.0138
vn -0.35859 -0.88938 0.28359
vn 0.63693 -0.50472 0.58273
vn 0.81039 0.2766 0.51649
vn -0.29651 -0.34141 0.89192
vn 0.58217 -0.57667 0.57317
vn 0.45198 -0.87677 0.16429
vn 0.6556 -0.7531 0.0551
vn 0.73811 0.42671 0.52261
vn 0.77439 0.27299 0.57079
vn 0.81944 0.18751 0.54163
vn 0.81508 0.0425 0.57779
vn 0.23089 -0.97297 -0.0031
vn -0.1632 -0.67698 0.71768
vn -0.0535 0.0006 0.99857
vn -0.022 0.0029 0.99975
vn -0.0403 0.0222 0.99894
vn -0.1038 -0.006 0.99458
vn 0.1196 -0.2697 0.95549
vn -0.63861 -0.0375 0.76861
vn -0.65293 -0.0804 0.75314
vn 0.0595 -0.0658 0.99606
vn 0.087 -0.0252 0.99589
vn -0.66808 0.0912 0.73848
vn -0.73407 0.16559 0.65857
vn -0.68642 0.38551 0.61662
vn -0.3685 0.2601 0.8925
vn 0.28761 -0.50813 0.81184
vn -0.46039 0.0521 0.88619
vn -0.65963 0.54862 0.51372
vn -0.71912 0.60952 0.33371
vn -0.92723 0.36791 -0.0699
vn -0.92116 0.16539 -0.35229
vn -0.99481 0.0599 -0.0822
vn -0.99614 -0.0332 -0.0813
vn -0.99714 -0.056 -0.0508
vn -0.68243 -0.0952 0.72473
vn -0.99065 -0.12711 -0.0496
vn -0.73483 -0.34351 0.58483
vn -0.9414 -0.3346 -0.0426
vn 0.107 -0.3816 0.91811
vn -0.81409 0.58019 0.0253
vn -0.77427 -0.24789 -0.58228
vn -0.67893 -0.0448 -0.73283
vn -0.70428 -0.0365 -0.70898
vn -0.70231 -0.0194 -0.71161
vn -0.73722 -0.0072 -0.67562
vn -0.62872 -0.131 -0.76652
vn -0.86193 -0.0552 -0.50402
vn -0.93081 0.3655 0.0011
vn -0.81149 0.5552 -0.1823
vn -0.94597 0.21749 -0.24049
vn -0.55109 0.4835 -0.68009
vn -0.94007 0.31199 -0.1376
vn -0.94984 -0.0346 0.31081
vn -0.38249 -0.86248 -0.33139
vn -0.18469 -0.52618 -0.83007
vn -0.0317 0.0339 -0.99892
vn 0.0069 0.0703 -0.9975
vn -0.7169 -0.0102 0.6971
vn -0.70903 -0.0907 0.69933
vn -0.70778 -0.146 0.69118
vn -0.0798 -0.0147 0.9967
vn -0.74439 -0.1576 0.64889
vn -0.15 -0.0241 0.98839
vn -0.72219 -0.3956 0.5674
vn -0.50871 -0.80272 0.31121
vn -0.97364 -0.16641 -0.15601
vn -0.94639 -0.2845 -0.153
vn -0.88232 -0.45021 -0.1372
vn -0.63138 -0.36989 -0.68158
vn -0.2032 -0.74471 -0.63571
vn 0.104 -0.20591 -0.97303
vn 0.13819 0.0171 -0.99026
vn -0.5144 -0.1821 -0.838
vn -0.57438 -0.1143 -0.81057
vn -0.59038 -0.1019 -0.80067
vn -0.70533 -0.0708 -0.70533
vn -0.56719 -0.1549 -0.80889
vn -0.92291 0.1082 -0.3695
vn -0.97553 -0.0583 -0.21201
vn -0.97373 -0.1363 -0.18241
vn -0.84329 -0.0554 -0.53459
vn -0.97686 -0.0941 0.19209
vn -0.29642 -0.34142 0.89195
vn -0.74848 -0.0835 0.65788
vn -0.72659 -0.1455 0.67149
vn -0.022 0.0028 0.99975
vn -0.71431 -0.1912 0.67321
vn -0.71242 -0.31091 0.62912
vn -0.1038 -0.0061 0.99458
vn -0.65984 -0.54563 0.51663
vn -0.35858 -0.88935 0.28368
vn -0.94751 0.0165 -0.3193
vn -0.94342 -0.1715 -0.28381
vn -0.94207 -0.24159 -0.23269
vn -0.94043 -0.27161 -0.20451
vn -0.85872 -0.47171 -0.20021
vn -0.74419 -0.64469 -0.1748
vn -0.50301 -0.51791 -0.69192
vn -0.0078 -0.78585 -0.61836
vn -0.65911 -0.1545 -0.73601
vn -0.6573 -0.1546 -0.7376
vn -0.51959 -0.1897 -0.83309
vn -0.50371 -0.1957 -0.84141
vn -0.42951 -0.2865 -0.85641
vn 0.2094 0.0741 -0.97502
vn 0.20601 0.0034 -0.97854
vn -0.70299 -0.2672 -0.65909
vn -0.94212 -0.30011 -0.1495
vn -0.81796 -0.0757 -0.57027
vn -0.68653 0.21061 -0.69593
vn 0.66658 -0.026 0.74498
vn 0.68229 -0.1117 0.72249
vn 0.99614 -0.0736 -0.0479
vn 0.98836 -0.14449 -0.0476
vn 0.68022 -0.1092 0.72482
vn 0.93613 -0.34911 -0.0421
vn 0.73148 -0.35999 0.57909
vn 0.59021 -0.73681 0.3298
vn 0.36068 -0.69966 -0.61676
vn 0.0524 -0.99638 -0.067
vn -0.61538 -0.69637 -0.36929
vn -0.46299 -0.75959 0.45679
vn -0.048 -0.4058 0.9127
vn 0.0384 -0.0877 0.99541
vn -0.0467 -0.0414 0.99805
vn -0.0189 -0.0561 0.99825
vn 0.71459 -0.025 -0.69909
vn 0.99567 -0.0505 -0.0781
vn 0.6563 -0.0459 -0.7531
vn 0.68513 -0.0524 -0.72653
vn 0.73931 -0.22 -0.63641
vn -0.0521 -0.15941 -0.98584
vn 0.79761 -0.0144 -0.60301
vn 0.99479 0.0451 -0.0914
vn 0.66112 0.074 0.74662
vn 0.67849 0.2219 0.70029
vn 0.0757 0.0146 0.99702
vn 0.0619 0.0058 0.99807
vn -0.0594 0.004 0.99823
vn 0.92997 0.1439 -0.33829
vn 0.65202 -0.14071 -0.74503
vn 0.1259 -0.06 -0.99023
vn 0.0524 0.022 -0.99838
vn -0.0254 0.0461 -0.99861
vn 0.0598 0.0509 -0.99691
vn 0.71347 -0.0241 0.70027
vn 0.32111 -0.2354 0.91732
vn 0.0273 -0.0265 0.99928
vn 0.94824 -0.0506 0.31351
vn 0.4031 -0.9061 -0.1284
vn 0.86058 -0.0581 -0.50599
vn 0.1772 -0.5435 -0.82049
vn 0.97568 -0.076 -0.2056
vn 0.92663 0.0968 -0.36331
vn 0.71 -0.0837 -0.6992
vn 0.57369 -0.1645 -0.80238
vn 0.72069 -0.40579 0.56209
vn 0.1432 -0.0315 0.98919
vn -0.0214 -0.33741 0.94112
vn 0.74233 -0.16921 0.64832
vn 0.0633 -0.0108 0.99794
vn 0.70507 -0.16119 0.69057
vn 0.0253 -0.0399 0.99888
vn 0.70502 -0.1067 0.70112
vn 0.97186 -0.15589 -0.17659
vn 0.60869 -0.1053 -0.78639
vn -0.0121 -0.0756 -0.99707
vn -0.0057 -0.46262 -0.88654
vn 0.25839 -0.83408 -0.48739
vn 0.84562 -0.0666 -0.52961
vn -0.0973 0.0078 -0.99522
vn 0.51442 -0.1063 -0.85093
vn 0.97151 -0.183 -0.1506
vn 0.94373 -0.29601 -0.1475
vn 0.87968 -0.45679 -0.1323
vn 0.51039 -0.80389 0.3054
vn 0.1997 -0.746 -0.6353
vn -0.0801 -0.99498 -0.06
vn -0.67556 -0.67826 -0.28908
vn -0.46701 -0.71211 0.52421
vn -0.1964 -0.0011 -0.98052
vn 0.52211 -0.1879 -0.83192
vn 0.59011 -0.33681 -0.73371
vn -0.15259 -0.15869 -0.97546
vn -0.0873 0.0102 -0.99613
vn 0.1773 -0.54349 -0.82048
vn -0.86291 -0.0713 -0.5003
vn -0.88181 0.0843 -0.46401
vn 0.0525 0.022 -0.99838
vn -0.89809 0.1102 -0.42579
vn -0.9032 0.1351 -0.4074
vn -0.90108 -0.0848 -0.42529
vn -0.89799 -0.1312 0.42
vn -0.90033 0.0927 0.42522
vn -0.91435 0.0504 0.40178
vn -0.92101 0.0323 0.3882
vn -0.89161 -0.0691 0.4475
vn -0.59246 -0.62946 -0.50277
vn 0.0619 0.0059 0.99807
vn 0.0757 0.0147 0.99702
vn -0.54671 -0.36391 0.75411
vn -0.79004 -0.32291 0.52112
vn -0.75728 -0.58478 0.29079
vn -0.5089 -0.82931 -0.2308
vn -0.47978 -0.76798 0.42429
vn -0.0188 -0.0561 0.99825
vn -0.0467 -0.0414 0.99805
vn -0.6154 -0.6964 -0.3692
vn -0.83512 -0.034 0.54901
vn 0.0253 -0.04 0.99888
vn -0.89603 0.29511 -0.33171
vn -0.93424 0.0214 -0.35601
vn -0.82063 -0.0063 0.57142
vn -0.78359 0.2586 0.5649
vn 0.1431 -0.0315 0.98921
vn -0.8259 0.1496 0.5436
vn -0.8559 0.0874 0.5097
vn -0.91412 -0.0164 -0.40511
vn -0.67221 -0.52091 -0.52611
vn -0.60017 -0.39828 0.69366
vn -0.933 0.1159 -0.3407
vn -0.93039 0.1627 -0.3285
vn -0.6218 -0.7287 -0.287
vn -0.68148 -0.66998 0.29449
vn -0.64902 -0.75933 0.0468
vn -0.0872 0.0103 -0.99614
vn -0.0973 0.0077 -0.99523
vn -0.0122 -0.0756 -0.99706
vn 0.2584 -0.83401 -0.4875
vn -0.56899 -0.81558 0.1053
vn -0.46693 -0.71215 0.52423
vn -0.4882 -0.0566 0.8709
vn 0.1996 -0.74601 -0.63531
vn 0.91272 -0.25491 0.31931
vn 0.51571 0.0096 0.85671
vn 0.56559 0.1459 0.81168
vn 0.54309 0.0708 0.83668
vn 0.49978 -0.0657 0.86366
vn -0.252 0.263 0.9313
vn -0.2279 0.0911 0.96941
vn 0.50638 -0.0205 0.86207
vn -0.18211 0.12541 0.97525
vn -0.1964 0.236 0.9517
vn -0.2079 0.31869 0.92478
vn -0.79802 0.26361 0.54192
vn -0.82311 0.3041 0.4796
vn -0.83096 0.19059 0.52267
vn -0.79292 0.0874 0.60302
vn -0.66849 -0.44259 0.59769
vn -0.89711 0.12 -0.4252
vn -0.95979 -0.2266 -0.1657
vn -0.7443 -0.1263 0.6558
vn -0.68627 0.30379 0.66087
vn 0.44348 -0.0747 -0.89316
vn -0.0018 -0.99999 -0.003
vn -0.0031 -0.99999 0.0032
vn -0.0031 -0.99999 0.0031
vn -0.003 -0.99999 0.0031
vn -0.0032 -0.99999 0.0032
vn -0.53389 -0.0707 -0.84259
vn -0.89838 0.42599 0.107
vn -0.24309 0.90137 0.35839
vn -0.56979 0.67868 0.46339
vn 0.0189 -0.87641 0.4812
vn -0.37171 -0.92541 0.0738
vn 0.184 -0.97599 0.1166
vn -0.46468 -0.77087 0.43569
vn 0.71019 -0.67819 0.1889
vn 0.4306 -0.4395 0.7883
vn 0.40219 -0.40789 0.81968
vn 0.70051 -0.68451 0.2018
vn 0.67773 -0.70033 0.22411
vn 0.60254 -0.55103 -0.57733
vn 0.71378 -0.65888 0.23749
vn 0.6263 -0.525 -0.5763
vn 0.71497 -0.65798 0.23639
vn 0.59392 -0.54312 -0.59352
vn 0.69301 -0.70361 0.1571
vn 0.55758 -0.58808 -0.58588
vn 0.60141 -0.66941 -0.43611
vn 0.68152 -0.70012 0.21301
vn 0.3647 -0.43 0.82589
vn 0.34392 -0.46612 0.81514
vn -0.1144 0.0198 0.99324
vn -0.2362 0.0667 0.96941
vn -0.4697 0.3593 0.8064
vn -0.5704 0.3931 0.7212
vn 0.56938 -0.46478 -0.67807
vn 0.6171 -0.5485 -0.5642
vn 0.58071 -0.60951 -0.53971
vn 0.69159 -0.69639 0.1917
vn -0.21259 0.40209 0.89058
vn -0.40019 0.56329 0.72288
vn 0.0563 0.58632 0.80812
vn 0.77121 0.607 0.1918
vn 0.9281 -0.2117 0.3063
vn 0.47439 0.53528 0.69888
vn 0.54519 -0.79788 -0.25719
vn 0.44699 0.46169 0.76619
vn 0.1795 0.4248 0.88731
vn -0.45472 0.25441 0.85353
vn 0.20831 0.19981 0.95744
vn -0.50431 -0.0014 0.86352
vn 0.1942 0.31171 0.93012
vn -0.56479 0.1451 0.81238
vn 0.2455 0.2631 0.93301
vn -0.54959 0.0758 0.83199
vn 0.22239 0.0882 0.97096
vn -0.507 -0.0622 0.8597
vn 0.17589 0.12409 0.97656
vn -0.5141 -0.0151 0.8576
vn -0.0197 0.95576 -0.29349
vn 0.0091 0.5187 -0.85491
vn -0.45979 0.57518 -0.67658
vn 0.56519 0.77848 0.27299
vn 0.49749 0.73238 0.46489
vn -0.42801 0.87532 0.225
vn -0.3723 0.92811 -0.0023
vn -0.86288 0.50109 0.066
vn -0.82091 0.3056 0.48241
vn -0.26481 0.94834 -0.17471
vn 0.2441 0.66249 0.70819
vn -0.84811 -0.1679 0.50251
vn -0.85323 -0.1062 0.51062
vn -0.40689 0.59968 0.68908
vn -0.4237 0.7197 0.55
vn 0.5928 0.76321 0.2571
vn 0.65026 0.70206 0.29028
vn 0.5586 0.6263 0.5438
vn 0.28559 0.52739 0.80018
vn -0.036 0.62367 0.78086
vn -0.75033 0.58042 -0.31641
vn -0.0352 0.47629 0.87858
vn -0.75556 0.65367 0.043
vn -0.2181 0.55249 -0.80448
vn -0.64208 0.0718 -0.76327
vn 0.1159 0.57582 0.80932
vn -0.99608 0.0761 0.0452
vn -0.46171 -0.74612 -0.47971
vn 0.35152 -0.54452 -0.76153
vn 0.46819 0.0914 -0.87889
vn 0.68342 0.42771 -0.59161
vn 0.3515 -0.54459 -0.76149
vn 0.89286 -0.40168 -0.20359
vn 0.99689 0.07 -0.0363
vn 0.9465 0.3218 -0.0242
vn -0.75561 0.65361 0.043
vn -0.21819 0.55248 -0.80446
vn -0.54058 -0.59318 -0.59658
vn -0.4176 -0.79499 -0.44
vn -0.881 -0.4691 0.0615
vn -0.3685 0.0926 0.925
vn 0.80973 0.36381 0.46042
vn 0.71581 0.0696 0.69481
vn 0.66729 0.0367 0.74389
vn 0.43488 -0.83477 -0.33769
vn -0.47948 -0.76187 0.43548
vn -0.48278 -0.39148 0.78337
vn 0.56982 -0.43892 0.69473
vn 0.0873 -0.98328 0.1598
vn 0.92508 0.1282 0.35749
vn -0.2237 0.1405 0.96448
vn 0.74758 0.62189 0.23319
vn -0.23239 0.67707 0.69827
vn -0.0916 0.98156 -0.16779
vn -0.62929 0.73459 -0.2537
vn -0.0915 0.98158 -0.1677
vn 0.1413 0.77891 -0.61101
vn -0.84194 0.47052 -0.26411
vn 0.2683 0.53309 -0.80239
vn 0.65261 -0.71541 -0.2496
vn -0.65778 -0.69648 0.28679
vn -0.7887 -0.5624 -0.2483
vn -0.645 0.7144 0.2713
vn -0.6449 0.7145 0.2713
vn 0.66342 0.69623 -0.27411
vn 0.66338 0.69628 -0.27409
vn 0.2475 -0.63911 -0.72821
vn -0.51449 -0.0474 -0.85618
vn -0.51449 -0.0473 -0.85619
vn 0.5139 0.048 0.8565
vn 0.51383 0.0481 0.85654
vn 0.51383 0.048 0.85655
vn -0.7568 0.6526 0.0371
vn -0.2115 0.5546 -0.80479
vn -0.64021 0.0752 -0.76451
vn 0.1163 0.57298 0.81127
vn -0.99625 0.0751 0.043
vn -0.46359 -0.74728 -0.47609
vn 0.3538 -0.5445 -0.76049
vn 0.47041 0.096 -0.87721
vn 0.6837 0.4292 -0.5902
vn 0.89318 -0.40229 -0.20099
vn -0.419 -0.7976 -0.4339
vn -0.88099 -0.46889 0.0632
vn 0.66898 0.0386 0.74228
vn 0.71616 0.0675 0.69466
vn -0.4818 -0.3908 0.78431
vn 0.99686 0.0708 -0.0356
vn 0.94661 0.3214 -0.0251
vn 0.81118 0.36099 0.46009
vn -0.36982 0.0889 0.92484
vn -0.75671 0.65271 0.037
vn 0.75299 -0.2205 -0.61999
vn 0.65229 0.06 0.75559
vn -0.75378 -0.0268 0.65658
vn -0.64792 -0.1738 -0.74162
vn -0.75419 0.655 0.0466
vn -0.2144 0.5545 -0.80409
vn -0.63842 0.0719 -0.76632
vn 0.1092 0.57391 0.81161
vn -0.99597 0.0771 0.0458
vn -0.45651 -0.74531 -0.48591
vn 0.35312 -0.54193 -0.76264
vn 0.47062 0.0899 -0.87774
vn 0.68494 0.42732 -0.59013
vn 0.89291 -0.4005 -0.2057
vn -0.41391 -0.79272 -0.44751
vn -0.88085 -0.46977 0.0585
vn 0.66349 0.0346 0.74739
vn 0.71187 0.0694 0.69887
vn -0.4857 -0.392 0.7813
vn 0.99693 0.0694 -0.0363
vn 0.94636 0.32232 -0.0227
vn 0.80657 0.36489 0.46508
vn -0.37122 0.0924 0.92394
vn 0.89289 -0.4005 -0.2058
vn 0.757 -0.2122 -0.618
vn 0.64638 0.0514 0.76128
vn -0.75932 -0.0343 0.64982
vn -0.64257 -0.16489 -0.74827
vn -0.47211 0.86942 -0.1457
vn -0.75501 0.643 -0.1285
vn -0.0061 0.99529 -0.0968
vn -0.80518 0.58328 0.1071
vn -0.68487 0.64797 0.33329
vn -0.5685 0.63471 0.5234
vn -0.3628 0.5547 0.74879
vn 0.28561 0.52732 0.80023
vn 0.55857 0.62626 0.54387
vn 0.65021 0.70211 0.2903
vn 0.7061 0.6916 0.152
vn 0.69133 0.72103 -0.0467
vn 0.44741 0.88572 -0.1238
vn 0.2338 -0.67601 -0.69881
vn -0.70961 -0.54151 -0.45081
vn -0.1096 -0.99378 0.0196
vn -0.19399 -0.97596 0.0993
vn -0.70958 -0.54148 -0.45089
vn -0.56969 0.67869 0.46349
vn 0.2496 -0.96801 0.0254
vn -0.38611 -0.79123 -0.47422
vn 0.94239 -0.3337 -0.0235
vn -0.58471 -0.79712 -0.1507
vn 0.1259 -0.98891 -0.0788
vn -0.45708 -0.88816 -0.0474
vn 0.2847 -0.88069 -0.3786
vn -0.26421 -0.2243 0.93802
vn 0.67201 0.45611 0.58341
vn 0.0192 0.42289 0.90598
vn 0.94236 -0.33379 -0.0234
vn -0.56972 0.67872 0.46342
vn 0.78838 0.50819 0.34669
vn 0.5928 0.65101 0.4741
vn -0.2112 0.80789 0.55019
vn -0.66613 0.72814 0.16151
vn -0.90349 0.41399 0.111
vn -0.2096 -0.1176 0.97069
vn -0.26411 -0.22431 0.93805
vn -0.0621 0.1313 0.9894
vn -0.7162 -0.6489 0.2569
vn -0.41331 -0.51022 -0.75422
vn -0.1161 -0.91479 -0.38689
vn -0.36311 -0.54082 -0.75873
vn -0.29771 -0.88433 -0.35961
vn -0.47152 -0.49662 -0.72873
vn -0.58259 -0.65729 -0.47809
vn -0.54359 -0.82668 -0.1453
vn 0.4404 -0.89759 0.0194
vn -0.51011 -0.86002 0.0122
vn 0.09 -0.99593 0.0046
vn -0.44729 -0.80599 0.3877
vn -0.20611 -0.80153 0.56132
vn -0.0365 -0.99176 -0.1228
vn 0.0019 -0.92 0.3919
vn -0.31719 -0.94818 -0.0183
vn -0.0496 -0.92961 0.3652
vn -0.0933 -0.97291 0.2115
vn 0.19931 -0.97973 -0.0201
vn 0.047 -0.9057 0.4213
vn 0.0506 -0.99445 -0.0922
vn 0.26039 -0.86596 0.42698
vn 0.36781 -0.89922 0.2369
vn -0.18739 -0.96397 -0.18879
vn 0.3815 -0.91891 0.1003
vn -0.1977 -0.97579 -0.0935
vn 0.37189 -0.92077 -0.1178
vn 0.4099 -0.77481 -0.4813
vn -0.0303 -0.97783 0.20721
vn 0.21361 -0.62502 -0.75082
vn 0.62352 -0.76402 -0.16581
vn 0.3583 -0.5471 -0.7565
vn -0.0468 0.57148 0.81928
vn 0.0958 0.5653 0.8193
vn 0.2115 0.6432 0.7359
vn -0.58772 0.60192 0.54062
vn -0.8621 0.4472 0.2383
vn -0.79929 0.4194 0.4304
vn -0.59418 0.50618 0.62508
vn 0.0334 0.42382 0.90513
vn 0.40199 0.54459 0.73609
vn 0.78009 0.55159 0.2953
vn 0.758 0.464 0.4584
vn 0.56742 0.24691 0.78553
vn 0.74327 0.16399 0.64858
vn 0.0059 0.1009 0.99488
vn 0.74609 -0.0392 0.66469
vn -0.56888 0.25289 0.78257
vn -0.74273 -0.05 0.66772
vn -0.74028 0.166 0.65148
vn -0.1269 -0.8759 0.4655
vn 0.98697 -0.1609 0.0001
vn -0.0759 -0.96629 -0.246
vn -0.116 -0.9148 -0.3869
vn 0.603 -0.2319 0.76329
vn 0.681 -0.1563 0.7154
vn 0.99808 -0.0611 -0.01
vn 0.99977 -0.0148 -0.0152
vn 0.1994 -0.97971 -0.0201
vn -0.0304 -0.97785 0.20711
vn -0.49031 -0.1443 0.85952
vn -0.1977 -0.97578 -0.0936
vn -0.4154 -0.1481 0.8975
vn 0.72402 -0.1126 0.68052
vn -0.98872 -0.0185 0.1486
vn -0.18749 -0.96397 -0.18869
vn -0.86822 -0.043 -0.49431
vn -0.31569 -0.1273 -0.94028
vn 0.5791 -0.1994 -0.7905
vn 0.64987 -0.0683 -0.75697
vn 0.99808 -0.0611 -0.0099
vn 0.6808 0.0902 -0.7269
vn 0.99992 0.0102 -0.0069
vn 0.69571 0.1189 -0.70841
vn -0.83811 -0.0608 -0.54211
vn -0.19329 -0.086 -0.97736
vn -0.80716 0.0505 -0.58817
vn -0.1163 0.1144 -0.9866
vn -0.0884 0.1428 -0.9858
vn -0.33902 -0.14041 0.93024
vn -0.37161 -0.122 0.92034
vn -0.98659 -0.0153 0.1625
vn -0.98847 -0.0296 0.1485
vn -0.98867 -0.0377 0.1453
vn -0.79348 0.1032 -0.59978
vn -0.082 0.1077 -0.9908
vn 0.70172 0.0563 -0.71022
vn 0.74461 -0.101 0.65981
vn 0.7496 -0.0707 0.6581
vn -0.31501 -0.1563 0.93613
vn -0.98127 -0.0425 0.18789
vn -0.8011 0.0694 -0.5945
vn 1 0.0025 0.0006
vn 0.71669 0.0601 -0.69479
vn -0.0813 0.1311 -0.98803
vn -0.81764 0.048 -0.57373
vn -0.97099 -0.0555 0.2326
vn -0.28539 -0.1557 0.94568
vn 0.75657 -0.1059 0.64528
vn 0.99937 -0.0325 0.0145
vn 0.99972 -0.0141 0.0188
vn 0.77574 -0.10811 0.62173
vn 0.79712 0.0195 0.60351
vn 0.99734 -0.018 -0.0707
vn 0.99987 0.0154 -0.0056
vn 0.78331 0.0055 0.62161
vn -0.2206 -0.1567 0.96269
vn -0.95057 -0.0692 0.30269
vn -0.86088 -0.0056 -0.50879
vn -0.13151 0.054 -0.98984
vn 0.73089 0.0549 -0.68029
vn -0.1677 0.0331 0.98528
vn -0.1775 -0.0422 0.98322
vn -0.92941 -0.0638 0.3635
vn -0.89141 -0.0709 -0.44761
vn 0.8157 -0.018 0.5782
vn 0.99192 -0.0516 -0.1159
vn -0.16089 0.0203 0.98676
vn -0.92709 -0.0444 0.3722
vn -0.89871 -0.0895 -0.42931
vn -0.231 -0.0449 -0.97192
vn 0.6879 -0.0003 -0.7258
vn -0.33841 -0.0653 -0.93873
vn -0.43999 -0.45909 -0.77178
vn -0.93002 -0.0709 0.36061
vn -0.83772 -0.2353 -0.49281
vn -0.37982 -0.82293 -0.42252
vn 0.3978 -0.4777 -0.7833
vn 0.57371 -0.02 -0.81881
vn 0.99987 0.0154 -0.0055
vn 0.66119 -0.0464 -0.74879
vn 0.65028 -0.0308 -0.75907
vn -0.19219 -0.054 -0.97987
vn -0.1786 0.0343 -0.98332
vn -0.87107 0.0166 -0.49088
vn -0.1523 0.2295 -0.96132
vn -0.84648 0.126 -0.51729
vn -0.149 0.20371 -0.96763
vn -0.8357 0.1386 -0.5314
vn -0.83595 0.13759 -0.53127
vn -0.0746 0.1306 -0.98862
vn 0.66813 0.13481 -0.73173
vn 0.65507 0.18819 -0.73176
vn 0.66063 0.0164 -0.75053
vn 0.9969 -0.0744 -0.0257
vn 0.99997 0.0063 -0.0051
vn 0.5169 -0.0673 0.8534
vn -0.8457 -0.1725 -0.505
vn -0.31728 -0.94815 -0.0183
vn -0.0366 -0.99176 -0.12279
vn -0.0825 -0.1648 -0.98287
vn -0.86417 -0.075 -0.49758
vn 0.09 -0.99593 0.0045
vn 0.4404 -0.8976 0.0193
vn -0.71627 -0.64878 0.25699
vn 0.255 0.9474 -0.1934
vn -0.313 0.68411 0.65881
vn 0.419 0.90729 0.0355
vn -0.48461 0.73471 0.47471
vn -0.56917 0.74786 0.34168
vn 0.46248 0.84826 0.25799
vn 0.44041 0.72712 0.52662
vn -0.6239 0.7739 0.1088
vn -0.66429 0.70789 0.24
vn -0.25819 0.95536 0.14359
vn -0.39179 0.91737 0.0703
vn 0.43901 0.60052 0.66832
vn -0.56847 0.63476 0.52337
vn 0.50058 0.53208 -0.68287
vn 0.80738 0.51249 -0.29239
vn 0.39259 0.91579 0.0849
vn 0.69138 0.72098 -0.0467
vn 0.57949 0.79928 0.1592
vn 0.8879 0.4557 0.063
vn 0.84868 0.31279 0.42649
vn 0.87281 -0.1492 0.4647
vn 0.3882 0.50789 0.76899
vn -0.20369 0.74228 0.63838
vn 0.0039 0.98831 0.1524
vn 0.26979 0.95338 0.1352
vn -0.34638 0.53127 0.77316
vn 0.69097 -0.64587 -0.32468
vn 0.73402 -0.66422 -0.1415
vn 0.73403 -0.66423 -0.14141
vn 0.8523 -0.008 0.523
vn 0.72437 -0.68937 0.0077
vn 0.7316 -0.4278 0.5308
vn -0.62551 -0.77161 0.1156
vn 0.6764 0.182 0.7137
vn 0.55918 0.44139 0.70178
vn -0.0153 0.61672 0.78703
vn 0.0338 0.75419 0.65579
vn 0.0186 0.80202 0.59701
vn 0.0741 0.62239 0.77919
vn 0.2298 0.74309 0.62849
vn -0.0521 0.549 0.8342
vn -0.89642 -0.44321 0.0025
vn 0.0187 0.1075 0.99403
vn -0.062 0.1312 0.98941
vn -0.26411 -0.22441 0.93802
vn -0.562 0.5198 0.6434
vn -0.49719 0.44359 0.74568
vn -0.011 0.5037 0.86381
vn -0.64398 0.1648 0.74708
vn -0.58801 -0.73762 -0.33191
vn -0.65382 -0.73733 -0.16991
vn -0.62278 -0.77988 -0.0627
vn -0.6993 -0.4979 0.5129
vn 0.0857 -0.0698 0.99387
vn 0.34328 -0.92566 0.15909
vn 0.85877 -0.49978 -0.1128
vn 0.0802 0.64026 0.76396
vn -0.87209 0.2642 0.4119
vn -0.0204 0.86204 0.50643
vn -0.73889 0.61829 0.26789
vn 0.3076 0.66841 0.67721
vn 0.51259 0.40709 0.75599
vn 0.38969 0.58219 0.71358
vn 0.24821 0.72953 0.63732
vn 0.67207 0.45608 0.58337
vn -0.46889 0.42629 0.77358
vn -0.36061 0.59022 0.72222
vn -0.28089 0.67658 0.68068
vn -0.59491 0.57091 0.56581
vn 0.0255 0.86742 0.49691
vn 0.16239 0.89656 0.41208
vn -0.2375 0.72979 0.64109
vn -0.16741 0.48022 0.86103
vn -0.59499 0.2941 0.74799
vn 0.3903 0.2556 0.8845
vn -0.49391 0.68261 0.53861
vn 0.3901 0.685 0.6153
vn 0.92124 -0.0411 0.38682
vn -0.90702 0.1131 0.40561
vn 0.0802 0.64031 0.76392
vn 0.694 -0.7053 0.1446
vn 0.59969 -0.79939 0.0366
vn 0.51 -0.85949 0.0343
vn 0.26718 -0.94864 -0.16939
vn 0.85981 -0.499 0.1083
vn 0.9061 -0.4128 -0.0926
vn 0.2467 -0.96561 0.0821
vn 0.75504 -0.33552 -0.56333
vn 0.54518 -0.79786 -0.25729
vn 0.4452 -0.56559 -0.69419
vn 0.1844 -0.84278 -0.50569
vn 0.92808 -0.21179 0.30629
vn 0.93917 -0.33789 -0.0616
vn 0.1481 -0.97691 -0.154
vn 0.99975 -0.0004 -0.0223
vn 0.32101 -0.94683 0.0215
vn 0.6623 -0.2083 -0.7197
vn 0.2617 -0.7119 -0.6517
vn 0.26721 -0.94863 -0.16941
vn 0.0019 -0.99999 -0.003
vn 0.0018 -0.99999 -0.003
vn 0.0031 -0.99999 0.0033
vn 0.0032 -0.99999 0.0032
vn -0.99019 -0.0113 0.1393
vn -0.82426 0.12659 -0.55187
vn -0.85069 -0.0477 -0.5235
vn -0.98001 -0.0306 0.1966
vn -0.88104 -0.16611 -0.44292
vn -0.98394 -0.0416 0.17361
vn -0.88969 -0.1857 -0.4171
vn -0.98832 -0.0375 0.1477
vn -0.6686 0.0636 0.7409
vn -0.62841 0.0594 0.77561
vn 0.40552 0.0394 0.91324
vn 0.98826 -0.14969 0.0306
vn 0.99532 -0.0797 0.0546
vn 0.40059 0.054 0.91467
vn -0.59319 -0.0435 0.80389
vn -0.63311 -0.125 0.76391
vn -0.99809 -0.0237 0.057
vn -0.83592 0.1376 -0.53132
vn 0.78106 -0.13999 -0.60857
vn 0.99897 -0.0091 0.0444
vn 0.41579 -0.0376 0.90868
vn 0.42722 -0.12151 0.89595
vn -0.68019 -0.0999 0.72619
vn -0.99797 -0.0439 0.0461
vn -0.99606 -0.0472 0.0751
vn -0.87104 0.0166 -0.49092
vn -0.99523 -0.067 0.0709
vn -0.99619 -0.0746 0.0451
vn -0.59462 -0.23651 0.76843
vn -0.66908 -0.1431 0.72928
vn -0.62469 -0.2122 0.75149
vn 0.40612 -0.057 0.91204
vn 0.39181 -0.078 0.91673
vn 0.41971 -0.18151 0.88932
vn 0.47 -0.2446 0.8481
vn -0.6147 -0.1627 0.7718
vn -0.993 -0.1079 0.048
vn -0.0758 -0.9663 -0.246
vn -0.63381 -0.2177 0.74222
vn 0.51581 -0.1652 0.84062
vn 0.99703 -0.074 -0.0213
vn 0.99946 0.0307 0.0115
vn -0.82423 0.1266 -0.55192
vn 0.0621 0.1323 -0.98926
vn 0.69321 0.0138 -0.72061
vn 0.99987 -0.0032 0.0159
vn 0.99897 -0.0435 -0.0129
vn 0.73109 0.0201 -0.68199
vn -0.88102 -0.1662 -0.44291
vn 0.0266 -0.3714 -0.92809
vn 0.9997 -0.0227 -0.0089
vn 0.771 -0.0058 -0.6368
vn 0.0852 -0.0252 -0.99604
vn 0.0332 -0.251 -0.96742
vn 0.76752 -0.23621 -0.59592
vn 0.67482 -0.63322 -0.37901
vn 0.1057 -0.53208 -0.84007
vn 0.0788 -0.96341 0.2562
vn -0.50219 -0.78658 -0.35929
vn 0.0934 -0.98461 0.1477
vn -0.57192 -0.81873 -0.0509
vn -0.2321 -0.96061 0.1528
vn -0.75579 -0.49799 0.42519
vn -0.0481 -0.99778 -0.0461
vn 0.55158 -0.41619 0.72287
vn 0.0156 -0.89971 -0.43621
vn 0.31521 -0.91542 0.25031
vn 0.98901 0.1468 -0.0173
vn 0.6748 -0.6332 -0.3791
vn -0.6165 -0.7226 0.3127
vn -0.5059 -0.84961 0.1491
vn -0.59362 -0.80363 -0.0424
vn -0.5813 -0.8136 -0.0117
vn -0.67374 -0.69284 -0.25701
vn -0.71262 -0.69442 -0.0998
vn -0.56161 -0.48241 -0.67221
vn -0.69868 -0.55789 -0.44789
vn -0.52751 -0.28861 -0.79902
vn -0.52499 -0.20889 -0.82508
vn -0.7588 -0.4586 -0.4625
vn -0.66138 -0.66728 -0.34249
vn -0.43939 -0.86828 -0.23029
vn 0.66236 -0.20829 -0.71965
vn -0.0512 0.1379 -0.98912
vn 0.26179 -0.71188 -0.65168
vn -0.0659 0.1224 -0.99029
vn -0.79132 -0.52902 -0.30651
vn -0.69814 -0.67854 -0.22841
vn -0.16319 -0.98525 0.0514
vn -0.2574 -0.51391 0.81832
vn 0.1621 -0.68971 0.70571
vn -0.49679 -0.52179 -0.69349
vn 0.24611 -0.45002 -0.85844
vn 0.0056 -0.83389 -0.5519
vn 0.96726 -0.19619 -0.16099
vn 0.53608 -0.0409 -0.84317
vn 0.96691 0.1083 -0.231
vn 0.54983 -0.08 -0.83144
vn 0.96384 0.15931 -0.21361
vn 0.9993 -0.0241 -0.0285
vn 0.60236 -0.42037 -0.67856
vn 0.7398 -0.1482 0.6563
vn 0.38478 -0.92245 0.032
vn -0.4932 -0.86621 -0.0802
vn -0.94629 -0.313 0.081
vn -0.8889 -0.4568 0.0344
vn -0.89526 0.20709 0.39448
vn -0.77922 -0.1019 0.61841
vn -0.1872 -0.5409 -0.81999
vn -0.34311 -0.85404 -0.39102
vn -0.84131 -0.54051 0.0072
vn -0.80708 -0.55938 -0.18899
vn -0.79054 -0.41482 -0.45052
vn -0.75033 -0.33411 -0.57042
vn -0.67302 -0.34881 -0.65221
vn -0.0869 -0.23269 -0.96866
vn -0.1191 -0.26221 -0.95763
vn -0.91553 -0.39741 0.0622
vn -0.95637 -0.24679 0.15639
vn -0.96303 -0.1749 0.20491
vn -0.95752 -0.1466 0.24831
vn -0.89508 -0.28469 0.34319
vn -0.90004 -0.17551 0.39892
vn -0.38668 -0.37538 0.84236
vn -0.49231 -0.85592 0.1582
vn 0.2357 -0.4044 0.88369
vn 0.1932 -0.95862 0.2091
vn 0.73508 -0.67768 0.0201
vn 0.71878 -0.24219 0.65168
vn -0.62817 -0.0137 0.77796
vn -0.63948 0.0694 0.76567
vn -0.93762 0.0066 0.34761
vn -0.93415 0.075 0.34892
vn -0.87335 0.31798 0.36898
vn -0.98391 0.1173 0.1348
vn -0.97847 -0.0518 0.19979
vn -0.83789 0.42019 0.3484
vn -0.9946 -0.0533 -0.0891
vn -0.87382 -0.0739 -0.48061
vn -0.26239 -0.1192 -0.95757
vn -0.9832 -0.0675 -0.1696
vn -0.59273 0.65113 0.47402
vn -0.6201 0.3182 0.7171
vn -0.9914 0.0268 0.1281
vn -0.1787 -0.066 -0.98169
vn 0.5861 -0.0573 -0.80821
vn 0.89051 -0.1138 -0.4405
vn 0.98902 0.1468 -0.0172
vn 0.95231 0.3051 -0.0039
vn 0.84179 0.53789 -0.0454
vn 0.66188 0.72738 0.18119
vn 0.83368 0.39959 0.38119
vn -0.96139 0.0147 -0.2748
vn -0.26089 0 -0.96537
vn 0.73843 -0.0011 -0.67433
vn 0.7689 -0.0144 -0.6392
vn 0.80671 -0.2214 -0.54791
vn 0.92398 -0.1757 -0.33969
vn 0.94927 -0.0914 -0.30089
vn 0.99606 0.0421 -0.078
vn 0.88171 0.1156 0.45741
vn 0.21151 0.80772 0.55032
vn 0.95203 -0.0018 -0.30601
vn 0.19931 -0.0143 0.97983
vn -0.63942 0.0693 0.76573
vn 0.068 0.28579 0.95588
vn -0.59269 0.65119 0.47399
vn 0.88031 -0.0138 0.4742
vn 0.99648 -0.0076 -0.0835
vn -0.0513 0.1379 -0.98912
vn 0.5014 0.4838 -0.71731
vn 0.6624 -0.2083 -0.7196
vn -0.0171 0.0877 -0.996
vn 0.51171 0.48581 -0.70862
vn 0.77489 0.61429 -0.149
vn 0.6933 0.2132 -0.6884
vn 0.82173 -0.0887 -0.56292
vn 0.2379 -0.0652 -0.9691
vn 0.42151 -0.1132 -0.89973
vn 0.50592 -0.23721 -0.82933
vn -0.1778 -0.0896 -0.97998
vn -0.3465 -0.1594 -0.92441
vn -0.2985 -0.2033 -0.9325
vn -0.0456 -0.0187 -0.99878
vn 0.6323 0.5087 -0.5843
vn 0.75697 0.62337 -0.19599
vn 0.9392 -0.3378 -0.0616
vn -0.1943 -0.0322 -0.98041
vn 0.39609 -0.36609 -0.84208
vn 0.38941 -0.56821 -0.72491
vn -0.31091 0.0517 -0.94903
vn 0.38858 -0.25729 -0.88476
vn -0.21831 0.0083 -0.97584
vn 0.48362 -0.26361 -0.83464
vn 0.90769 -0.2802 -0.3124
vn 0.93839 -0.3168 -0.1381
vn 0.93736 0.22209 -0.26839
vn 0.80222 0.56991 -0.1779
vn 0.75179 0.64779 0.1232
vn -0.0579 -0.2099 0.97601
vn -0.5623 -0.5284 0.6361
vn 0.2885 -0.94439 0.1578
vn -0.37538 -0.92646 0.0276
vn -0.1136 -0.79452 -0.59652
vn -0.89764 -0.41402 -0.15111
vn 0.0439 -0.96883 -0.24381
vn 0.3049 -0.3779 0.8742
vn 0.76858 -0.1787 0.61429
vn 0.1229 -0.0167 0.99228
vn 0.75971 -0.2233 0.61071
vn 0.1369 0.0126 0.9905
vn 0.73533 -0.29171 0.61172
vn 0.13699 0.035 0.98995
vn 0.7451 -0.3585 0.5624
vn 0.24139 -0.0383 0.96967
vn 0.61001 -0.62931 0.48151
vn 0.67162 -0.71753 -0.18461
vn -0.3322 -0.1741 -0.927
vn 0.88937 -0.37689 -0.25879
vn 0.8892 -0.406 -0.2109
vn 0.81528 -0.54409 -0.1982
vn 0.0104 -0.99876 0.0486
vn 0.1121 0.93214 0.34431
vn -0.75582 -0.49801 0.42511
vn 0.84179 0.5379 -0.0453
vn 0.989 0.1469 -0.0174
vn 0.69092 -0.63072 -0.35331
vn 0.0982 -0.89287 -0.43948
vn 0.0981 -0.89288 -0.43949
vn 0.94757 -0.23909 -0.21199
vn 0.98307 -0.1288 -0.1303
vn 0.24329 -0.75865 -0.60436
vn 0.0996 -0.7457 -0.6588
vn 0.3021 -0.66809 -0.67999
vn 0.21949 -0.56498 -0.79537
vn 0.5385 -0.5668 -0.6235
vn 0.3274 -0.46669 -0.82159
vn 0.0178 -0.71009 -0.70389
vn -0.6014 -0.0598 -0.7967
vn 0.32481 0.0398 -0.94494
vn 0.2848 -0.88061 -0.3787
vn 0.87328 0.036 -0.48589
vn 0.98114 0.16431 -0.1018
vn 0.97108 -0.0087 -0.2386
vn 0.43338 -0.15279 -0.88816
vn 0.99126 0.1121 0.0696
vn 0.98633 0.0199 0.1636
vn 0.87343 0.31761 0.36911
vn 0.62004 0.31822 0.71714
vn 0.63948 0.0694 0.76567
vn 0.93417 0.0748 0.34889
vn 0.62811 -0.0137 0.77801
vn 0.93762 0.0066 0.34761
vn 0.9914 0.0268 0.1281
vn 0.96139 0.0147 -0.2748
vn 0.26089 0 -0.96537
vn -0.95203 -0.0017 -0.30601
vn -0.99649 -0.0076 -0.0834
vn -0.97246 -0.1161 -0.20209
vn -0.73843 -0.0011 -0.67433
vn -0.73442 -0.1853 -0.65291
vn -0.92259 -0.0741 -0.3786
vn -0.9971 0.0756 0.0089
vn 0.6201 0.3182 0.7171
vn -0.068 0.28579 0.95588
vn 0.63942 0.0694 0.76572
vn 0.62817 -0.0137 0.77796
vn -0.19931 -0.0143 0.97983
vn -0.88172 0.1155 0.45741
vn -0.88031 -0.0138 0.4742
vn -0.99584 0.0467 -0.0783
vn -0.83368 0.39959 0.38119
vn -0.9476 0.3192 -0.013
vn -0.32812 -0.94214 0.0686
vn -0.0527 -0.99603 0.0717
vn -0.27379 -0.68268 -0.67748
vn -0.0981 -0.74369 -0.66129
vn 0.5195 -0.5186 -0.6791
vn 0.64992 -0.75992 -0.0112
vn 0.78467 -0.34909 0.51228
vn 0.1655 -0.66441 0.72881
vn -0.0463 -0.6605 0.7494
vn 0.93122 -0.1655 0.32471
vn 0.829 -0.5209 -0.2035
vn 0.85734 -0.51452 -0.0153
vn 0.93492 0.1626 0.31541
vn 0.95289 -0.2966 0.0635
vn 0.72041 -0.65991 -0.2134
vn 0.8904 -0.455 -0.0124
vn 0.82519 -0.0839 0.55859
vn 0.4778 0.5485 0.68619
vn 0.2236 0.42341 0.87791
vn -0.4136 -0.9096 -0.0395
vn 0.52189 -0.84538 -0.1139
vn 0.40092 -0.82053 -0.40742
vn -0.53922 -0.78022 -0.31701
vn 0.0358 -0.90221 -0.42981
vn 0.55702 -0.27451 -0.78382
vn 0.73279 -0.5215 -0.4371
vn 0.7571 -0.5793 -0.302
vn 0.73089 -0.56979 -0.37569
vn 0.72079 -0.63739 -0.2724
vn 0.0176 -0.60938 -0.79268
vn -0.19299 -0.97986 -0.0513
vn -0.24119 -0.95645 0.16439
vn -0.57787 -0.60707 -0.54547
vn -0.1681 -0.1672 -0.97149
vn -0.61422 -0.54592 -0.56982
vn -0.60143 -0.64603 -0.47002
vn -0.16069 -0.10639 -0.98125
vn -0.49479 -0.58689 -0.64089
vn -0.0965 -0.0862 -0.99159
vn -0.017 -0.1261 -0.99187
vn -0.011 -0.16131 -0.98684
vn 0.22581 -0.14151 -0.96384
vn 0.2601 0.2288 -0.93808
vn 0.38938 0.32968 -0.86005
vn 0.30429 0.29029 -0.90727
vn 0.25289 0.34378 -0.90436
vn 0.2607 0.3632 -0.8945
vn -0.7515 0.3803 -0.5391
vn -0.7881 0.6153 -0.0172
vn -0.59008 0.79778 0.1239
vn -0.68831 -0.4004 -0.60491
vn -0.40341 -0.0886 -0.91072
vn -0.33959 -0.42479 -0.83918
vn 0.013 -0.107 -0.99417
vn 0.0244 0.0007 -0.9997
vn 0.39782 0.0576 -0.91565
vn 0.2396 0.8365 -0.4928
vn 0.0017 0.74238 -0.66998
vn -0.2508 0.8115 0.5278
vn -0.0091 0.87569 0.48279
vn 0.23739 0.85158 0.46739
vn -0.3111 0.7846 -0.5363
vn 0.40938 0.90837 -0.0853
vn -0.47532 0.76153 0.44062
vn -0.87211 0.2641 0.41191
vn -0.4597 0.2631 0.8482
vn -0.0142 0.37521 0.92683
vn 0.487 0.3898 0.7816
vn 0.52298 0.73827 0.42598
vn -0.45389 0.87768 -0.1538
vn -0.3536 0.90529 0.2354
vn -0.4414 0.6902 0.5734
vn -0.7574 0.4385 0.4838
vn 0.0339 0.49699 0.86709
vn -0.0401 0.44201 0.89611
vn -0.2537 0.6069 0.7532
vn -0.2139 0.6559 0.7239
vn -0.32001 0.75342 0.57442
vn -0.75953 0.47722 0.44202
vn -0.636 0.3235 0.7006
vn -0.50411 0.162 0.84831
vn -0.0057 0.29811 0.95452
vn 0.6088 0.4846 0.6281
vn 0.54978 0.66937 0.49968
vn 0.67517 0.65397 0.34128
vn 0.72821 0.5979 0.335
vn 0.94208 0.06 0.32999
vn 0.99097 0.0519 -0.1236
vn 0.96108 0.23889 -0.1388
vn 0.96272 0.26171 -0.0684
vn 0.95372 0.26191 -0.1477
vn 0.5435 0.0859 0.835
vn 0.65349 0.61769 0.4375
vn 0.12731 0.70604 0.69664
vn -0.0629 0.49252 0.86803
vn -0.0382 0.46309 0.88549
vn -0.6509 0.477 0.5906
vn -0.95447 0.26079 -0.1448
vn -0.96616 0.24609 -0.0773
vn -0.54471 0.65801 0.51991
vn -0.96697 0.19939 -0.15879
vn -0.55308 0.71958 0.41989
vn -0.73887 0.61827 0.26799
vn -0.62789 0.69139 0.3574
vn 0.48699 0.83518 0.25559
vn 0.51497 0.81696 0.25959
vn 0.74113 0.51422 -0.43162
vn 0.25151 0.61792 0.74493
vn 0.36271 0.76203 0.53642
vn 0.4754 0.70379 0.5279
vn 0.67791 0.58561 0.44441
vn 0.64109 0.66169 0.3888
vn 0.36919 0.1009 -0.92386
vn 0.77561 0.0037 -0.63121
vn 0.95318 0.1841 -0.2399
vn 0.0798 0.0019 0.99681
vn 0.76919 -0.2528 0.58689
vn 0.33619 -0.0703 0.93917
vn 0.82967 -0.33669 0.44529
vn 0.80412 0.59441 -0.0082
vn 0.98923 -0.0373 0.1415
vn 0.97143 0.19921 -0.129
vn 0.97855 0.13569 -0.15499
vn -0.25741 -0.0475 0.96513
vn -0.38919 -0.0181 0.92098
vn -0.68872 -0.21851 0.69132
vn -0.80981 -0.2236 0.54241
vn -0.99967 -0.0075 -0.0245
vn -0.89559 0.3316 0.2966
vn -0.99785 0.0525 -0.0392
vn -0.88522 -0.1882 0.42541
vn -0.96803 0.0453 0.24671
vn -0.7784 -0.4507 -0.437
vn -0.1305 -0.84901 -0.51201
vn 0.0186 -0.81503 -0.57912
vn -0.10831 -0.74954 -0.65304
vn -0.1111 -0.74951 -0.65261
vn -0.40861 -0.65972 -0.63072
vn -0.31309 -0.69739 -0.64469
vn -0.59097 -0.59367 -0.54617
vn -0.1165 -0.74939 -0.65179
vn -0.9283 -0.3573 -0.1029
vn -0.7893 -0.3446 -0.5082
vn -0.37551 -0.55612 -0.74143
vn -0.45299 -0.82998 0.32549
vn 0.0162 -0.89951 -0.4366
vn -0.71318 -0.62409 0.31919
vn 0.11901 -0.98454 -0.12851
vn -0.99095 -0.12951 0.0354
vn -0.73578 -0.61138 0.29129
vn -0.89289 -0.427 0.1429
vn 0.169 -0.73739 -0.65399
vn -0.0858 -0.30999 0.94686
vn -0.63857 -0.62977 0.44228
vn -0.1318 -0.9005 0.4144
vn -0.6586 -0.7145 -0.2361
vn -0.008 -0.8382 -0.5453
vn -0.4146 -0.59039 -0.69249
vn 0.3172 -0.1626 -0.93431
vn 0.31279 0.0722 -0.94707
vn -0.37629 -0.36169 -0.85298
vn 0.27819 0.0324 -0.95998
vn -0.45168 -0.27739 -0.84796
vn 0.2749 0.0191 -0.96128
vn -0.45939 -0.2585 -0.84979
vn 0.1467 -0.1078 -0.98329
vn -0.49811 -0.2261 -0.83712
vn 0.33869 -0.1124 -0.93416
vn -0.41399 -0.1053 -0.90417
vn 0.32521 -0.1552 -0.93282
vn -0.2302 -0.0618 -0.97118
vn -0.81793 -0.0757 -0.57032
vn -0.8942 -0.3891 -0.2214
vn -0.89373 -0.35901 -0.26901
vn -0.90983 -0.26201 -0.32181
vn -0.77402 -0.1615 0.61222
vn -0.15019 0.0026 0.98865
vn -0.76579 -0.2066 0.609
vn -0.1872 0.0006 0.98232
vn -0.74092 -0.27501 0.61271
vn -0.1827 0.019 0.98299
vn -0.74831 -0.3461 0.56591
vn -0.27891 -0.0515 0.95894
vn -0.81958 -0.53399 -0.2077
vn -0.43479 -0.44289 0.78409
vn -0.47101 -0.47921 0.74061
vn -0.71123 -0.67893 0.18221
vn -0.70162 -0.68532 0.19511
vn -0.4065 -0.4114 0.81579
vn -0.3839 -0.4297 0.8173
vn 0.0779 0.0804 0.99371
vn -0.40199 -0.42529 0.81088
vn 0.0947 0.0481 0.99434
vn 0.0876 0.0582 0.99445
vn 0.43339 0.38319 0.81568
vn 0.45599 0.34409 0.82078
vn 0.6534 0.5772 0.4898
vn 0.70799 0.57539 0.40949
vn 0.76572 0.63152 -0.1219
vn 0.76154 0.64573 -0.0556
vn 0.64488 0.52568 0.55478
vn 0.77992 0.62502 0.0329
vn 0.62401 0.49441 0.60511
vn 0.76786 0.63537 0.0818
vn 0.40099 0.34759 0.84758
vn 0.36068 0.34468 0.86666
vn 0.0771 0.0684 0.99467
vn 0.43728 0.36959 0.81987
vn 0.0904 0.0198 0.99571
vn 0.38089 0.33529 0.86168
vn 0.57548 0.52758 0.62488
vn 0.57039 0.51869 0.63688
vn 0.728 0.6803 0.0849
vn 0.73003 0.67863 0.0807
vn 0.63169 0.61259 -0.47509
vn 0.66502 0.60012 -0.44452
vn 0.41089 0.3049 -0.85919
vn 0.3256 0.3181 -0.89039
vn -0.18009 -0.24809 -0.95185
vn -0.2477 -0.1548 -0.95639
vn -0.56582 -0.46172 -0.68313
vn -0.33999 -0.1236 -0.93227
vn 0.30421 0.33211 -0.89284
vn 0.60169 0.62599 -0.49609
vn 0.57912 0.62612 -0.52211
vn 0.58862 0.62642 -0.51101
vn 0.39358 0.31688 0.86295
vn 0.0512 0.0068 0.99867
vn -0.44921 -0.54021 0.71161
vn 0.038 -0.024 0.99899
vn 0.1158 -0.0619 0.99134
vn 0.37171 0.32281 0.87042
vn 0.57929 0.48329 0.65639
vn 0.74839 0.65739 0.088
vn 0.63671 0.64301 -0.42561
vn 0.31889 0.44209 -0.83837
vn 0.64373 0.60973 -0.46242
vn 0.39011 0.31001 0.86701
vn 0.5494 0.5067 0.6644
vn 0.54572 0.52662 0.65182
vn 0.57362 0.53332 0.62172
vn 0.43001 0.28331 0.85722
vn 0.72169 0.68359 0.1089
vn 0.69639 0.70489 0.1348
vn 0.68689 0.71489 0.1308
vn 0.60972 0.51311 0.60412
vn 0.48001 0.20891 0.85202
vn 0.25969 -0.0765 0.96266
vn -0.32839 -0.59648 0.73237
vn -0.64801 -0.74201 0.1718
vn -0.6927 -0.6971 0.185
vn 0.56369 0.63009 -0.53409
vn 0.69579 0.71219 0.0931
vn 0.7418 0.6675 0.0647
vn 0.62909 0.5946 -0.5007
vn 0.5322 0.399 0.7467
vn 0.64658 0.55089 0.52769
vn 0.57288 0.61707 0.53948
vn 0.5831 0.6209 -0.5239
vn 0.6532 0.7552 0.0549
vn 0.57391 0.0543 0.81712
vn 0.35868 -0.0612 0.93145
vn -0.60617 -0.79346 0.0546
vn -0.32808 -0.94215 0.0686
vn -0.34819 -0.46968 0.81127
vn 0.22 0.059 0.97371
vn -0.3691 -0.4335 0.8221
vn -0.69389 -0.70419 0.1504
vn -0.68267 -0.70097 0.20639
vn -0.5992 -0.6674 -0.4422
vn -0.55459 -0.58539 -0.59139
vn -0.7163 -0.6589 0.2297
vn -0.5909 -0.5404 -0.599
vn -0.71511 -0.65981 0.2308
vn -0.6233 -0.5224 -0.5819
vn -0.67899 -0.70119 0.2175
vn -0.59953 -0.54842 -0.58292
vn -0.5658 -0.4618 -0.6831
vn -0.41218 -0.39158 0.82266
vn -0.5779 -0.6071 -0.5454
vn 0.1092 0.0154 0.9939
vn 0.54481 0.3626 0.75611
vn 0.74852 0.55642 0.36071
vn 0.78361 0.60501 -0.1411
vn 0.59402 0.48432 -0.64232
vn 0.59491 0.5113 -0.62021
vn 0.1943 0.1518 -0.96912
vn 0.2249 0.2001 -0.95361
vn -0.1437 -0.2258 -0.96352
vn -0.1407 -0.16661 -0.97593
vn -0.59923 -0.66743 -0.44212
vn -0.12899 -0.15179 -0.97996
vn -0.59084 -0.54043 -0.59904
vn -0.1674 -0.1707 -0.971
vn 0.3228 0.2129 -0.92221
vn 0.30709 0.19659 -0.93116
vn 0.64542 0.51122 -0.56752
vn 0.68162 0.53811 -0.49581
vn 0.85649 -0.47929 -0.1916
vn 0.71076 -0.32148 0.62567
vn 0.74431 -0.64641 -0.1678
vn 0.66003 -0.55333 0.50812
vn 0.36511 -0.88842 0.27821
vn 0.026 -0.78937 -0.61337
vn -0.2686 -0.96309 -0.0179
vn -0.808 -0.5439 -0.2265
vn -0.59588 -0.57358 0.56208
vn -0.0718 -0.3149 0.9464
vn 0.13041 -0.0249 0.99115
vn 0.0765 -0.0017 0.99707
vn 0.71112 -0.206 0.67222
vn 0.069 -0.0114 0.99755
vn 0.72223 -0.16321 0.67213
vn 0.0824 -0.001 0.9966
vn 0.74531 -0.0998 0.65921
vn -0.13359 0.0187 -0.99086
vn 0.44409 -0.29079 -0.84748
vn 0.47408 -0.47948 -0.73847
vn -0.2229 0.0105 -0.97479
vn -0.13459 -0.0259 -0.99056
vn 0.44431 -0.18611 -0.87633
vn 0.93753 -0.28731 -0.19621
vn -0.24999 -0.18209 -0.95097
vn -0.0682 -0.1114 -0.99143
vn 0.54089 -0.19289 -0.81868
vn 0.93833 -0.26191 -0.22571
vn 0.94172 -0.19 -0.27761
vn 0.66422 -0.168 -0.72842
vn 0.66663 -0.16751 -0.72633
vn -0.12241 -0.43932 -0.88995
vn 0.70951 -0.2811 -0.64621
vn 0.95053 0.0027 -0.31061
vn 0.93498 0.31439 -0.1642
vn 0.81177 0.58308 0.0323
vn 0.65009 0.55389 0.52019
vn 0.97477 -0.1099 0.19429
vn 0.30189 -0.34769 0.88768
vn 0.65202 -0.1408 -0.74502
vn 0.46921 0.27641 0.83872
vn 0.45469 0.0474 0.88939
vn 0.60369 0.3976 0.69099
vn 0.91612 0.40081 0.0086
vn 0.93216 0.36198 0.0072
vn 0.92667 0.0968 -0.36319
vn 0.7405 0.5818 0.3364
vn 0.49631 0.43461 0.75152
vn 0.71619 0.31119 0.62469
vn 0.74956 0.26109 0.60827
vn 0.82139 0.29969 0.48529
vn 0.96692 0.1082 -0.231
vn 0.82948 0.18249 0.52789
vn 0.96724 -0.19621 -0.16111
vn 0.79071 0.0764 0.60741
vn 0.71873 -0.24221 0.65173
vn -0.25001 -0.18221 -0.95094
vn 0.026 -0.78933 -0.61342
vn -0.93454 0.19691 -0.29641
vn -0.62174 -0.72874 -0.28702
vn -0.44361 -0.88211 0.1584
vn -0.64241 -0.62871 0.43821
vn -0.79542 0.0874 0.59972
vn -0.8096 0.1664 0.5629
vn -0.79729 0.2554 0.5469
vn -0.73972 0.44641 0.50351
vn -0.0717 -0.31499 0.94638
vn -0.81467 0.22239 0.53558
vn -0.8367 0.4627 -0.293
vn -0.7426 -0.5605 -0.3666
vn 0.0439 -0.96881 -0.2439
vn -0.1224 -0.43941 -0.88991
vn -0.93737 0.0678 -0.34169
vn -0.93048 0.1817 -0.31809
vn -0.91075 0.26691 -0.31512
vn -0.57047 -0.81846 0.0684
vn -0.56358 -0.44528 0.69577
vn 0.30489 -0.37799 0.87417
vn 0.1228 -0.0167 0.99229
vn -0.76758 0.1181 0.62998
vn -0.75903 0.30811 0.57353
vn -0.71096 0.43318 0.55397
vn 0.24149 -0.0382 0.96965
vn -0.64959 0.5192 0.5554
vn -0.52758 -0.84107 0.1194
vn -0.72781 0.302 0.61571
vn -0.8146 0.5213 -0.2543
vn -0.8681 0.4389 -0.2319
vn -0.92099 0.3229 -0.218
vn -0.96288 0.1426 -0.22919
vn -0.9142 -0.3395 -0.2213
vn -0.9249 0.2999 -0.2337
vn -0.1778 -0.0895 -0.97999
vn -0.3465 -0.1595 -0.92439
vn -0.65519 -0.3618 -0.66319
vn -0.0457 -0.0187 -0.99878
vn 0.32228 -0.68147 -0.65707
vn 0.10611 -0.74014 -0.66403
vn 0.3771 -0.9235 0.0703
vn -0.0385 -0.99925 -0.0031
vn -0.0146 -0.69711 0.71681
vn -0.41891 -0.67621 0.60601
vn -0.77698 -0.62179 -0.0984
vn -0.85684 -0.18661 0.48062
vn -0.1966 -0.52609 -0.82739
vn -0.0104 -0.99875 0.0488
vn 0.81707 0.49588 -0.29409
vn 0.91512 0.28011 -0.29001
vn 0.7338 0.2056 0.6475
vn 0.676 -0.5341 0.5077
vn 0.89382 -0.41171 -0.1777
vn 0.391 -0.91969 0.0359
vn 0.87687 0.38919 -0.28219
vn 0.27819 0.0323 -0.95998
vn 0.6941 0.403 0.5965
vn 0.6351 0.5097 0.5804
vn -0.1872 0.0007 0.98232
vn 0.55207 -0.41468 -0.72336
vn 0.55768 -0.29939 -0.77418
vn 0.73712 0.28221 0.61402
vn 0.91489 0.2823 -0.2886
vn 0.94523 0.1138 -0.30591
vn 0.1467 -0.1079 -0.98328
vn 0.8377 -0.2113 -0.5036
vn 0.3386 -0.1124 -0.93419
vn 0.0568 -0.0312 -0.9979
vn 0.0231 0.0829 -0.99629
vn 0.0761 0.1181 -0.99008
vn 0.1543 0.0533 -0.98659
vn 0.75901 0.1374 0.63641
vn -0.68118 0.53169 -0.50329
vn -0.65972 0.75072 0.0346
vn -0.52021 0.59731 -0.61041
vn -0.42621 0.90411 -0.0304
vn -0.5599 0.6303 0.5378
vn -0.32099 0.78558 0.52899
vn -0.44529 0.46169 0.76718
vn -0.24121 -0.95645 0.16441
vn -0.45302 -0.82994 0.32552
vn 0.22359 0.42329 0.87797
vn -0.46051 0.0521 0.88612
vn -0.71321 -0.62411 0.3191
vn -0.472 0.5541 0.6857
vn -0.0672 0.5896 0.8049
vn 0.47772 0.54852 0.68623
vn 0.50309 0.26569 0.82238
vn -0.1656 0.44499 0.88009
vn -0.4603 0.4555 0.762
vn -0.51018 0.42998 0.74487
vn -0.99096 -0.1294 0.0353
vn -0.79292 0.56911 0.2177
vn -0.65968 0.54859 0.51369
vn -0.68629 0.3037 0.66089
vn 0.93494 0.16251 0.31541
vn -0.51421 0.47711 -0.71271
vn -0.76218 0.61458 -0.20339
vn -0.48989 0.41809 -0.76499
vn -0.80514 0.56183 -0.19001
vn -0.75939 0.64039 0.115
vn 0.0568 -0.0313 -0.99789
vn -0.68652 0.2107 -0.69592
vn 0.0762 0.1181 -0.99007
vn -0.81409 0.58019 0.0254
vn 0.20209 -0.65857 -0.72487
vn 0.26301 -0.72783 -0.63332
vn 0.84497 0.47738 -0.24109
vn -0.5572 0.6916 -0.4596
vn 0.0481 -0.44598 -0.89375
vn -0.043 -0.29869 -0.95338
vn -0.20139 0.97796 -0.0551
vn -0.2113 0.85268 0.47779
vn -0.29591 0.87723 -0.37802
vn -0.1945 0.86751 0.45781
vn -0.27229 0.95678 -0.1021
vn -0.42621 0.90411 -0.0305
vn -0.32108 0.78556 0.52897
vn -0.35129 0.56488 0.74667
vn -0.58211 0.29981 0.75582
vn -0.52891 0.1718 0.83111
vn -0.7131 0.106 0.693
vn -0.3751 0.4237 0.82449
vn -0.41891 0.1617 0.89352
vn -0.1135 0.14131 0.98344
vn -0.305 0.64909 0.69689
vn -0.39888 0.30079 -0.86627
vn -0.52031 0.59732 -0.61032
vn -0.2935 0.6246 -0.7237
vn -0.2722 0.95681 -0.1021
vn 0.3691 0.1009 -0.9239
vn 0.35529 0.88367 -0.30479
vn 0.26721 0.52552 -0.80773
vn 0.28709 0.95788 -0.0069
vn 0.1682 0.83121 0.52991
vn 0.288 0.95711 0.0315
vn 0.24741 0.80353 0.54142
vn 0.3833 0.7454 0.5454
vn 0.41099 0.91079 0.0394
vn 0.57281 0.61711 0.53951
vn 0.41219 0.72009 -0.55819
vn 0.31811 0.74112 -0.59122
vn 0.3189 0.68799 -0.6519
vn 0.17551 0.82943 0.53032
vn 0.3189 0.631 0.7072
vn 0.23349 0.66968 0.70498
vn 0.54238 0.35299 0.76238
vn 0.2137 0.42971 0.87732
vn 0.23979 0.35119 0.90508
vn 0.5766 0.2227 0.78609
vn 0.98702 -0.1551 -0.0417
vn 0.94121 0.1068 -0.3205
vn -0.2008 -0.74169 -0.63999
vn 0.0196 0.24489 0.96935
vn 0.36369 -0.1417 0.92068
vn 0.33041 0.32441 0.88633
vn 0.50962 0.0281 0.85994
vn 0.59032 -0.25891 0.76452
vn 0.1843 0.95148 0.2464
vn 0.84161 0.3811 0.3827
vn 0.86306 0.19609 0.46548
vn 0.8724 -0.2009 0.4456
vn 0.66373 0.0309 0.74733
vn -0.52018 0.59738 -0.61037
vn -0.19671 -0.52613 -0.82734
vn 0.1061 -0.74009 -0.66409
vn -0.0129 -0.1815 -0.98331
vn -0.2508 0.2242 -0.94172
vn 0.0225 -0.1767 -0.98401
vn 0.32231 -0.68141 -0.65711
vn -0.63438 0.64118 -0.43179
vn -0.73031 0.67911 0.0739
vn -0.64118 0.60778 -0.46849
vn -0.29949 0.32819 -0.89588
vn -0.3144 0.4384 -0.842
vn 0.17309 -0.17149 -0.96986
vn 0.34481 -0.1278 -0.92993
vn 0.16561 -0.11081 -0.97995
vn 0.61403 -0.64493 -0.45502
vn 0.10111 -0.0905 -0.99075
vn 0.51201 -0.59771 -0.61691
vn 0.0219 -0.1342 -0.99071
vn -0.30189 0.28519 -0.90968
vn -0.56442 0.62752 -0.53632
vn -0.62951 0.59041 -0.50511
vn -0.2483 0.3399 -0.90709
vn -0.587 0.6245 -0.5152
vn -0.69569 0.71309 0.0867
vn -0.25611 0.35921 -0.89743
vn -0.59898 0.62388 -0.50199
vn -0.7222 0.6841 0.1021
vn -0.7488 0.6578 0.0812
vn -0.46849 0.29039 0.83438
vn -0.57762 0.53572 0.61592
vn -0.5489 0.5296 0.6467
vn -0.69701 0.70551 0.1282
vn -0.57641 0.62391 -0.52771
vn -0.687 0.716 0.124
vn -0.60096 0.52467 0.60296
vn -0.52541 0.28521 0.80162
vn -0.54701 -0.0225 0.83682
vn -0.36671 -0.0841 0.92653
vn -0.39418 0.31389 0.86377
vn -0.55282 0.50972 0.65922
vn -0.5827 0.4862 0.6512
vn -0.64179 0.54689 0.53759
vn -0.65972 0.75072 0.0345
vn -0.74187 0.66787 0.0598
vn -0.8568 -0.1866 0.4807
vn -0.1203 -0.0575 0.99107
vn -0.37621 0.32671 0.86702
vn -0.398 0.3207 0.8595
vn 0.62007 -0.78047 0.0799
vn 0.33379 -0.58938 0.73567
vn 0.44319 -0.53739 0.71749
vn -0.0432 -0.0196 0.99887
vn -0.0563 0.0113 0.99835
vn 0.51201 -0.59781 -0.61682
vn 0.61399 -0.64499 -0.45499
vn 0.65261 -0.73591 0.1804
vn 0.46712 -0.47602 0.74513
vn -0.0956 0.0242 0.99513
vn -0.38538 0.33918 0.85816
vn -0.5737 0.5215 0.6316
vn 0.2527 -0.159 -0.95439
vn -0.32088 0.31428 -0.89345
vn -0.62911 0.61061 -0.48101
vn -0.7283 0.6808 0.0781
vn -0.5787 0.5304 0.6195
vn -0.3652 0.3486 0.8632
vn -0.0823 0.0727 0.99395
vn -0.0831 0.0848 0.99293
vn 0.37961 -0.42621 0.82112
vn -0.0999 0.0524 0.99362
vn 0.39759 -0.42179 0.81487
vn -0.40541 0.35131 0.84393
vn -0.4416 0.3732 0.81591
vn -0.0928 0.0625 0.99372
vn 0.40781 -0.38801 0.82652
vn -0.40629 0.30119 -0.86268
vn 0.1851 -0.2522 -0.94981
vn 0.17251 -0.17501 -0.96934
vn -0.3022 0.1925 -0.9336
vn -0.31791 0.2089 -0.92482
vn -0.66256 0.59826 -0.45067
vn -0.76821 0.63581 0.0749
vn -0.62719 0.49699 0.59969
vn -0.64769 0.52819 0.54909
vn -0.43761 0.38681 0.81171
vn -0.64243 0.50873 -0.57313
vn -0.76115 0.64556 -0.0624
vn -0.6789 0.5361 -0.5017
vn -0.78002 0.62522 0.026
vn -0.65587 0.57947 0.48378
vn -0.71288 0.58629 0.38479
vn -0.75762 0.63572 -0.1479
vn -0.5786 0.5105 -0.6361
vn -0.21991 0.19591 -0.95565
vn 0.1341 -0.1562 -0.97858
vn 0.56931 -0.46481 -0.67811
vn -0.75433 0.57482 0.31711
vn -0.76773 0.61312 -0.18621
vn -0.56402 0.48501 -0.66832
vn -0.18929 0.14759 -0.97076
vn 0.14581 -0.17091 -0.97444
vn 0.62626 -0.52497 -0.57637
vn 0.6026 -0.551 -0.5773
vn 0.55762 -0.58802 -0.58592
vn 0.14871 -0.23011 -0.96174
vn 0.62661 0.0781 0.77541
vn 0.6203 0.0102 0.7843
vn 0.85605 0.0623 0.51313
vn 0.85743 0.1109 0.50252
vn 0.63561 0.043 0.77081
vn 0.8642 0.0725 0.4979
vn 0.87122 0.031 0.48991
vn 0.97674 0.0972 0.19111
vn 0.87145 0.09071 0.48203
vn 0.97947 0.0983 0.17599
vn 0.97844 0.059 0.19791
vn 0.99555 0.0391 -0.0857
vn 0.99794 -0.0016 -0.0642
vn 0.79171 -0.0722 -0.60661
vn 0.99682 -0.0482 -0.0634
vn 0.82148 -0.0758 -0.56518
vn 0.81257 -0.22259 -0.53868
vn 0.45821 -0.1475 -0.87652
vn 0.45308 -0.20759 -0.86696
vn 0.2119 -0.1394 -0.9673
vn -0.82623 0.0452 0.56152
vn -0.32579 0.0576 0.94368
vn -0.34618 0.0686 0.93566
vn -0.88003 0.0237 0.47432
vn -0.3406 0.0644 0.938
vn -0.86802 0.0226 0.49601
vn -0.31671 0.0306 0.94803
vn -0.85091 0.0146 0.52511
vn -0.2992 0.0392 0.95339
vn -0.85037 0.0177 0.52588
vn -0.29609 0.0566 0.95348
vn -0.85273 0.0514 0.51982
vn -0.2379 0.0233 0.97101
vn -0.78669 0.0527 0.61509
vn -0.1779 -0.0669 0.98177
vn 0.43241 -0.0162 0.90153
vn 0.43209 0.0436 0.90078
vn 0.43398 0.037 0.90016
vn 0.617 0.0837 0.7825
vn 0.6311 0.0019 0.7757
vn 0.42149 0.0164 0.90668
vn 0.4062 0.0775 0.91049
vn 0.86108 0.1106 0.49629
vn 0.60593 0.13641 0.78374
vn 0.87373 0.0002 0.48642
vn 0.61008 -0.0165 0.79217
vn 0.43021 0.0275 0.90231
vn 0.42319 0.1072 0.89968
vn 0.98957 -0.0953 -0.108
vn 0.98531 -0.1184 0.1231
vn 0.9865 -0.0757 0.1452
vn 0.98168 -0.0201 0.1895
vn 0.4361 0.5188 0.7353
vn 0.68398 0.26159 0.68098
vn 0.3255 -0.0937 -0.94089
vn 0.17409 -0.05 -0.98346
vn 0.128 0.0949 -0.98722
vn 0.52141 -0.2381 -0.81941
vn 0.026 0.37499 -0.92667
vn 0.0116 0.2444 -0.9696
vn -0.18369 0.51028 -0.84016
vn 0.116 0.2829 -0.95211
vn 0.19899 0.29459 -0.93467
vn 0.2357 0.0319 -0.9713
vn 0.3478 -0.0624 -0.93549
vn 0.2498 0.2917 -0.92331
vn 0.58307 0.62087 -0.52397
vn 0.3182 0.7411 -0.5912
vn -0.2516 0.56191 -0.78801
vn -0.296 0.87721 -0.378
vn -0.2267 0.58631 -0.77772
vn -0.2142 0.1367 -0.96718
vn -0.2035 -0.2172 -0.95468
vn -0.2179 0.1585 -0.96301
vn -0.1071 0.20571 -0.97273
vn -0.3372 -0.1235 -0.9333
vn -0.1858 -0.0026 -0.98258
vn -0.0275 0.0848 -0.99602
vn -0.0578 -0.036 -0.99768
vn -0.27901 -0.0847 -0.95654
vn -0.48702 -0.14761 -0.86083
vn -0.2397 -0.2599 -0.93541
vn 0.24081 -0.16441 -0.95655
vn -0.0512 -0.0764 -0.99576
vn -0.67992 -0.0926 -0.72742
vn -0.51908 -0.0333 -0.85407
vn -0.3122 -0.0367 -0.94931
vn -0.017 -0.1117 -0.9936
vn 0.2446 -0.2095 -0.94672
vn 0.40811 -0.16591 -0.89773
vn 0.75801 0.0137 -0.6521
vn 0.98883 0.0999 -0.1106
vn 0.9839 0.1284 -0.1243
vn 0.361 -0.0403 -0.9317
vn 0.33099 0.123 -0.93558
vn 0.73431 0.1372 -0.66481
vn 0.71534 0.14371 -0.68384
vn 0.72874 0.15231 -0.66764
vn 0.7281 0.1177 -0.6753
vn 0.33121 0.1046 -0.93774
vn 0.24869 -0.107 -0.96266
vn 0.0326 -0.1509 -0.98801
vn -0.2862 -0.0361 -0.95749
vn -0.5254 0.0098 -0.8508
vn 0.0679 -0.12789 -0.98946
vn -0.25401 -0.0646 -0.96504
vn -0.2245 -0.0963 -0.9697
vn 0.0459 -0.0379 -0.99823
vn 0.2249 0.0501 -0.97309
vn 0.1745 0.1523 -0.97281
vn 0.32829 0.17159 -0.92886
vn -0.19109 -0.0465 -0.98047
vn -0.5107 -0.0161 -0.85961
vn -0.82312 0.0251 -0.56731
vn -0.46539 -0.0051 -0.88509
vn -0.38191 0.0703 -0.92152
vn -0.1678 0.1164 -0.97892
vn 0.0093 0.1092 -0.99398
vn 0.14279 0.10789 -0.98385
vn 0.1486 0.074 -0.98612
vn 0.31921 0.0853 -0.94384
vn 0.168 0.1577 -0.97309
vn 0.30589 0.15799 -0.93887
vn 0.1865 0.1589 -0.96952
vn 0.3015 0.1441 -0.94251
vn -0.80105 0.0335 -0.59766
vn -0.75606 0.11069 -0.64507
vn -0.3392 0.1255 -0.9323
vn -0.9836 0.1506 -0.0992
vn -0.71876 0.16139 -0.67626
vn -0.72024 0.12131 -0.68304
vn -0.36379 0.1362 -0.92147
vn -0.15481 0.16341 -0.97434
vn 0.013 0.1296 -0.99148
vn 0.0329 0.0928 -0.99514
vn -0.1368 0.1184 -0.9835
vn -0.36861 0.1424 -0.91861
vn -0.72472 0.1239 -0.67782
vn -0.9234 0.154 0.3516
vn -0.69039 0.1042 0.71589
vn -0.75356 0.0818 0.65227
vn -0.93048 0.1362 0.34009
vn -0.98087 0.1538 -0.1193
vn -0.98318 0.1336 -0.1245
vn -0.99605 0.0888 -0.0001
vn -0.92606 0.1194 0.35799
vn -0.7341 0.0947 0.6724
vn -0.78302 0.1278 0.60872
vn -0.95111 0.0746 0.2997
vn -0.99936 0.0233 -0.0272
vn -0.34889 0.0895 0.93288
vn -0.3771 0.0959 0.9212
vn -0.36009 0.0835 0.92917
vn -0.75227 0.0571 0.65637
vn -0.93366 -0.0438 0.35548
vn -0.99885 -0.0352 -0.0325
vn -0.34751 0.0504 0.93632
vn -0.34649 0.0707 0.93538
vn -0.1722 0.0763 0.9821
vn -0.16609 0.0695 0.98366
vn -0.1601 0.0784 0.98398
vn -0.65998 0.0735 0.74768
vn -0.34459 0.012 0.93868
vn -0.1555 0.0511 0.98651
vn -0.17801 -0.0669 0.98175
vn -0.27641 0.0345 0.96042
vn 0.52549 -0.0507 0.84929
vn -0.1833 0.0089 0.98302
vn -0.30531 0.0396 0.95143
vn -0.31881 0.0932 0.94323
vn -0.24379 0.0692 0.96736
vn -0.2202 0.0265 0.97509
vn -0.33779 0.0462 0.94009
vn -0.62322 0.1067 0.77473
vn -0.91452 0.1502 0.37561
vn -0.92 0.146 0.3637
vn -0.97943 0.1401 -0.1452
vn -0.97814 0.13461 -0.15851
vn -0.71804 0.15801 -0.67783
vn -0.72488 0.129 -0.67669
vn -0.3561 0.1526 -0.9219
vn -0.74308 0.1257 -0.65729
vn -0.36839 0.1613 -0.91557
vn -0.59063 0.0983 0.80094
vn -0.59878 0.1461 0.78748
vn -0.91693 0.14641 0.37121
vn -0.92717 0.139 0.34789
vn -0.58819 0.0559 0.80679
vn -0.94032 0.1008 0.32501
vn -0.98047 0.1145 -0.1599
vn -0.98013 0.1086 -0.166
vn -0.97292 0.1018 -0.2075
vn -0.95042 0.0986 0.29491
vn -0.60019 0.0795 0.79589
vn -0.29311 0.0738 0.95323
vn -0.30251 0.0316 0.95262
vn 0.0369 -0.3336 0.94199
vn 0.15889 -0.31389 0.93607
vn 0.64359 0.0521 0.76359
vn 0.6535 0.072 0.7535
vn 0.0201 0.0924 -0.99552
vn -0.10821 0.0743 -0.99135
vn 0.0372 0.1293 -0.99091
vn -0.12071 0.12131 -0.98525
vn -0.4184 0.0479 -0.907
vn -0.4 0.1057 -0.9104
vn -0.76401 0.0026 -0.6452
vn -0.75999 0.08 -0.64499
vn -0.9667 0.0681 -0.2467
vn -0.95382 0.1222 0.27441
vn -0.60928 0.1129 0.78488
vn -0.2846 0.0845 0.95491
vn 0.0472 0.1856 -0.98149
vn -0.13181 0.19081 -0.97274
vn -0.1279 0.16849 -0.97737
vn 0.0394 0.171 -0.98448
vn 0.19141 0.1516 -0.96973
vn 0.42369 0.0541 0.90419
vn -0.46959 0.0003 0.88288
vn -0.48478 -0.0285 0.87417
vn 0.41209 0.0421 0.91017
vn 0.5762 0.119 0.8086
vn 0.59488 0.1091 0.79638
vn 0.82262 0.2087 0.52891
vn 0.8378 0.153 0.5241
vn 0.97196 0.17639 0.15549
vn 0.97516 0.12379 0.18369
vn 0.98125 0.0821 -0.17439
vn 0.98539 0.0764 -0.1522
vn 0.70569 0.0764 -0.70439
vn 0.7025 0.1009 -0.7045
vn 0.33619 0.1157 -0.93466
vn 0.31951 0.1364 -0.93772
vn 0.1853 0.1346 -0.97342
vn 0.70021 0.1363 -0.70081
vn 0.98695 0.0925 -0.13179
vn 0.97285 0.0823 0.21631
vn 0.43449 0.0329 0.90008
vn -0.4052 -0.021 0.91399
vn 0.61501 0.0561 0.78652
vn 0.85102 0.078 0.51931
vn 0.97083 0.0996 0.21811
vn 0.98118 0.1313 -0.1416
vn 0.69943 0.17271 -0.69353
vn 0.96793 0.1291 0.21551
vn 0.97736 0.15079 -0.14839
vn 0.98121 0.1336 -0.1392
vn 0.97056 0.11729 0.21039
vn -0.17799 -0.067 0.98175
vt 0.01911 0.77039
vt 0.01299 0.77438
vt 0.01559 0.76032
vt 0.01023 0.7617
vt 0.01102 0.75065
vt 0.00812 0.75276
vt 0.00764 0.7494
vt 0.00469 0.75322
vt 0.00481 0.75184
vt 0.00613 0.75048
vt 0.0098 0.7489
vt 0.0187 0.75614
vt 0.01418 0.75613
vt 0.02182 0.76772
vt 0.01764 0.76835
vt 0.0229 0.77779
vt 0.01809 0.77822
vt 0.02643 0.7869
vt 0.02092 0.78625
vt 0.01992 0.7818
vt 0.02276 0.7908
vt 0.02567 0.80012
vt 0.01957 0.80373
vt 0.01737 0.79158
vt 0.01314 0.78457
vt 0.06085 0.70193
vt 0.06128 0.69764
vt 0.06456 0.70096
vt 0.06449 0.70565
vt 0.06187 0.71027
vt 0.06443 0.71403
vt 0.0605 0.72313
vt 0.06468 0.72452
vt 0.06091 0.73152
vt 0.06473 0.73482
vt 0.06123 0.74687
vt 0.06443 0.74594
vt 0.06092 0.75343
vt 0.06517 0.75521
vt 0.06096 0.76503
vt 0.07382 0.75515
vt 0.07248 0.74752
vt 0.08039 0.75056
vt 0.07718 0.74769
vt 0.07597 0.73246
vt 0.07134 0.73554
vt 0.07645 0.72456
vt 0.07084 0.72562
vt 0.07552 0.71188
vt 0.07089 0.71639
vt 0.07551 0.70425
vt 0.07116 0.7082
vt 0.07543 0.69991
vt 0.07005 0.70292
vt 0.07213 0.69316
vt 0.06564 0.69317
vt 0.0691 0.69501
vt 0.0682 0.6921
vt 0.04674 0.693
vt 0.05321 0.69343
vt 0.04934 0.69242
vt 0.05204 0.70314
vt 0.05059 0.69464
vt 0.04688 0.69395
vt 0.04136 0.69879
vt 0.04709 0.70176
vt 0.04001 0.70484
vt 0.04619 0.70888
vt 0.04049 0.71177
vt 0.04515 0.71605
vt 0.03976 0.72352
vt 0.04461 0.72483
vt 0.03967 0.73224
vt 0.04399 0.73486
vt 0.03908 0.74454
vt 0.04394 0.74601
vt 0.04248 0.75543
vt 0.04711 0.75318
vt 0.04055 0.75504
vt 0.04 0.77441
vt 0.04995 0.76096
vt 0.05356 0.75251
vt 0.05111 0.74671
vt 0.05003 0.73603
vt 0.05061 0.72606
vt 0.05078 0.71686
vt 0.0512 0.71007
vt 0.05517 0.77571
vt 0.0593 0.74823
vt 0.05687 0.74679
vt 0.05463 0.73276
vt 0.05515 0.72503
vt 0.05493 0.71544
vt 0.0561 0.70637
vt 0.05629 0.7005
vt 0.09823 0.75419
vt 0.09913 0.75352
vt 0.1018 0.75663
vt 0.09499 0.76365
vt 0.08313 0.76121
vt 0.092 0.75409
vt 0.09976 0.76873
vt 0.08634 0.76808
vt 0.07926 0.78128
vt 0.09597 0.78392
vt 0.10729 0.77157
vt 0.10872 0.75717
vt 0.097 0.75168
vt 0.09513 0.73952
vt 0.09164 0.74325
vt 0.09517 0.73374
vt 0.09044 0.73529
vt 0.09356 0.7239
vt 0.09019 0.72664
vt 0.0939 0.71776
vt 0.09003 0.72045
vt 0.09297 0.7143
vt 0.08877 0.7174
vt 0.08965 0.70915
vt 0.08675 0.71142
vt 0.08597 0.70869
vt 0.084 0.7083
vt 0.08357 0.71039
vt 0.08479 0.71605
vt 0.08179 0.74923
vt 0.0826 0.75326
vt 0.07873 0.75668
vt 0.07386 0.76666
vt 0.08454 0.72023
vt 0.08457 0.72501
vt 0.08522 0.73426
vt 0.0855 0.74197
vt 0.05104 0.78749
vt 0.0343 0.79028
vt 0.08151 0.73871
vt 0.08064 0.73221
vt 0.08132 0.7222
vt 0.07986 0.71574
vt 0.07969 0.71211
vt 0.41289 0.53764
vt 0.41415 0.52281
vt 0.41137 0.53106
vt 0.41164 0.53848
vt 0.4131 0.54111
vt 0.41109 0.54829
vt 0.41536 0.56075
vt 0.41216 0.55594
vt 0.41332 0.56479
vt 0.41308 0.57038
vt 0.40978 0.56493
vt 0.40556 0.57003
vt 0.40601 0.57714
vt 0.41464 0.5915
vt 0.42044 0.57627
vt 0.42355 0.5661
vt 0.42109 0.56074
vt 0.41716 0.54243
vt 0.41734 0.53719
vt 0.41786 0.52457
vt 0.41424 0.51875
vt 0.41818 0.51898
vt 0.41524 0.50961
vt 0.41856 0.51068
vt 0.41753 0.50322
vt 0.41353 0.50836
vt 0.41248 0.51418
vt 0.4128 0.52008
vt 0.42985 0.57971
vt 0.42261 0.51062
vt 0.42475 0.50974
vt 0.42243 0.50377
vt 0.42199 0.52008
vt 0.42197 0.52363
vt 0.42123 0.53801
vt 0.4213 0.54161
vt 0.42279 0.55193
vt 0.42442 0.55722
vt 0.43227 0.5663
vt 0.45022 0.58051
vt 0.45531 0.56572
vt 0.46227 0.57915
vt 0.44222 0.56603
vt 0.42994 0.56011
vt 0.42624 0.55075
vt 0.42451 0.54991
vt 0.42289 0.53975
vt 0.42373 0.53173
vt 0.42365 0.5231
vt 0.42459 0.51526
vt 0.42746 0.54932
vt 0.43013 0.53933
vt 0.42806 0.53665
vt 0.42977 0.53517
vt 0.42782 0.52908
vt 0.43083 0.51964
vt 0.42895 0.51745
vt 0.43081 0.51557
vt 0.42825 0.51006
vt 0.43055 0.50568
vt 0.42865 0.50486
vt 0.43205 0.49981
vt 0.43469 0.52118
vt 0.43487 0.5156
vt 0.43375 0.50662
vt 0.43765 0.50668
vt 0.43693 0.50033
vt 0.43932 0.50624
vt 0.43929 0.51121
vt 0.43845 0.51694
vt 0.43925 0.5182
vt 0.43859 0.52044
vt 0.43983 0.52958
vt 0.43797 0.53564
vt 0.43938 0.53767
vt 0.43819 0.53992
vt 0.43991 0.5496
vt 0.43941 0.55077
vt 0.43664 0.56008
vt 0.43429 0.54047
vt 0.43431 0.53455
vt 0.44216 0.55161
vt 0.44057 0.55705
vt 0.44572 0.55989
vt 0.44342 0.55035
vt 0.44579 0.54216
vt 0.44359 0.54076
vt 0.44532 0.53862
vt 0.443 0.53426
vt 0.44559 0.52612
vt 0.44361 0.52508
vt 0.44543 0.52266
vt 0.4426 0.5179
vt 0.44499 0.51288
vt 0.44261 0.51282
vt 0.44591 0.50843
vt 0.4519 0.5599
vt 0.44961 0.54295
vt 0.44943 0.53784
vt 0.44917 0.52718
vt 0.44914 0.5224
vt 0.4479 0.51341
vt 0.45134 0.51364
vt 0.4503 0.50884
vt 0.45407 0.55214
vt 0.45298 0.54282
vt 0.45263 0.53916
vt 0.45264 0.52657
vt 0.45228 0.52392
vt 0.45261 0.51399
vt 0.45319 0.51863
vt 0.45396 0.53463
vt 0.45384 0.54137
vt 0.45496 0.5511
vt 0.45572 0.55759
vt 0.45924 0.55915
vt 0.46519 0.55904
vt 0.46527 0.56439
vt 0.45614 0.55209
vt 0.45729 0.55098
vt 0.41977 0.50232
vt 0.42114 0.50411
vt 0.41768 0.50336
vt 0.43034 0.50569
vt 0.43408 0.49905
vt 0.4353 0.50052
vt 0.43202 0.49985
vt 0.05581 0.74835
vt 0.05364 0.73406
vt 0.05564 0.70178
vt 0.05189 0.70135
vt 0.04556 0.70165
vt 0.04479 0.70963
vt 0.04334 0.72642
vt 0.04313 0.73619
vt 0.0581 0.74988
vt 0.03791 0.74605
vt 0.03933 0.75674
vt 0.04149 0.75673
vt 0.04056 0.74753
vt 0.04624 0.75429
vt 0.05273 0.75364
vt 0.03865 0.73339
vt 0.06006 0.75471
vt 0.03766 0.72478
vt 0.05065 0.69529
vt 0.05267 0.6971
vt 0.07056 0.70657
vt 0.07051 0.70132
vt 0.0645 0.70055
vt 0.06184 0.69806
vt 0.07093 0.71438
vt 0.075 0.70029
vt 0.06961 0.694
vt 0.07633 0.74911
vt 0.07931 0.752
vt 0.06571 0.69332
vt 0.062 0.69819
vt 0.07218 0.69477
vt 0.37799 0.58644
vt 0.38451 0.58085
vt 0.37485 0.5792
vt 0.38126 0.57465
vt 0.37287 0.57292
vt 0.37725 0.57003
vt 0.37003 0.5667
vt 0.37434 0.56454
vt 0.36794 0.55727
vt 0.38101 0.56681
vt 0.37878 0.56234
vt 0.37038 0.55692
vt 0.37323 0.55523
vt 0.38733 0.57729
vt 0.38421 0.57198
vt 0.3876 0.56953
vt 0.38458 0.56545
vt 0.38203 0.55985
vt 0.37652 0.55299
vt 0.36409 0.55202
vt 0.36655 0.55023
vt 0.36947 0.54858
vt 0.37186 0.54684
vt 0.3777 0.55173
vt 0.38296 0.55852
vt 0.38605 0.56437
vt 0.38943 0.56885
vt 0.3982 0.57537
vt 0.39546 0.57806
vt 0.37336 0.54545
vt 0.64974 0.27361
vt 0.6497 0.29254
vt 0.66174 0.29377
vt 0.47089 0.58836
vt 0.48594 0.57167
vt 0.48499 0.60904
vt 0.53609 0.56574
vt 0.53631 0.61496
vt 0.58055 0.56491
vt 0.57525 0.61945
vt 0.64942 0.27359
vt 0.64396 0.29353
vt 0.74504 0.54172
vt 0.77337 0.4989
vt 0.78569 0.52208
vt 0.27089 0.60088
vt 0.26825 0.60268
vt 0.27073 0.6027
vt 0.26827 0.60088
vt 0.74928 0.22506
vt 0.784 0.23019
vt 0.78594 0.21692
vt 0.75143 0.20944
vt 0.75102 0.19425
vt 0.71549 0.1964
vt 0.74663 0.17581
vt 0.71247 0.17644
vt 0.74567 0.13014
vt 0.69973 0.12851
vt 0.74273 0.05665
vt 0.69475 0.07977
vt 0.71512 0.01269
vt 0.7451 0.0118
vt 0.79372 0.08298
vt 0.80822 0.01464
vt 0.81696 0.07941
vt 0.8307 0.0087
vt 0.8402 0.07584
vt 0.85351 0.00548
vt 0.71511 0.21014
vt 0.71668 0.22781
vt 0.71176 0.26663
vt 0.74677 0.26441
vt 0.40536 0.60628
vt 0.39562 0.59824
vt 0.399 0.59425
vt 0.42644 0.60993
vt 0.41879 0.62541
vt 0.41155 0.60533
vt 0.40731 0.62013
vt 0.4022 0.59001
vt 0.39164 0.58325
vt 0.38778 0.58725
vt 0.76302 0.61279
vt 0.76289 0.58461
vt 0.78259 0.58429
vt 0.80756 0.59442
vt 0.79415 0.60311
vt 0.80725 0.59546
vt 0.79387 0.60487
vt 0.80186 0.57175
vt 0.81616 0.56318
vt 0.78286 0.60927
vt 0.78291 0.6077
vt 0.8253 0.55444
vt 0.84011 0.54456
vt 0.83335 0.57603
vt 0.82232 0.58548
vt 0.82252 0.58531
vt 0.8051 0.60789
vt 0.7917 0.61334
vt 0.78103 0.61536
vt 0.76302 0.61049
vt 0.79189 0.57778
vt 0.76294 0.62007
vt 0.48456 0.56039
vt 0.484 0.55974
vt 0.48682 0.5455
vt 0.51314 0.55979
vt 0.49156 0.54675
vt 0.48903 0.52208
vt 0.48459 0.52182
vt 0.48336 0.54312
vt 0.48231 0.55848
vt 0.51988 0.52182
vt 0.51866 0.54312
vt 0.5139 0.52174
vt 0.51404 0.54199
vt 0.51761 0.55848
vt 0.51515 0.55788
vt 0.51986 0.56039
vt 0.5193 0.55974
vt 0.49992 0.50193
vt 0.49063 0.52201
vt 0.4786 0.52174
vt 0.49323 0.52227
vt 0.50005 0.54562
vt 0.51238 0.55853
vt 0.50725 0.54324
vt 0.50462 0.52193
vt 0.50184 0.50184
vt 0.49998 0.502
vt 0.49788 0.5222
vt 0.50136 0.50191
vt 0.09965 0.98906
vt 0.06185 0.98906
vt 0.02061 0.98906
vt 0.0546 0.98906
vt 0.06184 0.99923
vt 0.0546 0.99923
vt 0.01998 0.98906
vt 0.05398 0.98906
vt 0.09902 0.98906
vt 0.06122 0.98906
vt 0.05397 0.99923
vt 0.06121 0.99923
vt 0.09965 0.86189
vt 0.02061 0.86189
vt 0.01998 0.86189
vt 0.09902 0.86189
vt 0.7136 0.61071
vt 0.71304 0.61006
vt 0.71586 0.59583
vt 0.74218 0.61011
vt 0.7206 0.59707
vt 0.71807 0.57241
vt 0.71363 0.57214
vt 0.7124 0.59345
vt 0.71135 0.60881
vt 0.70764 0.57207
vt 0.71967 0.57233
vt 0.72227 0.5726
vt 0.73366 0.57226
vt 0.73629 0.59356
vt 0.72692 0.57252
vt 0.74308 0.59231
vt 0.74419 0.60821
vt 0.74142 0.60886
vt 0.72909 0.59594
vt 0.74665 0.60881
vt 0.74834 0.61006
vt 0.7489 0.61071
vt 0.74893 0.57214
vt 0.7477 0.59345
vt 0.74294 0.57207
vt 0.73088 0.55216
vt 0.73041 0.55223
vt 0.72903 0.55232
vt 0.72897 0.55225
vt 0.53526 0.54571
vt 0.5347 0.54506
vt 0.53752 0.53082
vt 0.56384 0.54511
vt 0.54226 0.53207
vt 0.53973 0.5074
vt 0.53528 0.50714
vt 0.53406 0.52844
vt 0.53301 0.54381
vt 0.5293 0.50706
vt 0.54133 0.50733
vt 0.54393 0.50759
vt 0.55532 0.50726
vt 0.55795 0.52856
vt 0.54858 0.50752
vt 0.56474 0.52731
vt 0.56585 0.54321
vt 0.56308 0.54386
vt 0.55075 0.53094
vt 0.56831 0.54381
vt 0.57 0.54506
vt 0.57055 0.54571
vt 0.57058 0.50714
vt 0.56935 0.52844
vt 0.5646 0.50706
vt 0.55253 0.48716
vt 0.55206 0.48723
vt 0.55068 0.48732
vt 0.55062 0.48725
vt 0.66838 0.18909
vt 0.67625 0.19915
vt 0.64459 0.17954
vt 0.6805 0.21196
vt 0.68025 0.22897
vt 0.67409 0.24318
vt 0.66551 0.25231
vt 0.64461 0.25781
vt 0.62371 0.25231
vt 0.61514 0.24318
vt 0.60898 0.22897
vt 0.60873 0.21196
vt 0.61298 0.19915
vt 0.62085 0.18909
vt 0.78496 0.62619
vt 0.75271 0.62273
vt 0.78563 0.61867
vt 0.73888 0.62851
vt 0.72913 0.62715
vt 0.77428 0.63693
vt 0.75381 0.63352
vt 0.77712 0.63732
vt 0.7968 0.62555
vt 0.80251 0.6255
vt 0.80888 0.62242
vt 0.81357 0.62017
vt 0.80028 0.62388
vt 0.87614 0.61175
vt 0.87876 0.60576
vt 0.89368 0.60874
vt 0.80731 0.53995
vt 0.78569 0.52176
vt 0.77329 0.49901
vt 0.80395 0.51448
vt 0.797 0.45119
vt 0.77256 0.43709
vt 0.74964 0.45628
vt 0.74655 0.51647
vt 0.74468 0.54154
vt 0.87046 0.56859
vt 0.88436 0.56859
vt 0.8776 0.57218
vt 0.1913 0.41493
vt 0.18788 0.39974
vt 0.18772 0.41507
vt 0.20733 0.40077
vt 0.22399 0.41441
vt 0.21568 0.39979
vt 0.22403 0.3988
vt 0.23464 0.39994
vt 0.24395 0.41419
vt 0.24369 0.39856
vt 0.2609 0.41566
vt 0.26066 0.40207
vt 0.26893 0.40224
vt 0.27744 0.41598
vt 0.2772 0.4024
vt 0.29255 0.41407
vt 0.29428 0.40025
vt 0.29343 0.41396
vt 0.29445 0.41383
vt 0.31262 0.40152
vt 0.33004 0.41411
vt 0.32138 0.40102
vt 0.33013 0.40052
vt 0.34505 0.41302
vt 0.34521 0.39943
vt 0.35455 0.4133
vt 0.35456 0.39969
vt 0.3826 0.40004
vt 0.38302 0.41363
vt 0.39383 0.40023
vt 0.39299 0.4146
vt 0.40095 0.40035
vt 0.40068 0.41534
vt 0.63789 0.12514
vt 0.64421 0.12867
vt 0.64474 0.14691
vt 0.63788 0.14674
vt 0.63705 0.14977
vt 0.63078 0.12708
vt 0.63257 0.12563
vt 0.63956 0.08304
vt 0.65148 0.12544
vt 0.64769 0.14966
vt 0.65338 0.12686
vt 0.65834 0.06735
vt 0.66147 0.06841
vt 0.64127 0.01444
vt 0.6413 0.0028
vt 0.62501 0.06768
vt 0.622 0.06879
vt 0.92295 0.92761
vt 0.97014 0.90148
vt 0.96849 0.92884
vt 0.89714 0.93282
vt 0.8987 0.93042
vt 0.89038 0.9365
vt 0.90007 0.90063
vt 0.89297 0.8667
vt 0.97322 0.86634
vt 0.9806 0.83185
vt 0.68647 0.92884
vt 0.706 0.93518
vt 0.70043 0.93525
vt 0.71246 0.93509
vt 0.87809 0.94182
vt 0.87988 0.90611
vt 0.81558 0.93499
vt 0.87995 0.86696
vt 0.89371 0.82897
vt 0.81888 0.90915
vt 0.79206 0.93514
vt 0.79463 0.90829
vt 0.75963 0.93177
vt 0.76004 0.91008
vt 0.73026 0.90413
vt 0.68812 0.90148
vt 0.73111 0.87148
vt 0.6912 0.86634
vt 0.73001 0.83322
vt 0.69858 0.83185
vt 0.70213 0.81818
vt 0.7304 0.81594
vt 0.7988 0.8653
vt 0.75813 0.86963
vt 0.79608 0.83141
vt 0.75516 0.83217
vt 0.75413 0.81792
vt 0.88117 0.81193
vt 0.88048 0.82347
vt 0.83824 0.81349
vt 0.82394 0.82561
vt 0.82113 0.86644
vt 0.79096 0.816
vt 0.75403 0.80654
vt 0.73083 0.80682
vt 0.8992 0.81287
vt 0.90015 0.80107
vt 0.88014 0.80223
vt 0.83694 0.80211
vt 0.79213 0.80429
vt 0.70527 0.80616
vt 0.7344 0.79782
vt 0.75235 0.79773
vt 0.78951 0.78926
vt 0.83589 0.79341
vt 0.87717 0.79508
vt 0.90383 0.78745
vt 0.98474 0.79293
vt 0.98729 0.80616
vt 0.98415 0.81818
vt 0.99234 0.75346
vt 0.9495 0.74836
vt 0.94773 0.67087
vt 0.99181 0.66967
vt 0.99221 0.70663
vt 0.94814 0.70938
vt 0.8841 0.75826
vt 0.85347 0.75331
vt 0.78882 0.74497
vt 0.74726 0.75882
vt 0.7285 0.76107
vt 0.8858 0.67829
vt 0.89969 0.70879
vt 0.844 0.71126
vt 0.78751 0.69725
vt 0.90374 0.64527
vt 0.98894 0.64176
vt 0.87493 0.65308
vt 0.84707 0.67994
vt 0.78798 0.67252
vt 0.75146 0.71274
vt 0.72997 0.71698
vt 0.71032 0.75346
vt 0.70272 0.79293
vt 0.75504 0.66954
vt 0.75286 0.6256
vt 0.85359 0.65057
vt 0.79546 0.64637
vt 0.73138 0.64077
vt 0.72936 0.66855
vt 0.70979 0.66967
vt 0.71019 0.70663
vt 0.70692 0.64176
vt 0.61647 0.9107
vt 0.61681 0.86862
vt 0.64234 0.87055
vt 0.64409 0.83074
vt 0.67712 0.82932
vt 0.63997 0.81282
vt 0.67341 0.8151
vt 0.64274 0.80328
vt 0.66972 0.80259
vt 0.67231 0.78883
vt 0.63916 0.79391
vt 0.62072 0.80298
vt 0.62094 0.81483
vt 0.62054 0.82965
vt 0.56749 0.86412
vt 0.57207 0.90884
vt 0.50814 0.9086
vt 0.67958 0.90176
vt 0.65788 0.93689
vt 0.64208 0.93558
vt 0.64441 0.90451
vt 0.6831 0.8652
vt 0.61768 0.93716
vt 0.58657 0.93582
vt 0.51606 0.93682
vt 0.47772 0.93781
vt 0.9622 0.60981
vt 0.96215 0.6082
vt 0.95113 0.6056
vt 0.95084 0.60378
vt 0.93735 0.59517
vt 0.93766 0.59627
vt 0.92255 0.58629
vt 0.98212 0.61049
vt 0.98204 0.62007
vt 0.9639 0.61577
vt 0.91075 0.57692
vt 0.92235 0.58606
vt 0.91337 0.59115
vt 0.92499 0.60002
vt 0.93977 0.60861
vt 0.874 0.55906
vt 0.89906 0.56893
vt 0.87266 0.57426
vt 0.90151 0.58343
vt 0.91155 0.57678
vt 0.95321 0.61393
vt 0.98212 0.61279
vt 0.982 0.58461
vt 0.9623 0.58487
vt 0.95297 0.57853
vt 0.84359 0.58295
vt 0.84593 0.56841
vt 0.83159 0.59052
vt 0.83415 0.57625
vt 0.81989 0.59931
vt 0.94297 0.57257
vt 0.9287 0.564
vt 0.91964 0.55518
vt 0.89933 0.5672
vt 0.8741 0.55677
vt 0.87255 0.55873
vt 0.87113 0.55903
vt 0.84566 0.56662
vt 0.92912 0.55936
vt 0.90503 0.54513
vt 0.90506 0.54291
vt 0.88022 0.52785
vt 0.87843 0.52695
vt 0.87944 0.52991
vt 0.88743 0.5415
vt 0.8733 0.55345
vt 0.87254 0.5544
vt 0.87251 0.5573
vt 0.87185 0.55343
vt 0.87103 0.55673
vt 0.87892 0.534
vt 0.87912 0.53236
vt 0.87791 0.53051
vt 0.8726 0.54924
vt 0.87762 0.54817
vt 0.8614 0.53535
vt 0.85954 0.54576
vt 0.86744 0.53385
vt 0.86364 0.53083
vt 0.81574 0.55863
vt 0.84011 0.54238
vt 0.86356 0.52816
vt 0.86571 0.53146
vt 0.86512 0.52851
vt 0.86745 0.53221
vt 0.86762 0.54806
vt 0.69558 0.24367
vt 0.69354 0.20669
vt 0.70189 0.20735
vt 0.67668 0.14203
vt 0.67935 0.1785
vt 0.65431 0.16559
vt 0.60804 0.1427
vt 0.63086 0.16582
vt 0.60658 0.17921
vt 0.58535 0.20849
vt 0.5937 0.20767
vt 0.59358 0.24467
vt 0.64182 0.15613
vt 0.64983 0.17348
vt 0.63505 0.17362
vt 0.63648 0.1636
vt 0.64709 0.16074
vt 0.86816 0.60808
vt 0.86719 0.61175
vt 0.86457 0.60576
vt 0.84965 0.60874
vt 0.95818 0.01555
vt 0.93964 0.01247
vt 0.92135 0.00886
vt 0.67181 0.03379
vt 0.69086 0.01555
vt 0.80541 0.03398
vt 0.8396 0.03496
vt 0.86535 0.03443
vt 0.88383 0.03332
vt 0.87049 0.00552
vt 0.90231 0.03222
vt 0.88748 0.00557
vt 0.91846 0.03141
vt 0.9305 0.03189
vt 0.93913 0.03379
vt 0.80983 0.49783
vt 0.82467 0.47759
vt 0.82433 0.51507
vt 0.87727 0.47335
vt 0.87437 0.52273
vt 0.91545 0.47027
vt 0.91888 0.5251
vt 0.42673 0.74246
vt 0.3816 0.74777
vt 0.38331 0.68369
vt 0.4283 0.68638
vt 0.38083 0.65534
vt 0.42727 0.65658
vt 0.38778 0.63219
vt 0.425 0.6328
vt 0.47643 0.63915
vt 0.47581 0.65819
vt 0.50875 0.64191
vt 0.5585 0.63616
vt 0.55407 0.66102
vt 0.51346 0.6599
vt 0.46762 0.70129
vt 0.47596 0.73321
vt 0.42881 0.79043
vt 0.39116 0.78883
vt 0.38857 0.80259
vt 0.61977 0.65842
vt 0.55821 0.68929
vt 0.52719 0.69042
vt 0.51866 0.75481
vt 0.46545 0.78932
vt 0.44175 0.79712
vt 0.44746 0.8069
vt 0.39226 0.8151
vt 0.39597 0.82932
vt 0.45224 0.81903
vt 0.40195 0.8652
vt 0.45452 0.86106
vt 0.47435 0.82632
vt 0.46841 0.79729
vt 0.46937 0.80958
vt 0.49978 0.78926
vt 0.49875 0.79837
vt 0.49896 0.80887
vt 0.50223 0.82677
vt 0.4754 0.86557
vt 0.45248 0.89987
vt 0.39843 0.90176
vt 0.40708 0.93022
vt 0.37673 0.93689
vt 0.44971 0.92894
vt 0.46951 0.90088
vt 0.50627 0.86575
vt 0.57042 0.83386
vt 0.5719 0.81282
vt 0.66446 0.68369
vt 0.66275 0.74777
vt 0.64433 0.75568
vt 0.6245 0.78795
vt 0.57541 0.80064
vt 0.57906 0.78362
vt 0.62734 0.75334
vt 0.66893 0.63219
vt 0.66198 0.65534
vt 0.6438 0.6326
vt 0.559 0.73645
vt 0.62305 0.7054
vt 0.64561 0.68306
vt 0.64297 0.6574
vt 0.61996 0.63263
vt 0.64411 0.633
vt 0.6537 0.63378
vt 0.67798 0.63154
vt 0.46365 0.63546
vt 0.49046 0.64165
vt 0.52942 0.63863
vt 0.10746 0.78777
vt 0.09552 0.81001
vt 0.10587 0.8122
vt 0.10229 0.82767
vt 0.09419 0.82701
vt 0.07933 0.8099
vt 0.06658 0.79725
vt 0.1022 0.85328
vt 0.10603 0.83089
vt 0.09254 0.85384
vt 0.10943 0.81443
vt 0.07146 0.8548
vt 0.07883 0.82876
vt 0.0609 0.80944
vt 0.03909 0.77567
vt 0.01585 0.75896
vt 0.01127 0.74918
vt 0.02139 0.77746
vt 0.02532 0.78447
vt 0.02876 0.79896
vt 0.04541 0.79981
vt 0.03829 0.81661
vt 0.05853 0.83352
vt 0.03323 0.82526
vt 0.04257 0.83684
vt 0.03388 0.79617
vt 0.03218 0.80821
vt 0.01059 0.76007
vt 0.02213 0.81402
vt 0.04537 0.8539
vt 0.0363 0.83741
vt 0.03993 0.85514
vt 0.02672 0.82865
vt 0.01587 0.81412
vt 0.01287 0.80366
vt 0.01247 0.7925
vt 0.0075 0.78453
vt 0.0089 0.77447
vt 0.00606 0.76138
vt 0.00844 0.75111
vt 0.00783 0.74798
vt 0.00977 0.53277
vt 0.00977 0.54275
vt 0.04187 0.53242
vt 0.04149 0.54068
vt 0.03969 0.55181
vt 0.08421 0.54618
vt 0.10243 0.5551
vt 0.07194 0.57166
vt 0.08713 0.58267
vt 0.11537 0.55583
vt 0.11399 0.57752
vt 0.12896 0.58028
vt 0.12866 0.56238
vt 0.13946 0.54809
vt 0.11746 0.54431
vt 0.01408 0.56676
vt 0.01122 0.55439
vt 0.08493 0.53205
vt 0.13974 0.56639
vt 0.16208 0.56393
vt 0.14581 0.58316
vt 0.18748 0.57863
vt 0.1845 0.56929
vt 0.21499 0.57644
vt 0.27466 0.55181
vt 0.25673 0.57166
vt 0.29186 0.56675
vt 0.29439 0.55437
vt 0.11748 0.53229
vt 0.13946 0.53255
vt 0.17745 0.53229
vt 0.17748 0.54431
vt 0.18108 0.55583
vt 0.21137 0.5551
vt 0.24175 0.54618
vt 0.27362 0.54067
vt 0.29508 0.54275
vt 0.31905 0.56705
vt 0.24268 0.53236
vt 0.35022 0.53277
vt 0.31861 0.53721
vt 0.35022 0.54275
vt 0.3186 0.55043
vt 0.35169 0.55442
vt 0.35454 0.56673
vt 0.29508 0.53277
vt 0.27336 0.53242
vt 0.46465 0.58941
vt 0.46251 0.60053
vt 0.45987 0.60483
vt 0.45914 0.62245
vt 0.46661 0.57531
vt 0.46205 0.59052
vt 0.44954 0.60785
vt 0.44565 0.62648
vt 0.46724 0.55656
vt 0.46629 0.55196
vt 0.46582 0.54427
vt 0.46644 0.5504
vt 0.46775 0.56274
vt 0.46227 0.57915
vt 0.44993 0.59021
vt 0.43221 0.62596
vt 0.46464 0.52488
vt 0.46453 0.52889
vt 0.46289 0.52121
vt 0.46488 0.53096
vt 0.4657 0.5369
vt 0.46518 0.54175
vt 0.4629 0.54456
vt 0.42918 0.5895
vt 0.45552 0.52098
vt 0.458 0.51778
vt 0.45807 0.51746
vt 0.45937 0.51718
vt 0.46173 0.51775
vt 0.45988 0.51885
vt 0.45969 0.54403
vt 0.45764 0.54341
vt 0.45918 0.54125
vt 0.45691 0.53684
vt 0.45869 0.53061
vt 0.45684 0.53022
vt 0.45844 0.52789
vt 0.4558 0.52412
vt 0.45746 0.52055
vt 0.46008 0.52092
vt 0.46342 0.5216
vt 0.46259 0.5405
vt 0.46172 0.5313
vt 0.46154 0.52752
vt 0.95541 0.49987
vt 0.94476 0.51703
vt 0.94581 0.48207
vt 0.71927 0.46525
vt 0.70484 0.46899
vt 0.70299 0.52587
vt 0.71836 0.49049
vt 0.72734 0.44674
vt 0.7136 0.41669
vt 0.69668 0.40527
vt 0.69742 0.34767
vt 0.68519 0.34178
vt 0.72958 0.40522
vt 0.24587 0.5677
vt 0.16753 0.27486
vt 0.16745 0.27363
vt 0.19746 0.28412
vt 0.1993 0.28328
vt 0.20114 0.28244
vt 0.16736 0.27241
vt 0.117 0.29403
vt 0.11979 0.29532
vt 0.12258 0.2966
vt 0.04303 0.83658
vt 0.03628 0.83716
vt 0.10219 0.85276
vt 0.09238 0.85381
vt 0.1023 0.82767
vt 0.04569 0.85553
vt 0.97908 0.26663
vt 0.95256 0.26679
vt 0.984 0.22781
vt 0.9913 0.3228
vt 0.95176 0.31714
vt 0.98433 0.34434
vt 0.95623 0.33807
vt 0.98215 0.34975
vt 0.96188 0.35126
vt 0.98115 0.35223
vt 0.96381 0.35577
vt 0.98016 0.3547
vt 0.96574 0.36028
vt 0.91473 0.39387
vt 0.91839 0.40723
vt 0.91107 0.38051
vt 0.91114 0.34733
vt 0.91606 0.31159
vt 0.59161 0.52018
vt 0.58012 0.48627
vt 0.5913 0.49311
vt 0.5903 0.52832
vt 0.61131 0.53397
vt 0.61143 0.53646
vt 0.6461 0.54113
vt 0.64618 0.54608
vt 0.68119 0.53293
vt 0.67043 0.51178
vt 0.64639 0.51449
vt 0.66914 0.51108
vt 0.64643 0.51319
vt 0.62389 0.51025
vt 0.62254 0.51091
vt 0.68753 0.51145
vt 0.68064 0.50191
vt 0.6702 0.48319
vt 0.66795 0.49806
vt 0.64631 0.49921
vt 0.62481 0.49637
vt 0.61281 0.50067
vt 0.60634 0.51064
vt 0.59995 0.49232
vt 0.59246 0.45325
vt 0.57293 0.44572
vt 0.61853 0.34725
vt 0.62932 0.34683
vt 0.61512 0.40709
vt 0.59668 0.39647
vt 0.60241 0.4573
vt 0.5839 0.41539
vt 0.58541 0.37735
vt 0.60236 0.34632
vt 0.64978 0.29265
vt 0.63204 0.34579
vt 0.61906 0.40658
vt 0.61015 0.44801
vt 0.60988 0.48047
vt 0.62276 0.48479
vt 0.62214 0.45009
vt 0.62348 0.40648
vt 0.63645 0.34569
vt 0.69664 0.34759
vt 0.72992 0.40505
vt 0.70166 0.39768
vt 0.68042 0.34808
vt 0.6695 0.34736
vt 0.66679 0.34625
vt 0.663 0.34614
vt 0.6787 0.40739
vt 0.67332 0.40727
vt 0.68514 0.44937
vt 0.6705 0.45143
vt 0.68427 0.48183
vt 0.6945 0.49292
vt 0.70339 0.49311
vt 0.70218 0.5173
vt 0.68182 0.40778
vt 0.70223 0.45325
vt 0.69256 0.45803
vt 0.72232 0.44657
vt 0.71284 0.4168
vt 0.68131 0.5374
vt 0.6602 0.29239
vt 0.71447 0.48703
vt 0.64633 0.2922
vt 0.60148 0.34638
vt 0.57191 0.39662
vt 0.57163 0.39721
vt 0.58356 0.41495
vt 0.58489 0.37671
vt 0.56878 0.44461
vt 0.57594 0.48858
vt 0.59048 0.46745
vt 0.60084 0.40398
vt 0.61364 0.34082
vt 0.11547 0.60567
vt 0.15164 0.60236
vt 0.07303 0.62221
vt 0.17922 0.62286
vt 0.17925 0.59885
vt 0.19905 0.62293
vt 0.20715 0.59415
vt 0.22495 0.62222
vt 0.22609 0.59333
vt 0.24649 0.59324
vt 0.26121 0.62014
vt 0.27644 0.61933
vt 0.2882 0.61997
vt 0.27837 0.59769
vt 0.31412 0.60538
vt 0.30104 0.62091
vt 0.33741 0.60552
vt 0.31826 0.62221
vt 0.3607 0.60567
vt 0.78015 0.26906
vt 0.78752 0.20083
vt 0.81938 0.19937
vt 0.77936 0.1712
vt 0.81211 0.17489
vt 0.8135 0.13394
vt 0.83681 0.13294
vt 0.8642 0.1287
vt 0.86422 0.07167
vt 0.88824 0.06751
vt 0.89159 0.12447
vt 0.86516 0.17195
vt 0.88901 0.16991
vt 0.86655 0.19616
vt 0.88289 0.19494
vt 0.85021 0.19737
vt 0.84686 0.21376
vt 0.82003 0.2155
vt 0.84131 0.17399
vt 0.81486 0.23102
vt 0.84762 0.23
vt 0.86494 0.21471
vt 0.8661 0.22855
vt 0.88303 0.21565
vt 0.88459 0.2271
vt 0.90214 0.21732
vt 0.90344 0.19719
vt 0.92399 0.19944
vt 0.92125 0.21898
vt 0.9495 0.19904
vt 0.95009 0.21461
vt 0.98242 0.21014
vt 0.94685 0.23061
vt 0.91736 0.26401
vt 0.90166 0.31855
vt 0.89719 0.36007
vt 0.89833 0.38869
vt 0.84279 0.2655
vt 0.81049 0.26852
vt 0.77456 0.29606
vt 0.80941 0.29378
vt 0.80836 0.31842
vt 0.8471 0.31608
vt 0.86278 0.26231
vt 0.88277 0.25912
vt 0.90287 0.22785
vt 0.92116 0.22859
vt 0.89931 0.26145
vt 0.85567 0.35224
vt 0.86526 0.31635
vt 0.87009 0.3628
vt 0.86908 0.39138
vt 0.83375 0.37146
vt 0.88341 0.31661
vt 0.88359 0.36136
vt 0.8837 0.39118
vt 0.86924 0.4007
vt 0.82898 0.38009
vt 0.81869 0.35273
vt 0.76963 0.31989
vt 0.74395 0.29337
vt 0.89875 0.39787
vt 0.88398 0.40099
vt 0.88425 0.4108
vt 0.89917 0.40705
vt 0.81669 0.39938
vt 0.86939 0.41002
vt 0.86832 0.42123
vt 0.89972 0.41812
vt 0.88397 0.42291
vt 0.80106 0.36917
vt 0.80988 0.36095
vt 0.7888 0.34534
vt 0.74131 0.32057
vt 0.78771 0.34991
vt 0.78825 0.34762
vt 0.74455 0.34141
vt 0.71483 0.34975
vt 0.71702 0.34434
vt 0.72399 0.3228
vt 0.79019 0.13494
vt 0.90917 0.07035
vt 0.9301 0.07318
vt 0.94608 0.07648
vt 0.96207 0.07977
vt 0.94971 0.13005
vt 0.96705 0.12851
vt 0.97979 0.17644
vt 0.94969 0.1773
vt 0.9828 0.1964
vt 0.92913 0.17145
vt 0.93237 0.13158
vt 0.91198 0.12802
vt 0.90907 0.17068
vt 0.44477 0.51278
vt 0.4473 0.50787
vt 0.448 0.51005
vt 0.44546 0.50848
vt 0.45284 0.52573
vt 0.40642 0.59147
vt 0.093 0.71518
vt 0.0907 0.7109
vt 0.08774 0.71042
vt 0.08902 0.71485
vt 0.08419 0.70885
vt 0.08452 0.7435
vt 0.08377 0.73444
vt 0.08358 0.71809
vt 0.0806 0.71292
vt 0.0841 0.71411
vt 0.09015 0.71899
vt 0.09638 0.75293
vt 0.09062 0.74426
vt 0.1003 0.7572
vt 0.1001 0.74508
vt 0.10249 0.74851
vt 0.09904 0.73824
vt 0.10172 0.74072
vt 0.0992 0.73204
vt 0.10103 0.73515
vt 0.09712 0.72611
vt 0.10081 0.73087
vt 0.0969 0.72483
vt 0.09982 0.72765
vt 0.10447 0.73181
vt 0.10533 0.7356
vt 0.10645 0.74113
vt 0.10674 0.74914
vt 0.10674 0.75721
vt 0.10745 0.72763
vt 0.10545 0.72435
vt 0.10326 0.72479
vt 0.10908 0.72866
vt 0.10366 0.72909
vt 0.10074 0.72292
vt 0.10946 0.73396
vt 0.1107 0.73959
vt 0.1114 0.74581
vt 0.11185 0.75419
vt 0.11142 0.7607
vt 0.11 0.77023
vt 0.10994 0.78969
vt 0.6161 0.59132
vt 0.60592 0.60873
vt 0.60607 0.57384
vt 0.10776 0.72705
vt 0.10349 0.72916
vt 0.10473 0.72342
vt 0.09859 0.72929
vt 0.09961 0.72463
vt 0.1022 0.72555
vt 0.11054 0.76877
vt 0.11048 0.78812
vt 0.10631 0.82943
vt 0.1807 0.45133
vt 0.18058 0.43053
vt 0.14832 0.45204
vt 0.14679 0.42918
vt 0.17903 0.41034
vt 0.14162 0.40397
vt 0.13734 0.36685
vt 0.39547 0.59848
vt 0.40204 0.60699
vt 0.40734 0.6201
vt 0.40535 0.60632
vt 0.44564 0.62651
vt 0.38037 0.59111
vt 0.38688 0.59966
vt 0.46031 0.60452
vt 0.44941 0.60786
vt 0.45907 0.62254
vt 0.46034 0.61571
vt 0.46223 0.60057
vt 0.57228 0.342
vt 0.53392 0.36168
vt 0.5507 0.3398
vt 0.55931 0.30679
vt 0.5809 0.309
vt 0.57498 0.27002
vt 0.4914 0.43085
vt 0.51483 0.39683
vt 0.51571 0.44543
vt 0.47794 0.41277
vt 0.47144 0.42752
vt 0.44815 0.42363
vt 0.44763 0.40405
vt 0.4799 0.36857
vt 0.45378 0.36366
vt 0.49348 0.31611
vt 0.47936 0.2951
vt 0.5045 0.28289
vt 0.53539 0.31196
vt 0.5425 0.27792
vt 0.52858 0.34352
vt 0.37154 0.33127
vt 0.3689 0.3755
vt 0.35696 0.37431
vt 0.35599 0.38618
vt 0.34142 0.38747
vt 0.3682 0.38511
vt 0.05398 0.46074
vt 0.0721 0.45329
vt 0.07017 0.46392
vt 0.09903 0.43715
vt 0.09426 0.39947
vt 0.12107 0.43347
vt 0.11389 0.39936
vt 0.12606 0.45541
vt 0.09949 0.45943
vt 0.07316 0.39958
vt 0.08368 0.36024
vt 0.05266 0.34977
vt 0.06548 0.31482
vt 0.04674 0.31177
vt 0.03813 0.28387
vt 0.07347 0.2866
vt 0.00984 0.3171
vt 0.01065 0.26555
vt 0.02348 0.30876
vt 0.03015 0.3442
vt 0.01456 0.3613
vt 0.04693 0.36608
vt 0.01918 0.38415
vt 0.03684 0.24398
vt 0.03993 0.28492
vt 0.0514 0.25343
vt 0.07051 0.24729
vt 0.0725 0.28592
vt 0.08223 0.28623
vt 0.08573 0.28681
vt 0.08259 0.24317
vt 0.1895 0.37824
vt 0.21284 0.3851
vt 0.20958 0.35402
vt 0.06516 0.1215
vt 0.06675 0.10195
vt 0.08412 0.1009
vt 0.08358 0.12103
vt 0.06387 0.14505
vt 0.08163 0.14495
vt 0.07951 0.16959
vt 0.12554 0.17456
vt 0.08349 0.19045
vt 0.12124 0.18998
vt 0.11605 0.20915
vt 0.16615 0.21396
vt 0.16248 0.24717
vt 0.20401 0.25102
vt 0.16301 0.25581
vt 0.20251 0.25539
vt 0.20101 0.25975
vt 0.22594 0.24921
vt 0.22709 0.26098
vt 0.24963 0.25233
vt 0.01092 0.21883
vt 0.01335 0.21879
vt 0.01013 0.24806
vt 0.0134 0.19977
vt 0.01115 0.19889
vt 0.01354 0.18473
vt 0.01106 0.18453
vt 0.01356 0.16781
vt 0.01112 0.16774
vt 0.01345 0.14504
vt 0.011 0.14506
vt 0.01338 0.12437
vt 0.01093 0.12465
vt 0.01322 0.10804
vt 0.01077 0.10808
vt 0.01136 0.09354
vt 0.04938 0.10301
vt 0.04674 0.12197
vt 0.04612 0.14516
vt 0.06265 0.1912
vt 0.06227 0.16801
vt 0.04503 0.16642
vt 0.04181 0.19196
vt 0.08309 0.20144
vt 0.06223 0.20156
vt 0.08255 0.21646
vt 0.06163 0.21618
vt 0.0407 0.21589
vt 0.04136 0.20169
vt 0.01163 0.24808
vt 0.16354 0.26446
vt 0.12486 0.26836
vt 0.1201 0.25663
vt 0.11534 0.24491
vt 0.11199 0.3698
vt 0.1086 0.31617
vt 0.09464 0.31956
vt 0.23871 0.2751
vt 0.25018 0.27093
vt 0.25769 0.31325
vt 0.22725 0.27928
vt 0.20844 0.30379
vt 0.29052 0.37145
vt 0.29035 0.34175
vt 0.31988 0.37182
vt 0.25838 0.34413
vt 0.23593 0.34679
vt 0.23352 0.30904
vt 0.22131 0.30506
vt 0.21833 0.34987
vt 0.29052 0.38448
vt 0.26824 0.38876
vt 0.25559 0.3881
vt 0.22505 0.38618
vt 0.23962 0.38747
vt 0.3128 0.38876
vt 0.32545 0.3881
vt 0.34333 0.37294
vt 0.36303 0.34987
vt 0.3593 0.30506
vt 0.36928 0.30277
vt 0.38371 0.28791
vt 0.34519 0.34679
vt 0.3225 0.34413
vt 0.34779 0.30904
vt 0.32321 0.31325
vt 0.29037 0.31315
vt 0.2904 0.2748
vt 0.33091 0.27093
vt 0.35418 0.27928
vt 0.36667 0.28186
vt 0.24936 0.24304
vt 0.29044 0.25349
vt 0.38526 0.26614
vt 0.35429 0.26098
vt 0.33055 0.25279
vt 0.29045 0.24284
vt 0.24909 0.23374
vt 0.22655 0.24238
vt 0.2124 0.20024
vt 0.16725 0.18883
vt 0.1687 0.17179
vt 0.23022 0.19927
vt 0.23516 0.16152
vt 0.21888 0.15836
vt 0.21704 0.13439
vt 0.21399 0.17668
vt 0.21319 0.18854
vt 0.23111 0.18969
vt 0.24805 0.19829
vt 0.29047 0.23219
vt 0.33037 0.24372
vt 0.36599 0.256
vt 0.29053 0.19674
vt 0.33019 0.23465
vt 0.32946 0.19769
vt 0.29058 0.18902
vt 0.24903 0.19084
vt 0.25 0.1834
vt 0.232 0.18004
vt 0.33199 0.18686
vt 0.35394 0.24283
vt 0.38147 0.25858
vt 0.3532 0.19734
vt 0.3537 0.18581
vt 0.33452 0.17604
vt 0.29063 0.18129
vt 0.25144 0.16468
vt 0.25233 0.13975
vt 0.23468 0.13707
vt 0.25249 0.10988
vt 0.23517 0.10872
vt 0.2545 0.08013
vt 0.23466 0.07933
vt 0.37768 0.25102
vt 0.37695 0.19699
vt 0.3542 0.17428
vt 0.41285 0.19525
vt 0.37541 0.18476
vt 0.37388 0.17252
vt 0.35652 0.15694
vt 0.34267 0.15562
vt 0.29044 0.1584
vt 0.29024 0.14031
vt 0.33392 0.13721
vt 0.34978 0.13798
vt 0.37037 0.15826
vt 0.45829 0.1838
vt 0.51959 0.17782
vt 0.51983 0.18757
vt 0.46 0.19366
vt 0.41182 0.18517
vt 0.41079 0.17508
vt 0.42054 0.24898
vt 0.48124 0.25002
vt 0.52049 0.21687
vt 0.51398 0.24795
vt 0.45847 0.26836
vt 0.41915 0.25934
vt 0.54521 0.21705
vt 0.54442 0.2498
vt 0.54346 0.26386
vt 0.50924 0.26542
vt 0.46179 0.27764
vt 0.41777 0.26971
vt 0.41515 0.27623
vt 0.46511 0.28692
vt 0.54457 0.18577
vt 0.54484 0.1989
vt 0.5772 0.22126
vt 0.5764 0.25059
vt 0.57742 0.20125
vt 0.51935 0.16806
vt 0.54414 0.16466
vt 0.57734 0.18685
vt 0.57774 0.09589
vt 0.57705 0.11015
vt 0.5739 0.07819
vt 0.5774 0.17001
vt 0.54743 0.1061
vt 0.54516 0.13144
vt 0.5772 0.12677
vt 0.57728 0.14725
vt 0.5447 0.14641
vt 0.50954 0.14463
vt 0.46092 0.14749
vt 0.45659 0.17394
vt 0.41001 0.1535
vt 0.40909 0.12941
vt 0.36564 0.13875
vt 0.36486 0.10577
vt 0.34666 0.10796
vt 0.37062 0.07889
vt 0.34981 0.07872
vt 0.51217 0.10479
vt 0.51219 0.12465
vt 0.4638 0.12859
vt 0.45917 0.09715
vt 0.51107 0.07473
vt 0.45647 0.07381
vt 0.42016 0.0964
vt 0.41994 0.07613
vt 0.41968 0.04527
vt 0.45688 0.04295
vt 0.51011 0.04305
vt 0.54992 0.043
vt 0.54806 0.07561
vt 0.5716 0.0782
vt 0.57179 0.04403
vt 0.57317 0.04408
vt 0.57186 0.01426
vt 0.28981 0.01732
vt 0.32901 0.01697
vt 0.28981 0.04804
vt 0.32901 0.04769
vt 0.34982 0.01714
vt 0.34982 0.04785
vt 0.37063 0.01731
vt 0.37063 0.04802
vt 0.41968 0.01456
vt 0.45688 0.01223
vt 0.51011 0.01234
vt 0.55339 0.01302
vt 0.28979 0.0789
vt 0.329 0.07855
vt 0.32845 0.11016
vt 0.2903 0.11008
vt 0.25451 0.04927
vt 0.05339 0.04196
vt 0.01372 0.04404
vt 0.01355 0.01333
vt 0.05157 0.01125
vt 0.07249 0.01124
vt 0.0753 0.04195
vt 0.09342 0.01123
vt 0.09722 0.04195
vt 0.12812 0.01386
vt 0.12812 0.04457
vt 0.16849 0.01364
vt 0.16849 0.04435
vt 0.21483 0.01696
vt 0.21483 0.04767
vt 0.23467 0.01776
vt 0.23467 0.04847
vt 0.25451 0.01856
vt 0.21482 0.07854
vt 0.16849 0.07522
vt 0.12812 0.07543
vt 0.05146 0.0732
vt 0.0139 0.07733
vt 0.07244 0.073
vt 0.09342 0.07281
vt 0.12907 0.10081
vt 0.17091 0.10335
vt 0.21785 0.10755
vt 0.12754 0.12465
vt 0.17377 0.12781
vt 0.17107 0.15265
vt 0.12679 0.14696
vt 0.0129 0.0782
vt 0.01247 0.0434
vt 0.00895 0.07712
vt 0.00747 0.0782
usemtl mat2
f 2027/2015/2107 2028/2016/2108 2029/2017/2109
f 2028/2016/2108 2030/2018/2110 2029/2017/2109
f 2029/2017/2109 2030/2018/2110 2031/2019/2111
f 2030/2018/2110 2032/2020/2112 2031/2019/2111
f 2031/2019/2111 2032/2020/2112 2033/2021/2113
f 2032/2020/2112 2034/2022/2114 2033/2021/2113
f 2034/2022/2114 2035/2023/2115 2033/2021/2113
f 2035/2023/2115 2036/2024/2116 2033/2021/2113
f 2031/2019/2111 2033/2021/2113 2036/2024/2116
f 2037/2025/2117 2031/2019/2111 2036/2024/2116
f 2031/2019/2111 2037/2025/2117 2038/2026/2118
f 2037/2025/2117 2039/2027/2119 2038/2026/2118
f 2040/2028/2120 2038/2026/2118 2039/2027/2119
f 2041/2029/2121 2040/2028/2120 2039/2027/2119
f 2042/2030/2122 2040/2028/2120 2041/2029/2121
f 2043/2031/2123 2042/2030/2122 2041/2029/2121
f 2044/2032/2124 2042/2030/2122 2043/2031/2123
f 2045/2033/2125 2044/2032/2124 2043/2031/2123
f 2031/2019/2111 2038/2026/2118 2029/2017/2109
f 2027/2015/2107 2029/2017/2109 2038/2026/2118
f 2040/2028/2120 2027/2015/2107 2038/2026/2118
f 2046/2034/2126 2027/2015/2107 2040/2028/2120
f 2042/2030/2122 2046/2034/2126 2040/2028/2120
f 2047/2035/2127 2046/2034/2126 2042/2030/2122
f 2044/2032/2124 2047/2035/2127 2042/2030/2122
f 2048/2036/2128 2047/2035/2127 2044/2032/2124
f 2048/2036/2128 2049/2037/2129 2047/2035/2127
f 2049/2037/2129 2050/2038/2130 2047/2035/2127
f 2047/2035/2127 2050/2038/2130 2046/2034/2126
f 2050/2038/2130 2051/2039/2131 2046/2034/2126
f 2046/2034/2126 2051/2039/2131 2027/2015/2107
f 2051/2039/2131 2028/2016/2108 2027/2015/2107
f 2052/2040/2132 2053/2041/2133 2054/2042/2134
f 2055/2043/2135 2052/2040/2132 2054/2042/2134
f 2056/2044/2136 2052/2040/2132 2055/2043/2135
f 2057/2045/2137 2056/2044/2136 2055/2043/2135
f 2058/2046/2138 2056/2044/2136 2057/2045/2137
f 2059/2047/2139 2058/2046/2138 2057/2045/2137
f 2060/2048/2140 2058/2046/2138 2059/2047/2139
f 2061/2049/2141 2060/2048/2140 2059/2047/2139
f 2062/2050/2142 2060/2048/2140 2061/2049/2141
f 2063/2051/2143 2062/2050/2142 2061/2049/2141
f 2062/2050/2142 2063/2051/2143 2064/2052/2144
f 2064/2052/2144 2063/2051/2143 2065/2053/2145
f 2065/2053/2145 2066/2054/2146 2064/2052/2144
f 2065/2053/2145 2067/2055/2147 2066/2054/2146
f 2067/2055/2147 2065/2053/2145 2068/2056/2148
f 2067/2055/2147 2068/2056/2148 2069/2057/2149
f 2069/2057/2149 2068/2056/2148 2070/2058/2150
f 2070/2058/2150 2068/2056/2148 2071/2059/2151
f 2068/2056/2148 2072/2060/2152 2071/2059/2151
f 2071/2059/2151 2072/2060/2152 2073/2061/2153
f 2072/2060/2152 2074/2062/2154 2073/2061/2153
f 2073/2061/2153 2074/2062/2154 2075/2063/2155
f 2074/2062/2154 2076/2064/2156 2075/2063/2155
f 2075/2063/2155 2076/2064/2156 2077/2065/2157
f 2076/2064/2156 2078/2066/2158 2077/2065/2157
f 2077/2065/2157 2078/2066/2158 2079/2067/2159
f 2078/2066/2158 2080/2068/2160 2079/2067/2159
f 2079/2067/2159 2080/2068/2160 2081/2069/2161
f 2054/2042/2134 2082/2070/2162 2083/2071/2163
f 2083/2071/2163 2082/2070/2162 2084/2072/2164
f 2063/2051/2143 2068/2056/2148 2065/2053/2145
f 2068/2056/2148 2063/2051/2143 2072/2060/2152
f 2063/2051/2143 2061/2049/2141 2072/2060/2152
f 2072/2060/2152 2061/2049/2141 2074/2062/2154
f 2061/2049/2141 2059/2047/2139 2074/2062/2154
f 2074/2062/2154 2059/2047/2139 2076/2064/2156
f 2059/2047/2139 2057/2045/2137 2076/2064/2156
f 2076/2064/2156 2057/2045/2137 2078/2066/2158
f 2057/2045/2137 2055/2043/2135 2078/2066/2158
f 2078/2066/2158 2055/2043/2135 2080/2068/2160
f 2055/2043/2135 2054/2042/2134 2080/2068/2160
f 2080/2068/2160 2054/2042/2134 2083/2071/2163
f 2080/2068/2160 2083/2071/2163 2081/2069/2161
f 2081/2069/2161 2083/2071/2163 2084/2072/2164
f 2085/2070/2165 2081/2069/2161 2084/2072/2164
f 2082/2070/2162 2085/2070/2165 2084/2072/2164
f 2053/2041/2133 2085/2070/2165 2082/2070/2162
f 2054/2042/2134 2053/2041/2133 2082/2070/2162
f 2086/2073/2166 2087/2074/2167 2088/2075/2168
f 2089/2076/2169 2090/2077/2170 2087/2074/2167
f 2087/2074/2167 2090/2077/2170 2088/2075/2168
f 2090/2077/2170 2091/2078/2171 2088/2075/2168
f 2091/2078/2171 2086/2073/2166 2088/2075/2168
f 2092/2079/2172 2086/2073/2166 2091/2078/2171
f 2093/2080/2173 2092/2079/2172 2091/2078/2171
f 2094/2081/2174 2092/2079/2172 2093/2080/2173
f 2095/2082/2175 2094/2081/2174 2093/2080/2173
f 2096/2083/2176 2094/2081/2174 2095/2082/2175
f 2097/2084/2177 2096/2083/2176 2095/2082/2175
f 2098/2085/2178 2096/2083/2176 2097/2084/2177
f 2099/2086/2179 2098/2085/2178 2097/2084/2177
f 2100/2087/2180 2098/2085/2178 2099/2086/2179
f 2101/2088/2181 2100/2087/2180 2099/2086/2179
f 2102/2089/2182 2100/2087/2180 2101/2088/2181
f 2103/2090/2183 2102/2089/2182 2101/2088/2181
f 2103/2090/2183 2104/2091/2184 2102/2089/2182
f 2104/2091/2184 2103/2090/2183 2105/2092/2185
f 2104/2091/2184 2106/2093/2186 2102/2089/2182
f 2106/2093/2186 2104/2091/2184 2107/2094/2187
f 2108/2095/2188 2107/2094/2187 2104/2091/2184
f 2108/2095/2188 2104/2091/2184 2105/2092/2185
f 2108/2095/2188 2105/2092/2185 2109/2096/2189
f 2109/2096/2189 2105/2092/2185 2110/2097/2190
f 2105/2092/2185 2103/2090/2183 2110/2097/2190
f 2110/2097/2190 2103/2090/2183 2111/2098/2191
f 2103/2090/2183 2101/2088/2181 2111/2098/2191
f 2111/2098/2191 2101/2088/2181 2112/2099/2192
f 2101/2088/2181 2099/2086/2179 2112/2099/2192
f 2112/2099/2192 2099/2086/2179 2113/2100/2193
f 2099/2086/2179 2097/2084/2177 2113/2100/2193
f 2113/2100/2193 2097/2084/2177 2114/2101/2194
f 2097/2084/2177 2095/2082/2175 2114/2101/2194
f 2114/2101/2194 2095/2082/2175 2089/2076/2169
f 2095/2082/2175 2093/2080/2173 2089/2076/2169
f 2089/2076/2169 2093/2080/2173 2090/2077/2170
f 2093/2080/2173 2091/2078/2171 2090/2077/2170
f 2066/2054/2146 2115/2102/2195 2107/2094/2187
f 2108/2095/2188 2066/2054/2146 2107/2094/2187
f 2066/2054/2146 2108/2095/2188 2064/2052/2144
f 2064/2052/2144 2108/2095/2188 2109/2096/2189
f 2064/2052/2144 2109/2096/2189 2116/2103/2196
f 2109/2096/2189 2110/2097/2190 2116/2103/2196
f 2116/2103/2196 2110/2097/2190 2117/2104/2197
f 2117/2104/2197 2110/2097/2190 2118/2105/2198
f 2110/2097/2190 2111/2098/2191 2118/2105/2198
f 2118/2105/2198 2111/2098/2191 2119/2106/2199
f 2111/2098/2191 2112/2099/2192 2119/2106/2199
f 2119/2106/2199 2112/2099/2192 2120/2107/2200
f 2112/2099/2192 2113/2100/2193 2120/2107/2200
f 2120/2107/2200 2113/2100/2193 2121/2108/2201
f 2113/2100/2193 2114/2101/2194 2121/2108/2201
f 2121/2108/2201 2114/2101/2194 2122/2109/2202
f 2114/2101/2194 2089/2076/2169 2122/2109/2202
f 2122/2109/2202 2089/2076/2169 2087/2074/2167
f 2116/2103/2196 2062/2050/2142 2064/2052/2144
f 2123/2110/2203 2124/2111/2204 2125/2112/2205
f 2126/2113/2206 2127/2114/2207 2128/2115/2208
f 2127/2114/2207 2126/2113/2206 2129/2116/2209
f 2130/2117/2210 2127/2114/2207 2129/2116/2209
f 2130/2117/2210 2131/2118/2211 2127/2114/2207
f 2130/2117/2210 2129/2116/2209 2131/2118/2211
f 2129/2116/2209 2132/2119/2212 2131/2118/2211
f 2129/2116/2209 2133/2120/2213 2132/2119/2212
f 2134/2121/2214 2133/2120/2213 2129/2116/2209
f 2125/2112/2205 2134/2121/2214 2129/2116/2209
f 2125/2112/2205 2129/2116/2209 2126/2113/2206
f 2123/2110/2203 2125/2112/2205 2126/2113/2206
f 2126/2113/2206 2128/2115/2208 2123/2110/2203
f 2123/2110/2203 2128/2115/2208 2135/2122/2215
f 2135/2122/2215 2128/2115/2208 2136/2123/2216
f 2128/2115/2208 2137/2124/2217 2136/2123/2216
f 2136/2123/2216 2137/2124/2217 2138/2125/2218
f 2137/2124/2217 2139/2126/2219 2138/2125/2218
f 2138/2125/2218 2139/2126/2219 2140/2127/2220
f 2139/2126/2219 2141/2128/2221 2140/2127/2220
f 2140/2127/2220 2141/2128/2221 2142/2129/2222
f 2141/2128/2221 2143/2130/2223 2142/2129/2222
f 2142/2129/2222 2143/2130/2223 2144/2131/2224
f 2143/2130/2223 2145/2132/2225 2144/2131/2224
f 2144/2131/2224 2145/2132/2225 2146/2133/2226
f 2145/2132/2225 2147/2134/2227 2146/2133/2226
f 2146/2133/2226 2147/2134/2227 2148/2135/2228
f 2149/2136/2229 2146/2133/2226 2148/2135/2228
f 2150/2137/2230 2149/2136/2229 2148/2135/2228
f 2147/2134/2227 2150/2137/2230 2148/2135/2228
f 2151/2138/2231 2150/2137/2230 2147/2134/2227
f 2145/2132/2225 2151/2138/2231 2147/2134/2227
f 2152/2139/2232 2153/2140/2233 2069/2057/2149
f 2153/2140/2233 2154/2141/2234 2069/2057/2149
f 2154/2141/2234 2067/2055/2147 2069/2057/2149
f 2067/2055/2147 2154/2141/2234 2155/2142/2235
f 2067/2055/2147 2155/2142/2235 2066/2054/2146
f 2066/2054/2146 2155/2142/2235 2115/2102/2195
f 2156/2143/2236 2151/2138/2231 2145/2132/2225
f 2143/2130/2223 2156/2143/2236 2145/2132/2225
f 2157/2144/2237 2156/2143/2236 2143/2130/2223
f 2141/2128/2221 2157/2144/2237 2143/2130/2223
f 2158/2145/2238 2157/2144/2237 2141/2128/2221
f 2139/2126/2219 2158/2145/2238 2141/2128/2221
f 2159/2146/2239 2158/2145/2238 2139/2126/2219
f 2137/2124/2217 2159/2146/2239 2139/2126/2219
f 2153/2140/2233 2159/2146/2239 2137/2124/2217
f 2128/2115/2208 2153/2140/2233 2137/2124/2217
f 2153/2140/2233 2128/2115/2208 2154/2141/2234
f 2128/2115/2208 2127/2114/2207 2154/2141/2234
f 2154/2141/2234 2127/2114/2207 2155/2142/2235
f 2131/2118/2211 2155/2142/2235 2127/2114/2207
f 2155/2142/2235 2131/2118/2211 2115/2102/2195
f 2115/2102/2195 2131/2118/2211 2160/2147/2240
f 2115/2102/2195 2160/2147/2240 2161/2148/2241
f 2107/2094/2187 2115/2102/2195 2161/2148/2241
f 2153/2140/2233 2152/2139/2232 2159/2146/2239
f 2152/2139/2232 2162/2149/2242 2159/2146/2239
f 2159/2146/2239 2162/2149/2242 2158/2145/2238
f 2162/2149/2242 2163/2150/2243 2158/2145/2238
f 2158/2145/2238 2163/2150/2243 2157/2144/2237
f 2163/2150/2243 2164/2151/2244 2157/2144/2237
f 2157/2144/2237 2164/2151/2244 2156/2143/2236
f 2164/2151/2244 2165/2152/2245 2156/2143/2236
f 2156/2143/2236 2165/2152/2245 2151/2138/2231
f 2165/2152/2245 2166/2153/2246 2151/2138/2231
f 2151/2138/2231 2166/2153/2246 2150/2137/2230
f 2166/2153/2246 2149/2136/2229 2150/2137/2230
f 2167/2154/2247 2168/2155/2248 2169/2156/2249
f 2170/2157/2250 2167/2154/2247 2169/2156/2249
f 2171/2158/2251 2167/2154/2247 2170/2157/2250
f 2172/2159/2182 2171/2158/2251 2170/2157/2250
f 2173/2160/2252 2171/2158/2251 2172/2159/2182
f 2174/2161/2186 2173/2160/2252 2172/2159/2182
f 2175/2162/2253 2173/2160/2252 2174/2161/2186
f 2175/2162/2253 2174/2161/2186 2176/2163/2254
f 2174/2161/2186 2177/2164/2255 2176/2163/2254
f 2177/2164/2255 2178/2165/2241 2176/2163/2254
f 2178/2165/2241 2179/2166/2256 2176/2163/2254
f 2176/2163/2254 2179/2166/2256 2180/2167/2257
f 2181/2168/2258 2176/2163/2254 2180/2167/2257
f 2181/2168/2258 2175/2162/2253 2176/2163/2254
f 2182/2169/2259 2175/2162/2253 2181/2168/2258
f 2175/2162/2253 2182/2169/2259 2173/2160/2252
f 2182/2169/2259 2183/2170/2260 2173/2160/2252
f 2173/2160/2252 2183/2170/2260 2171/2158/2251
f 2183/2170/2260 2184/2171/2261 2171/2158/2251
f 2171/2158/2251 2184/2171/2261 2167/2154/2247
f 2184/2171/2261 2185/2172/2262 2167/2154/2247
f 2167/2154/2247 2185/2172/2262 2168/2155/2248
f 2185/2172/2262 2186/2173/2263 2168/2155/2248
f 2168/2155/2248 2186/2173/2263 2187/2174/2264
f 2186/2173/2263 2188/2175/2265 2187/2174/2264
f 2187/2174/2264 2188/2175/2265 2189/2176/2266
f 2188/2175/2265 2190/2177/2267 2189/2176/2266
f 2189/2176/2266 2190/2177/2267 2191/2178/2166
f 2192/2179/2268 2189/2176/2266 2191/2178/2166
f 2193/2180/2174 2189/2176/2266 2192/2179/2268
f 2187/2174/2264 2189/2176/2266 2193/2180/2174
f 2194/2181/2176 2187/2174/2264 2193/2180/2174
f 2168/2155/2248 2187/2174/2264 2194/2181/2176
f 2169/2156/2249 2168/2155/2248 2194/2181/2176
f 2182/2169/2259 2181/2168/2258 2195/2182/2269
f 2196/2183/2270 2197/2184/2202 2198/2185/2167
f 2196/2183/2270 2198/2185/2167 2191/2178/2166
f 2190/2177/2267 2196/2183/2270 2191/2178/2166
f 2199/2186/2271 2196/2183/2270 2190/2177/2267
f 2188/2175/2265 2199/2186/2271 2190/2177/2267
f 2200/2187/2272 2199/2186/2271 2188/2175/2265
f 2186/2173/2263 2200/2187/2272 2188/2175/2265
f 2201/2188/2273 2200/2187/2272 2186/2173/2263
f 2185/2172/2262 2201/2188/2273 2186/2173/2263
f 2202/2189/2274 2201/2188/2273 2185/2172/2262
f 2184/2171/2261 2202/2189/2274 2185/2172/2262
f 2203/2190/2275 2202/2189/2274 2184/2171/2261
f 2183/2170/2260 2203/2190/2275 2184/2171/2261
f 2204/2191/2276 2203/2190/2275 2183/2170/2260
f 2182/2169/2259 2204/2191/2276 2183/2170/2260
f 2182/2169/2259 2205/2192/2277 2204/2191/2276
f 2205/2192/2277 2182/2169/2259 2195/2182/2269
f 2205/2192/2277 2195/2182/2269 2206/2193/2278
f 2207/2194/2279 2206/2193/2278 2208/2195/2280
f 2209/2196/2281 2206/2193/2278 2207/2194/2279
f 2209/2196/2281 2205/2192/2277 2206/2193/2278
f 2210/2197/2282 2205/2192/2277 2209/2196/2281
f 2205/2192/2277 2210/2197/2282 2204/2191/2276
f 2211/2198/2283 2204/2191/2276 2210/2197/2282
f 2204/2191/2276 2211/2198/2283 2203/2190/2275
f 2211/2198/2283 2212/2199/2284 2203/2190/2275
f 2203/2190/2275 2212/2199/2284 2202/2189/2274
f 2212/2199/2284 2213/2200/2198 2202/2189/2274
f 2202/2189/2274 2213/2200/2198 2201/2188/2273
f 2213/2200/2198 2214/2201/2285 2201/2188/2273
f 2201/2188/2273 2214/2201/2285 2200/2187/2272
f 2214/2201/2285 2215/2202/2200 2200/2187/2272
f 2200/2187/2272 2215/2202/2200 2199/2186/2271
f 2215/2202/2200 2216/2203/2286 2199/2186/2271
f 2199/2186/2271 2216/2203/2286 2196/2183/2270
f 2216/2203/2286 2197/2184/2202 2196/2183/2270
f 2211/2198/2283 2210/2197/2282 2217/2204/2142
f 2210/2197/2282 2218/2205/2287 2217/2204/2142
f 2217/2204/2142 2218/2205/2287 2219/2206/2140
f 2218/2205/2287 2220/2207/2288 2219/2206/2140
f 2219/2206/2140 2220/2207/2288 2221/2208/2138
f 2220/2207/2288 2222/2209/2289 2221/2208/2138
f 2221/2208/2138 2222/2209/2289 2223/2210/2290
f 2222/2209/2289 2224/2211/2291 2223/2210/2290
f 2223/2210/2290 2224/2211/2291 2225/2212/2292
f 2224/2211/2291 2226/2213/2293 2225/2212/2292
f 2225/2212/2292 2226/2213/2293 2227/2214/2133
f 2227/2214/2133 2226/2213/2293 2228/2215/2294
f 2222/2209/2289 2229/2216/2295 2224/2211/2291
f 2229/2216/2295 2230/2217/2296 2224/2211/2291
f 2224/2211/2291 2230/2217/2296 2226/2213/2293
f 2230/2217/2296 2231/2218/2297 2226/2213/2293
f 2226/2213/2293 2231/2218/2297 2228/2215/2294
f 2231/2218/2297 2232/2219/2298 2228/2215/2294
f 2232/2219/2298 2233/2220/2299 2228/2215/2294
f 2232/2219/2298 2234/2221/2300 2233/2220/2299
f 2235/2222/2301 2234/2221/2300 2232/2219/2298
f 2236/2223/2302 2235/2222/2301 2232/2219/2298
f 2237/2224/2155 2235/2222/2301 2236/2223/2302
f 2238/2225/2303 2237/2224/2155 2236/2223/2302
f 2239/2226/2153 2237/2224/2155 2238/2225/2303
f 2240/2227/2304 2239/2226/2153 2238/2225/2303
f 2241/2228/2151 2239/2226/2153 2240/2227/2304
f 2242/2229/2305 2241/2228/2151 2240/2227/2304
f 2243/2230/2150 2241/2228/2151 2242/2229/2305
f 2244/2231/2306 2243/2230/2150 2242/2229/2305
f 2245/2232/2307 2210/2197/2282 2209/2196/2281
f 2218/2205/2287 2210/2197/2282 2245/2232/2307
f 2246/2233/2308 2218/2205/2287 2245/2232/2307
f 2218/2205/2287 2246/2233/2308 2220/2207/2288
f 2246/2233/2308 2247/2234/2309 2220/2207/2288
f 2220/2207/2288 2247/2234/2309 2222/2209/2289
f 2247/2234/2309 2229/2216/2295 2222/2209/2289
f 2245/2232/2307 2242/2229/2305 2246/2233/2308
f 2246/2233/2308 2242/2229/2305 2247/2234/2309
f 2242/2229/2305 2240/2227/2304 2247/2234/2309
f 2247/2234/2309 2240/2227/2304 2229/2216/2295
f 2240/2227/2304 2238/2225/2303 2229/2216/2295
f 2229/2216/2295 2238/2225/2303 2230/2217/2296
f 2238/2225/2303 2236/2223/2302 2230/2217/2296
f 2230/2217/2296 2236/2223/2302 2231/2218/2297
f 2236/2223/2302 2232/2219/2298 2231/2218/2297
f 2248/2235/2149 2243/2230/2150 2244/2231/2306
f 2249/2236/2310 2248/2235/2149 2244/2231/2306
f 2248/2235/2149 2249/2236/2310 2250/2237/2311
f 2248/2235/2149 2250/2237/2311 2251/2238/2312
f 2250/2237/2311 2252/2239/2313 2251/2238/2312
f 2251/2238/2312 2252/2239/2313 2253/2240/2242
f 2252/2239/2313 2254/2241/2314 2253/2240/2242
f 2253/2240/2242 2254/2241/2314 2255/2242/2315
f 2254/2241/2314 2256/2243/2316 2255/2242/2315
f 2255/2242/2315 2256/2243/2316 2257/2244/2244
f 2256/2243/2316 2258/2245/2317 2257/2244/2244
f 2257/2244/2244 2258/2245/2317 2259/2246/2318
f 2258/2245/2317 2260/2247/2319 2259/2246/2318
f 2259/2246/2318 2260/2247/2319 2261/2248/2246
f 2261/2248/2246 2260/2247/2319 2262/2249/2320
f 2244/2231/2306 2242/2229/2305 2245/2232/2307
f 2249/2236/2310 2244/2231/2306 2245/2232/2307
f 2209/2196/2281 2249/2236/2310 2245/2232/2307
f 2250/2237/2311 2249/2236/2310 2209/2196/2281
f 2263/2250/2321 2250/2237/2311 2209/2196/2281
f 2252/2239/2313 2250/2237/2311 2263/2250/2321
f 2264/2251/2322 2252/2239/2313 2263/2250/2321
f 2252/2239/2313 2264/2251/2322 2254/2241/2314
f 2264/2251/2322 2265/2252/2323 2254/2241/2314
f 2254/2241/2314 2265/2252/2323 2256/2243/2316
f 2265/2252/2323 2266/2253/2324 2256/2243/2316
f 2256/2243/2316 2266/2253/2324 2258/2245/2317
f 2266/2253/2324 2267/2254/2325 2258/2245/2317
f 2258/2245/2317 2267/2254/2325 2260/2247/2319
f 2267/2254/2325 2268/2255/2326 2260/2247/2319
f 2260/2247/2319 2268/2255/2326 2262/2249/2320
f 2268/2255/2326 2269/2256/2327 2262/2249/2320
f 2269/2256/2327 2270/2257/2328 2262/2249/2320
f 2271/2258/2329 2272/2259/2330 2263/2250/2321
f 2263/2250/2321 2272/2259/2330 2264/2251/2322
f 2264/2251/2322 2272/2259/2330 2265/2252/2323
f 2272/2259/2330 2273/2260/2331 2265/2252/2323
f 2265/2252/2323 2273/2260/2331 2266/2253/2324
f 2273/2260/2331 2274/2261/2332 2266/2253/2324
f 2266/2253/2324 2274/2261/2332 2267/2254/2325
f 2274/2261/2332 2275/2262/2333 2267/2254/2325
f 2267/2254/2325 2275/2262/2333 2268/2255/2326
f 2275/2262/2333 2269/2256/2327 2268/2255/2326
f 2207/2194/2279 2263/2250/2321 2209/2196/2281
f 2269/2256/2327 2276/2263/2224 2270/2257/2328
f 2277/2264/2334 2276/2263/2224 2269/2256/2327
f 2275/2262/2333 2277/2264/2334 2269/2256/2327
f 2278/2261/2220 2277/2264/2334 2275/2262/2333
f 2274/2261/2332 2278/2261/2220 2275/2262/2333
f 2279/2265/2335 2278/2261/2220 2274/2261/2332
f 2273/2260/2331 2279/2265/2335 2274/2261/2332
f 2280/2266/2216 2279/2265/2335 2273/2260/2331
f 2272/2259/2330 2280/2266/2216 2273/2260/2331
f 2281/2267/2215 2280/2266/2216 2272/2259/2330
f 2271/2258/2329 2281/2267/2215 2272/2259/2330
f 2271/2258/2329 2282/2268/2336 2281/2267/2215
f 2282/2268/2336 2271/2258/2329 2263/2250/2321
f 2282/2268/2336 2263/2250/2321 2283/2269/2337
f 2263/2250/2321 2207/2194/2279 2283/2269/2337
f 2284/2270/2338 2283/2269/2337 2207/2194/2279
f 2285/2271/2339 2284/2270/2338 2207/2194/2279
f 2285/2271/2339 2207/2194/2279 2208/2195/2280
f 2286/2272/2203 2283/2269/2337 2287/2273/2204
f 2286/2272/2203 2282/2268/2336 2283/2269/2337
f 2282/2268/2336 2286/2272/2203 2281/2267/2215
f 2288/2154/2340 2289/2155/2341 2290/2173/2342
f 2290/2173/2342 2289/2155/2341 2291/2175/2343
f 2289/2155/2341 2292/2174/2344 2291/2175/2343
f 2291/2175/2343 2292/2174/2344 2293/2177/2345
f 2292/2174/2344 2294/2176/2346 2293/2177/2345
f 2293/2177/2345 2294/2176/2346 2295/2178/2347
f 2293/2177/2345 2295/2178/2347 2296/2185/2348
f 2296/2185/2348 2295/2178/2347 2297/2274/2349
f 2298/2275/2350 2296/2185/2348 2297/2274/2349
f 2299/2276/2351 2298/2275/2350 2297/2274/2349
f 2295/2178/2347 2299/2276/2351 2297/2274/2349
f 2295/2178/2347 2300/2179/2352 2299/2276/2351
f 2294/2176/2346 2300/2179/2352 2295/2178/2347
f 2294/2176/2346 2301/2180/2353 2300/2179/2352
f 2294/2176/2346 2292/2174/2344 2301/2180/2353
f 2292/2174/2344 2302/2181/2354 2301/2180/2353
f 2292/2174/2344 2289/2155/2341 2302/2181/2354
f 2289/2155/2341 2303/2156/2355 2302/2181/2354
f 2304/2188/2356 2305/2172/2357 2306/2187/2358
f 2305/2172/2357 2290/2173/2342 2306/2187/2358
f 2306/2187/2358 2290/2173/2342 2307/2186/2359
f 2290/2173/2342 2291/2175/2343 2307/2186/2359
f 2307/2186/2359 2291/2175/2343 2308/2183/2360
f 2291/2175/2343 2293/2177/2345 2308/2183/2360
f 2308/2183/2360 2293/2177/2345 2296/2185/2348
f 2309/2184/2361 2308/2183/2360 2296/2185/2348
f 2310/2189/2362 2311/2171/2363 2304/2188/2356
f 2311/2171/2363 2305/2172/2357 2304/2188/2356
f 2311/2171/2363 2312/2158/2364 2305/2172/2357
f 2312/2158/2364 2288/2154/2340 2305/2172/2357
f 2305/2172/2357 2288/2154/2340 2290/2173/2342
f 2313/2160/2365 2314/2161/2366 2315/2159/2367
f 2289/2155/2341 2288/2154/2340 2303/2156/2355
f 2288/2154/2340 2316/2157/2368 2303/2156/2355
f 2288/2154/2340 2312/2158/2364 2316/2157/2368
f 2312/2158/2364 2315/2159/2367 2316/2157/2368
f 2312/2158/2364 2313/2160/2365 2315/2159/2367
f 2313/2160/2365 2312/2158/2364 2311/2171/2363
f 2317/2170/2369 2313/2160/2365 2311/2171/2363
f 2310/2189/2362 2317/2170/2369 2311/2171/2363
f 2310/2189/2362 2318/2190/2370 2317/2170/2369
f 2318/2190/2370 2310/2189/2362 2319/2200/2371
f 2319/2200/2371 2310/2189/2362 2304/2188/2356
f 2320/2201/2372 2319/2200/2371 2304/2188/2356
f 2306/2187/2358 2320/2201/2372 2304/2188/2356
f 2321/2202/2373 2320/2201/2372 2306/2187/2358
f 2321/2202/2373 2306/2187/2358 2307/2186/2359
f 2322/2203/2374 2321/2202/2373 2307/2186/2359
f 2322/2203/2374 2307/2186/2359 2308/2183/2360
f 2309/2184/2361 2322/2203/2374 2308/2183/2360
f 2323/2205/2375 2324/2204/2376 2325/2206/2377
f 2323/2205/2375 2326/2197/2378 2324/2204/2376
f 2326/2197/2378 2327/2198/2379 2324/2204/2376
f 2328/2191/2380 2327/2198/2379 2326/2197/2378
f 2327/2198/2379 2328/2191/2380 2318/2190/2370
f 2329/2199/2381 2327/2198/2379 2318/2190/2370
f 2329/2199/2381 2318/2190/2370 2319/2200/2371
f 2323/2205/2375 2330/2233/2382 2326/2197/2378
f 2330/2233/2382 2331/2232/2383 2326/2197/2378
f 2332/2229/2384 2331/2232/2383 2330/2233/2382
f 2332/2229/2384 2333/2231/2385 2331/2232/2383
f 2334/2277/2386 2335/2212/2387 2336/2214/2388
f 2334/2277/2386 2337/2211/2389 2335/2212/2387
f 2337/2211/2389 2338/2210/2390 2335/2212/2387
f 2337/2211/2389 2339/2209/2391 2338/2210/2390
f 2339/2209/2391 2340/2208/2392 2338/2210/2390
f 2339/2209/2391 2341/2207/2393 2340/2208/2392
f 2341/2207/2393 2325/2206/2377 2340/2208/2392
f 2341/2207/2393 2323/2205/2375 2325/2206/2377
f 2323/2205/2375 2341/2207/2393 2342/2234/2394
f 2330/2233/2382 2323/2205/2375 2342/2234/2394
f 2330/2233/2382 2342/2234/2394 2343/2227/2395
f 2332/2229/2384 2330/2233/2382 2343/2227/2395
f 2344/2228/2396 2332/2229/2384 2343/2227/2395
f 2333/2231/2385 2332/2229/2384 2344/2228/2396
f 2345/2230/2397 2333/2231/2385 2344/2228/2396
f 2345/2230/2397 2346/2235/2398 2333/2231/2385
f 2346/2235/2398 2347/2236/2399 2333/2231/2385
f 2333/2231/2385 2347/2236/2399 2331/2232/2383
f 2348/2226/2400 2344/2228/2396 2343/2227/2395
f 2349/2225/2401 2348/2226/2400 2343/2227/2395
f 2343/2227/2395 2342/2234/2394 2349/2225/2401
f 2342/2234/2394 2350/2216/2402 2349/2225/2401
f 2342/2234/2394 2341/2207/2393 2350/2216/2402
f 2341/2207/2393 2339/2209/2391 2350/2216/2402
f 2350/2216/2402 2339/2209/2391 2351/2217/2403
f 2339/2209/2391 2337/2211/2389 2351/2217/2403
f 2351/2217/2403 2337/2211/2389 2352/2218/2404
f 2337/2211/2389 2334/2277/2386 2352/2218/2404
f 2352/2218/2404 2334/2277/2386 2353/2215/2405
f 2352/2218/2404 2353/2215/2405 2354/2220/2406
f 2354/2220/2406 2353/2215/2405 2355/2278/2407
f 2356/2279/2408 2354/2220/2406 2355/2278/2407
f 2357/2280/2409 2356/2279/2408 2355/2278/2407
f 2353/2215/2405 2357/2280/2409 2355/2278/2407
f 2336/2214/2388 2357/2280/2409 2353/2215/2405
f 2334/2277/2386 2336/2214/2388 2353/2215/2405
f 2358/2224/2410 2348/2226/2400 2349/2225/2401
f 2358/2224/2410 2349/2225/2401 2359/2223/2411
f 2349/2225/2401 2350/2216/2402 2359/2223/2411
f 2350/2216/2402 2351/2217/2403 2359/2223/2411
f 2359/2223/2411 2351/2217/2403 2360/2219/2412
f 2351/2217/2403 2352/2218/2404 2360/2219/2412
f 2360/2219/2412 2352/2218/2404 2354/2220/2406
f 2361/2221/2413 2360/2219/2412 2354/2220/2406
f 2361/2221/2413 2362/2222/2414 2360/2219/2412
f 2362/2222/2414 2359/2223/2411 2360/2219/2412
f 2362/2222/2414 2358/2224/2410 2359/2223/2411
f 2363/2281/2415 2364/2282/2371 2365/2098/2416
f 2365/2098/2416 2364/2282/2371 2366/2099/2417
f 2364/2282/2371 2367/2106/2418 2366/2099/2417
f 2366/2099/2417 2367/2106/2418 2368/2100/2419
f 2367/2106/2418 2369/2107/2373 2368/2100/2419
f 2368/2100/2419 2369/2107/2373 2370/2101/2420
f 2369/2107/2373 2371/2108/2374 2370/2101/2420
f 2371/2108/2374 2372/2283/2361 2373/2284/2421
f 2370/2101/2420 2371/2108/2374 2373/2284/2421
f 2370/2101/2420 2373/2284/2421 2374/2285/2422
f 2375/2286/2423 2370/2101/2420 2374/2285/2422
f 2368/2100/2419 2370/2101/2420 2375/2286/2423
f 2376/2084/2424 2368/2100/2419 2375/2286/2423
f 2366/2099/2417 2368/2100/2419 2376/2084/2424
f 2377/2287/2425 2366/2099/2417 2376/2084/2424
f 2365/2098/2416 2366/2099/2417 2377/2287/2425
f 2378/2288/2426 2365/2098/2416 2377/2287/2425
f 2379/2097/2427 2365/2098/2416 2378/2288/2426
f 2379/2097/2427 2363/2281/2415 2365/2098/2416
f 2379/2097/2427 2380/2289/2379 2363/2281/2415
f 2381/2290/2428 2382/2291/2429 2383/2292/2430
f 2384/2293/2431 2381/2290/2428 2383/2292/2430
f 2384/2293/2431 2383/2292/2430 2385/2294/2432
f 2385/2294/2432 2386/2295/2433 2384/2293/2431
f 2381/2290/2428 2384/2293/2431 2387/2296/2368
f 2386/2295/2433 2388/2297/2434 2380/2289/2379
f 2379/2097/2427 2386/2295/2433 2380/2289/2379
f 2386/2295/2433 2379/2097/2427 2384/2293/2431
f 2384/2293/2431 2379/2097/2427 2378/2288/2426
f 2384/2293/2431 2378/2288/2426 2387/2296/2368
f 2387/2296/2368 2378/2288/2426 2389/2298/2435
f 2378/2288/2426 2377/2287/2425 2389/2298/2435
f 2389/2298/2435 2377/2287/2425 2390/2083/2436
f 2377/2287/2425 2376/2084/2424 2390/2083/2436
f 2390/2083/2436 2376/2084/2424 2391/2081/2353
f 2376/2084/2424 2375/2286/2423 2391/2081/2353
f 2391/2081/2353 2375/2286/2423 2392/2079/2352
f 2375/2286/2423 2374/2285/2422 2392/2079/2352
f 2392/2079/2352 2374/2285/2422 2393/2078/2351
f 2374/2285/2422 2373/2284/2421 2393/2078/2351
f 2373/2284/2421 2394/2299/2437 2393/2078/2351
f 2373/2284/2421 2372/2283/2361 2394/2299/2437
f 2372/2283/2361 2395/2300/2348 2394/2299/2437
f 2396/2048/2377 2397/2049/2438 2398/2046/2439
f 2399/2301/2440 2400/2302/2441 2401/2303/2442
f 2402/2043/2443 2399/2301/2440 2401/2303/2442
f 2402/2043/2443 2401/2303/2442 2403/2304/2388
f 2404/2040/2444 2402/2043/2443 2403/2304/2388
f 2405/2045/2445 2402/2043/2443 2404/2040/2444
f 2406/2044/2390 2405/2045/2445 2404/2040/2444
f 2407/2047/2446 2405/2045/2445 2406/2044/2390
f 2398/2046/2439 2407/2047/2446 2406/2044/2390
f 2397/2049/2438 2407/2047/2446 2398/2046/2439
f 2397/2049/2438 2408/2060/2447 2407/2047/2446
f 2409/2056/2448 2408/2060/2447 2397/2049/2438
f 2410/2050/2449 2409/2056/2448 2397/2049/2438
f 2410/2050/2449 2397/2049/2438 2396/2048/2377
f 2411/2103/2376 2410/2050/2449 2396/2048/2377
f 2411/2103/2376 2380/2289/2379 2410/2050/2449
f 2380/2289/2379 2388/2297/2434 2410/2050/2449
f 2408/2060/2447 2412/2062/2450 2407/2047/2446
f 2407/2047/2446 2412/2062/2450 2405/2045/2445
f 2412/2062/2450 2413/2305/2451 2405/2045/2445
f 2405/2045/2445 2413/2305/2451 2402/2043/2443
f 2413/2305/2451 2399/2301/2440 2402/2043/2443
f 2414/2055/2452 2415/2053/2453 2416/2142/2454
f 2400/2302/2441 2417/2306/2413 2418/2307/2408
f 2419/2065/2455 2417/2306/2413 2400/2302/2441
f 2399/2301/2440 2419/2065/2455 2400/2302/2441
f 2420/2063/2410 2419/2065/2455 2399/2301/2440
f 2413/2305/2451 2420/2063/2410 2399/2301/2440
f 2421/2061/2456 2420/2063/2410 2413/2305/2451
f 2412/2062/2450 2421/2061/2456 2413/2305/2451
f 2422/2059/2457 2421/2061/2456 2412/2062/2450
f 2408/2060/2447 2422/2059/2457 2412/2062/2450
f 2423/2308/2397 2422/2059/2457 2408/2060/2447
f 2409/2056/2448 2423/2308/2397 2408/2060/2447
f 2409/2056/2448 2424/2309/2458 2423/2308/2397
f 2409/2056/2448 2414/2055/2452 2424/2309/2458
f 2409/2056/2448 2410/2050/2449 2414/2055/2452
f 2410/2050/2449 2415/2053/2453 2414/2055/2452
f 2410/2050/2449 2388/2297/2434 2415/2053/2453
f 2425/2054/2459 2415/2053/2453 2388/2297/2434
f 2415/2053/2453 2425/2054/2459 2416/2142/2454
f 2426/2310/2460 2403/2304/2388 2427/2311/2461
f 2401/2303/2442 2427/2311/2461 2403/2304/2388
f 2401/2303/2442 2426/2310/2460 2427/2311/2461
f 2401/2303/2442 2400/2302/2441 2426/2310/2460
f 2400/2302/2441 2418/2307/2408 2426/2310/2460
f 2417/2306/2413 2428/2312/2462 2418/2307/2408
f 2429/2313/2463 2430/2314/2464 2431/2315/2130
f 2430/2314/2464 2432/2316/2465 2431/2315/2130
f 2431/2315/2130 2432/2316/2465 2433/2317/2131
f 2432/2316/2465 2434/2318/2466 2433/2317/2131
f 2433/2317/2131 2434/2318/2466 2435/2319/2108
f 2434/2318/2466 2436/2320/2467 2435/2319/2108
f 2435/2319/2108 2436/2320/2467 2437/2321/2110
f 2434/2318/2466 2438/2322/2468 2436/2320/2467
f 2438/2322/2468 2439/2323/2469 2436/2320/2467
f 2436/2320/2467 2439/2323/2469 2440/2324/2470
f 2439/2323/2469 2441/2325/2471 2440/2324/2470
f 2430/2314/2464 2442/2326/2472 2432/2316/2465
f 2442/2326/2472 2443/2327/2473 2432/2316/2465
f 2432/2316/2465 2443/2327/2473 2434/2318/2466
f 2443/2327/2473 2438/2322/2468 2434/2318/2466
f 2443/2327/2473 2444/2328/2474 2438/2322/2468
f 2444/2328/2474 2445/2329/2475 2438/2322/2468
f 2438/2322/2468 2445/2329/2475 2439/2323/2469
f 2445/2329/2475 2446/2330/2476 2439/2323/2469
f 2439/2323/2469 2446/2330/2476 2441/2325/2471
f 2446/2330/2476 2447/2331/2477 2441/2325/2471
f 2436/2320/2467 2440/2324/2470 2437/2321/2110
f 2437/2321/2110 2440/2324/2470 2448/2332/2112
f 2440/2324/2470 2449/2333/2114 2448/2332/2112
f 2440/2324/2470 2441/2325/2471 2449/2333/2114
f 2441/2325/2471 2450/2334/2115 2449/2333/2114
f 2441/2325/2471 2447/2331/2477 2450/2334/2115
f 2447/2331/2477 2451/2335/2478 2450/2334/2115
f 2447/2331/2477 2452/2336/2119 2451/2335/2478
f 2453/2337/2121 2452/2336/2119 2447/2331/2477
f 2446/2330/2476 2453/2337/2121 2447/2331/2477
f 2454/2338/2479 2453/2337/2121 2446/2330/2476
f 2445/2329/2475 2454/2338/2479 2446/2330/2476
f 2455/2339/2480 2454/2338/2479 2445/2329/2475
f 2444/2328/2474 2455/2339/2480 2445/2329/2475
f 2456/2340/2481 2455/2339/2480 2444/2328/2474
f 2457/2341/2482 2456/2340/2481 2444/2328/2474
f 2457/2341/2482 2444/2328/2474 2443/2327/2473
f 2442/2326/2472 2457/2341/2482 2443/2327/2473
f 2452/2336/2119 2458/2342/2117 2451/2335/2478
f 2459/2343/2483 2460/2344/2483 2461/2345/2483
f 2462/2346/2484 2463/2347/2484 2464/2348/2484
f 2463/2347/2484 2465/2349/2485 2464/2348/2484
f 2465/2349/2485 2466/2350/2486 2464/2348/2484
f 2466/2350/2486 2465/2349/2485 2467/2351/2487
f 2468/2352/2488 2466/2350/2486 2467/2351/2487
f 2469/2353/2489 2470/2354/2489 2460/2344/2489
f 2471/2355/2490 2472/2356/2491 2473/2357/2492
f 2474/2358/2493 2475/2359/2494 2476/2360/2495
f 2475/2359/2494 2474/2358/2493 2477/2361/2496
f 2478/2362/2497 2479/2363/2498 2480/2364/2499
f 2481/2365/2500 2478/2362/2497 2480/2364/2499
f 2481/2365/2500 2480/2364/2499 2482/2366/2501
f 2482/2366/2501 2483/2367/2502 2481/2365/2500
f 2483/2367/2502 2482/2366/2501 2484/2368/2503
f 2485/2369/2504 2483/2367/2502 2484/2368/2503
f 2484/2368/2503 2486/2370/2505 2485/2369/2504
f 2486/2370/2505 2487/2371/2506 2485/2369/2504
f 2487/2371/2506 2486/2370/2505 2488/2372/2507
f 2489/2373/2508 2487/2371/2506 2488/2372/2507
f 2490/2374/2509 2489/2373/2508 2488/2372/2507
f 2488/2372/2507 2491/2375/2510 2490/2374/2509
f 2491/2375/2510 2488/2372/2507 2492/2376/2511
f 2493/2377/2512 2491/2375/2510 2492/2376/2511
f 2493/2377/2512 2492/2376/2511 2494/2378/2513
f 2495/2379/2514 2493/2377/2512 2494/2378/2513
f 2494/2378/2513 2496/2380/2515 2495/2379/2514
f 2496/2380/2515 2497/2381/2516 2495/2379/2514
f 2483/2367/2502 2498/2382/2517 2481/2365/2500
f 2498/2382/2517 2499/2383/2518 2481/2365/2500
f 2499/2383/2518 2478/2362/2497 2481/2365/2500
f 2499/2383/2518 2500/2384/2519 2478/2362/2497
f 2500/2384/2519 2501/2385/2520 2478/2362/2497
f 2479/2363/2498 2478/2362/2497 2501/2385/2520
f 2502/2386/2521 2503/2387/2522 2504/2388/2523
f 2505/2389/2524 2506/2390/2525 2507/2391/2526
f 2507/2391/2526 2506/2390/2525 2508/2392/2527
f 2502/2386/2521 2507/2391/2526 2508/2392/2527
f 2507/2391/2526 2502/2386/2521 2509/2393/2528
f 2502/2386/2521 2504/2388/2523 2509/2393/2528
f 2504/2388/2523 2510/2394/2529 2509/2393/2528
f 2504/2388/2523 2503/2387/2522 2510/2394/2529
f 2503/2387/2522 2511/2395/2530 2510/2394/2529
f 2510/2394/2529 2511/2395/2530 2512/2326/2531
f 2511/2395/2530 2513/2314/2532 2512/2326/2531
f 2512/2326/2531 2513/2314/2532 2514/2327/2533
f 2513/2314/2532 2515/2316/2534 2514/2327/2533
f 2514/2327/2533 2515/2316/2534 2516/2322/2535
f 2515/2316/2534 2517/2318/2536 2516/2322/2535
f 2516/2322/2535 2517/2318/2536 2518/2323/2537
f 2517/2318/2536 2519/2320/2538 2518/2323/2537
f 2518/2323/2537 2519/2320/2538 2520/2325/2539
f 2519/2320/2538 2521/2324/2540 2520/2325/2539
f 2522/2396/2541 2523/2397/2542 2524/2398/2543
f 2525/2399/2544 2526/2400/2545 2527/2401/2546
f 2526/2400/2545 2528/2402/2547 2527/2401/2546
f 2527/2401/2546 2528/2402/2547 2529/2403/2548
f 2529/2403/2548 2530/2404/2549 2527/2401/2546
f 2531/2405/2550 2528/2402/2547 2526/2400/2545
f 2532/2406/2551 2531/2405/2550 2526/2400/2545
f 2533/2407/2552 2534/2408/2553 2535/2409/2554
f 2535/2409/2554 2536/2410/2555 2533/2407/2552
f 2536/2410/2555 2530/2404/2549 2533/2407/2552
f 2530/2404/2549 2536/2410/2555 2527/2401/2546
f 2527/2401/2546 2536/2410/2555 2537/2411/2556
f 2525/2399/2544 2527/2401/2546 2537/2411/2556
f 2525/2399/2544 2537/2411/2556 2538/2412/2557
f 2525/2399/2544 2538/2412/2557 2526/2400/2545
f 2538/2412/2557 2539/2413/2558 2526/2400/2545
f 2526/2400/2545 2539/2413/2558 2540/2414/2559
f 2532/2406/2551 2526/2400/2545 2540/2414/2559
f 2532/2406/2551 2540/2414/2559 2541/2415/2560
f 2541/2415/2560 2522/2396/2541 2532/2406/2551
f 2522/2396/2541 2531/2405/2550 2532/2406/2551
f 2531/2405/2550 2522/2396/2541 2524/2398/2543
f 2531/2405/2550 2524/2398/2543 2542/2416/2561
f 2528/2402/2547 2531/2405/2550 2542/2416/2561
f 2528/2402/2547 2542/2416/2561 2529/2403/2548
f 2540/2414/2559 2543/2417/2562 2541/2415/2560
f 2544/2418/2563 2545/2419/2564 2546/2420/2565
f 2547/2421/2566 2544/2418/2563 2548/2422/2567
f 2548/2422/2567 2544/2418/2563 2546/2420/2565
f 2548/2422/2567 2546/2420/2565 2549/2423/2568
f 2549/2423/2568 2546/2420/2565 2550/2424/2569
f 2546/2420/2565 2551/2425/2570 2550/2424/2569
f 2546/2420/2565 2545/2419/2564 2551/2425/2570
f 2545/2419/2564 2552/2426/2571 2551/2425/2570
f 2553/2427/2572 2554/2428/2570 2555/2429/2573
f 2554/2428/2570 2556/2430/2574 2555/2429/2573
f 2554/2428/2570 2557/2431/2571 2556/2430/2574
f 2557/2431/2571 2558/2432/2575 2556/2430/2574
f 2558/2432/2575 2557/2431/2571 2559/2433/2576
f 2557/2431/2571 2560/2434/2577 2559/2433/2576
f 2561/2435/2578 2562/2436/2579 2555/2429/2573
f 2550/2424/2569 2563/2437/2573 2562/2436/2579
f 2549/2423/2568 2550/2424/2569 2562/2436/2579
f 2564/2438/2580 2549/2423/2568 2562/2436/2579
f 2564/2438/2580 2548/2422/2567 2549/2423/2568
f 2565/2439/2581 2548/2422/2567 2564/2438/2580
f 2565/2439/2581 2547/2421/2566 2548/2422/2567
f 2566/2440/2582 2547/2421/2566 2565/2439/2581
f 2547/2421/2566 2566/2440/2582 2559/2433/2576
f 2566/2440/2582 2558/2432/2575 2559/2433/2576
f 2558/2432/2575 2566/2440/2582 2567/2441/2583
f 2556/2430/2574 2558/2432/2575 2567/2441/2583
f 2556/2430/2574 2567/2441/2583 2568/2442/2584
f 2555/2429/2573 2556/2430/2574 2568/2442/2584
f 2569/2443/2585 2555/2429/2573 2568/2442/2584
f 2569/2443/2585 2561/2435/2578 2555/2429/2573
f 2561/2435/2578 2569/2443/2585 2570/2444/2586
f 2561/2435/2578 2570/2444/2586 2562/2436/2579
f 2570/2444/2586 2571/2445/2587 2562/2436/2579
f 2571/2445/2587 2564/2438/2580 2562/2436/2579
f 2571/2445/2587 2565/2439/2581 2564/2438/2580
f 2570/2444/2586 2572/2446/2588 2571/2445/2587
f 2569/2443/2585 2572/2446/2588 2570/2444/2586
f 2572/2446/2588 2569/2443/2585 2568/2442/2584
f 2572/2446/2588 2568/2442/2584 2571/2445/2587
f 2568/2442/2584 2567/2441/2583 2571/2445/2587
f 2567/2441/2583 2565/2439/2581 2571/2445/2587
f 2567/2441/2583 2566/2440/2582 2565/2439/2581
f 2573/2447/2589 2574/2448/2590 2575/2449/2589
f 2574/2448/2590 2576/2450/2591 2575/2449/2589
f 2574/2448/2590 2577/2451/2592 2576/2450/2591
f 2577/2451/2592 2578/2452/2593 2576/2450/2591
f 2579/2453/2594 2580/2454/2595 2581/2455/2596
f 2580/2454/2595 2582/2456/2597 2581/2455/2596
f 2580/2454/2595 2583/2457/2598 2582/2456/2597
f 2583/2457/2598 2584/2458/2599 2582/2456/2597
f 2585/2459/2600 2586/2460/2601 2587/2461/2602
f 2586/2460/2601 2575/2449/2603 2587/2461/2602
f 2575/2449/2603 2579/2453/2604 2587/2461/2602
f 2575/2449/2603 2576/2450/2591 2579/2453/2604
f 2576/2450/2591 2580/2454/2595 2579/2453/2604
f 2576/2450/2591 2578/2452/2593 2580/2454/2595
f 2578/2452/2593 2583/2457/2598 2580/2454/2595
f 2578/2452/2593 2577/2451/2592 2583/2457/2598
f 2577/2451/2592 2584/2458/2599 2583/2457/2598
f 2584/2458/2599 2577/2451/2592 2574/2448/2590
f 2582/2456/2597 2584/2458/2599 2574/2448/2590
f 2582/2456/2597 2574/2448/2590 2573/2447/2605
f 2581/2455/2606 2582/2456/2597 2573/2447/2605
f 2581/2455/2606 2573/2447/2605 2588/2462/2607
f 2573/2447/2605 2585/2459/2600 2588/2462/2607
f 2588/2462/2607 2585/2459/2600 2587/2461/2602
f 2581/2455/2608 2588/2462/2607 2587/2461/2602
f 2579/2453/2609 2581/2455/2608 2587/2461/2602
f 2585/2459/2610 2573/2447/2611 2586/2460/2610
f 2573/2447/2611 2575/2449/2612 2586/2460/2610
f 2589/2463/2613 2590/2464/2614 2591/2465/2615
f 2592/2466/2616 2589/2463/2613 2593/2467/2617
f 2593/2467/2617 2589/2463/2613 2591/2465/2615
f 2593/2467/2617 2591/2465/2615 2594/2468/2618
f 2594/2468/2618 2591/2465/2615 2595/2469/2619
f 2591/2465/2615 2596/2470/2620 2595/2469/2619
f 2591/2465/2615 2590/2464/2614 2596/2470/2620
f 2590/2464/2614 2597/2471/2621 2596/2470/2620
f 2595/2469/2619 2598/2472/2622 2599/2473/2623
f 2594/2468/2618 2595/2469/2619 2599/2473/2623
f 2600/2474/2624 2594/2468/2618 2599/2473/2623
f 2600/2474/2624 2593/2467/2617 2594/2468/2618
f 2601/2475/2625 2602/2476/2626 2603/2477/2627
f 2604/2478/2628 2602/2476/2626 2601/2475/2625
f 2604/2478/2628 2605/2479/2629 2602/2476/2626
f 2605/2479/2629 2606/2480/2630 2602/2476/2626
f 2602/2476/2626 2606/2480/2630 2607/2481/2631
f 2602/2476/2626 2607/2481/2631 2603/2477/2627
f 2603/2477/2627 2607/2481/2631 2600/2474/2624
f 2603/2477/2627 2600/2474/2624 2599/2473/2623
f 2608/2482/2621 2609/2483/2614 2610/2484/2632
f 2611/2485/2619 2612/2486/2620 2613/2487/2622
f 2607/2481/2631 2593/2467/2617 2600/2474/2624
f 2607/2481/2631 2592/2466/2616 2593/2467/2617
f 2606/2480/2630 2592/2466/2616 2607/2481/2631
f 2592/2466/2616 2606/2480/2630 2610/2484/2632
f 2606/2480/2630 2605/2479/2629 2610/2484/2632
f 2605/2479/2629 2608/2482/2621 2610/2484/2632
f 2608/2482/2621 2605/2479/2629 2604/2478/2628
f 2612/2486/2620 2608/2482/2621 2604/2478/2628
f 2612/2486/2620 2604/2478/2628 2613/2487/2622
f 2613/2487/2622 2604/2478/2628 2601/2475/2625
f 2614/2488/2633 2613/2487/2622 2601/2475/2625
f 2615/2489/2634 2614/2488/2633 2601/2475/2625
f 2615/2489/2634 2601/2475/2625 2603/2477/2627
f 2616/2490/2635 2615/2489/2634 2603/2477/2627
f 2616/2490/2635 2603/2477/2627 2599/2473/2623
f 2617/2491/2636 2616/2490/2635 2599/2473/2623
f 2617/2491/2636 2599/2473/2623 2613/2487/2622
f 2614/2488/2633 2617/2491/2636 2613/2487/2622
f 2618/2492/2637 2619/2493/2638 2620/2494/2639
f 2621/2495/2640 2618/2492/2637 2622/2496/2641
f 2622/2496/2641 2618/2492/2637 2620/2494/2639
f 2622/2496/2641 2620/2494/2639 2623/2497/2642
f 2623/2497/2642 2620/2494/2639 2624/2498/2643
f 2620/2494/2639 2625/2499/2644 2624/2498/2643
f 2620/2494/2639 2619/2493/2638 2625/2499/2644
f 2619/2493/2638 2626/2500/2645 2625/2499/2644
f 2624/2498/2643 2627/2501/2646 2628/2502/2647
f 2623/2497/2642 2624/2498/2643 2628/2502/2647
f 2629/2503/2648 2623/2497/2642 2628/2502/2647
f 2629/2503/2648 2622/2496/2641 2623/2497/2642
f 2630/2504/2649 2631/2505/2650 2632/2506/2651
f 2633/2507/2652 2631/2505/2650 2630/2504/2649
f 2633/2507/2652 2634/2508/2653 2631/2505/2650
f 2634/2508/2653 2635/2509/2654 2631/2505/2650
f 2631/2505/2650 2635/2509/2654 2636/2510/2655
f 2631/2505/2650 2636/2510/2655 2632/2506/2651
f 2632/2506/2651 2636/2510/2655 2629/2503/2648
f 2632/2506/2651 2629/2503/2648 2628/2502/2647
f 2637/2511/2645 2638/2512/2638 2639/2513/2637
f 2640/2514/2643 2641/2515/2644 2642/2516/2656
f 2636/2510/2655 2622/2496/2641 2629/2503/2648
f 2636/2510/2655 2621/2495/2640 2622/2496/2641
f 2635/2509/2654 2621/2495/2640 2636/2510/2655
f 2621/2495/2640 2635/2509/2654 2639/2513/2637
f 2635/2509/2654 2634/2508/2653 2639/2513/2637
f 2634/2508/2653 2637/2511/2645 2639/2513/2637
f 2637/2511/2645 2634/2508/2653 2633/2507/2652
f 2641/2515/2644 2637/2511/2645 2633/2507/2652
f 2641/2515/2644 2633/2507/2652 2642/2516/2656
f 2642/2516/2656 2633/2507/2652 2630/2504/2649
f 2643/2517/2657 2642/2516/2656 2630/2504/2649
f 2644/2518/2658 2643/2517/2657 2630/2504/2649
f 2644/2518/2658 2630/2504/2649 2632/2506/2651
f 2645/2519/2659 2644/2518/2658 2632/2506/2651
f 2645/2519/2659 2632/2506/2651 2628/2502/2647
f 2646/2520/2660 2645/2519/2659 2628/2502/2647
f 2646/2520/2660 2628/2502/2647 2642/2516/2656
f 2643/2517/2657 2646/2520/2660 2642/2516/2656
f 2647/2521/2661 2648/2522/2662 2649/2523/2663
f 2648/2522/2662 2650/2524/2664 2649/2523/2663
f 2650/2524/2664 2651/2525/2665 2649/2523/2663
f 2651/2525/2665 2652/2526/2666 2649/2523/2663
f 2652/2526/2666 2653/2527/2667 2649/2523/2663
f 2653/2527/2667 2654/2528/2562 2649/2523/2663
f 2654/2528/2562 2655/2529/2668 2649/2523/2663
f 2655/2529/2668 2656/2530/2669 2649/2523/2663
f 2656/2530/2669 2657/2531/2670 2649/2523/2663
f 2657/2531/2670 2658/2532/2671 2649/2523/2663
f 2658/2532/2671 2659/2533/2672 2649/2523/2663
f 2659/2533/2672 2660/2534/2673 2649/2523/2663
f 2661/2535/2674 2662/2536/2675 2663/2537/2676
f 2664/2538/2490 2665/2539/2677 2662/2536/2678
f 2665/2539/2677 2664/2538/2490 2666/2540/2679
f 2666/2540/2679 2667/2541/2680 2665/2539/2677
f 2668/2542/2681 2667/2541/2680 2666/2540/2679
f 2668/2542/2681 2666/2540/2679 2669/2543/2682
f 2669/2543/2682 2670/2544/2683 2668/2542/2681
f 2670/2544/2683 2669/2543/2682 2671/2545/2684
f 2671/2545/2684 2672/2546/2685 2670/2544/2683
f 2671/2545/2684 2673/2547/2686 2672/2546/2685
f 2663/2537/2676 2672/2546/2685 2673/2547/2686
f 2673/2547/2686 2661/2535/2674 2663/2537/2676
f 2674/2548/2687 2675/2549/2688 2676/2550/2689
f 2677/2551/2690 2678/2552/2691 2679/2553/2491
f 2680/2554/2692 2677/2551/2690 2679/2553/2491
f 2680/2554/2692 2679/2553/2491 2681/2555/2693
f 2679/2553/2491 2682/2556/2694 2681/2555/2693
f 2683/2557/2695 2682/2556/2694 2679/2553/2491
f 2683/2557/2695 2679/2553/2491 2684/2558/2696
f 2679/2553/2491 2685/2559/2490 2684/2558/2696
f 2686/2560/2697 2687/2561/2698 2688/2562/2699
f 2689/2563/2700 2690/2564/2701 2691/2565/2702
f 2690/2564/2701 2689/2563/2700 2692/2566/2703
f 2689/2563/2700 2693/2567/2704 2692/2566/2703
f 2693/2567/2704 2694/2568/2705 2692/2566/2703
f 2694/2568/2705 2693/2567/2704 2695/2569/2706
f 2696/2570/2707 2695/2569/2706 2693/2567/2704
f 2696/2570/2707 2693/2567/2704 2697/2571/2708
f 2698/2572/2709 2696/2570/2707 2697/2571/2708
f 2698/2572/2709 2697/2571/2708 2699/2573/2710
f 2700/2574/2711 2698/2572/2709 2699/2573/2710
f 2699/2573/2710 2701/2575/2712 2700/2574/2711
f 2701/2575/2712 2699/2573/2710 2702/2576/2713
f 2701/2575/2712 2702/2576/2713 2703/2577/2714
f 2704/2578/2715 2703/2577/2714 2702/2576/2713
f 2704/2578/2715 2705/2579/2716 2703/2577/2714
f 2706/2580/2717 2705/2579/2716 2704/2578/2715
f 2705/2579/2716 2706/2580/2717 2707/2581/2718
f 2705/2579/2716 2707/2581/2718 2708/2582/2719
f 2708/2582/2719 2707/2581/2718 2709/2583/2720
f 2708/2582/2719 2709/2583/2720 2710/2584/2721
f 2710/2584/2721 2709/2583/2720 2711/2585/2722
f 2711/2585/2722 2709/2583/2720 2712/2586/2723
f 2711/2585/2722 2712/2586/2723 2713/2587/2724
f 2713/2587/2724 2712/2586/2723 2714/2588/2725
f 2715/2589/2726 2713/2587/2724 2714/2588/2725
f 2715/2589/2726 2714/2588/2725 2716/2590/2727
f 2716/2590/2727 2714/2588/2725 2717/2591/2728
f 2718/2592/2729 2716/2590/2727 2717/2591/2728
f 2719/2593/2730 2718/2592/2729 2717/2591/2728
f 2718/2592/2729 2719/2593/2730 2720/2594/2731
f 2719/2593/2730 2721/2595/2702 2720/2594/2731
f 2722/2596/2732 2723/2597/2733 2724/2598/2734
f 2725/2599/2735 2726/2600/2736 2727/2601/2737
f 2728/2602/2738 2725/2599/2735 2727/2601/2737
f 2724/2598/2734 2725/2599/2735 2728/2602/2738
f 2722/2596/2732 2724/2598/2734 2728/2602/2738
f 2722/2596/2732 2728/2602/2738 2729/2603/2739
f 2729/2603/2739 2723/2597/2733 2722/2596/2732
f 2729/2603/2739 2730/2604/2740 2723/2597/2733
f 2724/2598/2734 2723/2597/2733 2730/2604/2740
f 2724/2598/2734 2730/2604/2740 2731/2605/2741
f 2730/2604/2740 2732/2606/2742 2731/2605/2741
f 2730/2604/2740 2733/2607/2743 2732/2606/2742
f 2733/2607/2743 2734/2608/2744 2732/2606/2742
f 2733/2607/2743 2735/2609/2745 2734/2608/2744
f 2735/2609/2745 2736/2610/2746 2734/2608/2744
f 2730/2604/2740 2729/2603/2739 2733/2607/2743
f 2729/2603/2739 2735/2609/2745 2733/2607/2743
f 2729/2603/2739 2737/2611/2747 2735/2609/2745
f 2735/2609/2745 2737/2611/2747 2736/2610/2748
f 2737/2611/2747 2738/2612/2749 2736/2610/2748
f 2737/2611/2747 2728/2602/2738 2738/2612/2749
f 2728/2602/2738 2727/2601/2737 2738/2612/2749
f 2728/2602/2738 2737/2611/2747 2729/2603/2739
f 2739/2613/2750 2740/2614/2751 2741/2615/2752
f 2742/2616/2753 2739/2613/2750 2743/2617/2700
f 2739/2613/2750 2742/2616/2753 2744/2618/2730
f 2744/2618/2730 2745/2619/2754 2739/2613/2750
f 2745/2619/2754 2740/2614/2751 2739/2613/2750
f 2740/2614/2751 2745/2619/2754 2746/2620/2755
f 2747/2621/2756 2740/2614/2751 2746/2620/2755
f 2747/2621/2756 2746/2620/2755 2748/2622/2757
f 2749/2623/2752 2750/2624/2717 2751/2625/2715
f 2750/2624/2717 2749/2623/2752 2752/2626/2758
f 2744/2618/2730 2753/2627/2759 2745/2619/2754
f 2753/2627/2759 2754/2628/2760 2745/2619/2754
f 2745/2619/2754 2754/2628/2760 2746/2620/2755
f 2753/2627/2759 2755/2629/2761 2754/2628/2760
f 2746/2620/2755 2756/2630/2762 2757/2631/2763
f 2754/2628/2760 2756/2630/2762 2746/2620/2755
f 2754/2628/2760 2758/2632/2764 2756/2630/2762
f 2755/2629/2761 2758/2632/2764 2754/2628/2760
f 2758/2632/2764 2755/2629/2761 2759/2633/2765
f 2760/2634/2766 2758/2632/2764 2759/2633/2765
f 2760/2634/2766 2759/2633/2765 2761/2635/2720
f 2762/2636/2767 2760/2634/2766 2761/2635/2720
f 2762/2636/2767 2761/2635/2720 2752/2626/2758
f 2763/2637/2768 2762/2636/2767 2752/2626/2758
f 2752/2626/2758 2749/2623/2752 2763/2637/2768
f 2749/2623/2752 2764/2638/2751 2763/2637/2768
f 2763/2637/2768 2764/2638/2751 2765/2639/2769
f 2764/2638/2751 2766/2640/2770 2765/2639/2769
f 2765/2639/2769 2766/2640/2770 2767/2641/2771
f 2766/2640/2770 2768/2642/2757 2767/2641/2771
f 2767/2641/2771 2768/2642/2757 2769/2643/2772
f 2770/2644/2773 2767/2641/2771 2769/2643/2772
f 2771/2645/2774 2772/2646/2775 2773/2647/2776
f 2772/2646/2775 2774/2648/2777 2773/2647/2776
f 2773/2647/2776 2774/2648/2777 2775/2649/2778
f 2776/2650/2779 2777/2651/2780 2778/2652/2781
f 2777/2651/2780 2779/2653/2782 2778/2652/2781
f 2780/2654/2783 2779/2653/2782 2777/2651/2780
f 2780/2654/2783 2771/2645/2774 2779/2653/2782
f 2771/2645/2774 2773/2647/2776 2779/2653/2782
f 2779/2653/2782 2773/2647/2776 2781/2655/2784
f 2781/2655/2784 2773/2647/2776 2775/2649/2778
f 2781/2655/2784 2775/2649/2778 2782/2656/2785
f 2782/2656/2785 2775/2649/2778 2783/2657/2786
f 2775/2649/2778 2770/2644/2773 2783/2657/2786
f 2775/2649/2778 2774/2648/2777 2770/2644/2773
f 2774/2648/2777 2767/2641/2771 2770/2644/2773
f 2765/2639/2769 2767/2641/2771 2774/2648/2777
f 2772/2646/2775 2765/2639/2769 2774/2648/2777
f 2778/2652/2781 2779/2653/2782 2781/2655/2784
f 2763/2637/2768 2765/2639/2769 2772/2646/2775
f 2762/2636/2767 2763/2637/2768 2772/2646/2775
f 2762/2636/2767 2772/2646/2775 2771/2645/2774
f 2760/2634/2766 2762/2636/2767 2771/2645/2774
f 2760/2634/2766 2771/2645/2774 2780/2654/2783
f 2758/2632/2764 2760/2634/2766 2780/2654/2783
f 2758/2632/2764 2780/2654/2783 2756/2630/2762
f 2756/2630/2762 2780/2654/2783 2777/2651/2780
f 2756/2630/2762 2777/2651/2780 2757/2631/2763
f 2757/2631/2763 2777/2651/2780 2776/2650/2779
f 2784/2658/2787 2757/2631/2763 2776/2650/2779
f 2784/2658/2787 2776/2650/2779 2785/2659/2788
f 2776/2650/2779 2786/2660/2789 2785/2659/2788
f 2776/2650/2779 2778/2652/2781 2786/2660/2789
f 2778/2652/2781 2787/2661/2790 2786/2660/2789
f 2787/2661/2790 2778/2652/2781 2788/2662/2791
f 2778/2652/2781 2781/2655/2784 2788/2662/2791
f 2788/2662/2791 2781/2655/2784 2782/2656/2785
f 2783/2657/2786 2770/2644/2773 2789/2663/2792
f 2770/2644/2773 2769/2643/2772 2789/2663/2792
f 2783/2657/2786 2789/2663/2792 2790/2664/2793
f 2783/2657/2786 2790/2664/2793 2791/2665/2794
f 2782/2656/2785 2783/2657/2786 2791/2665/2794
f 2782/2656/2785 2791/2665/2794 2792/2666/2795
f 2788/2662/2791 2782/2656/2785 2792/2666/2795
f 2792/2666/2795 2793/2667/2796 2788/2662/2791
f 2793/2667/2796 2787/2661/2790 2788/2662/2791
f 2787/2661/2790 2793/2667/2796 2794/2668/2797
f 2786/2660/2789 2787/2661/2790 2794/2668/2797
f 2786/2660/2789 2794/2668/2797 2795/2669/2798
f 2785/2659/2788 2786/2660/2789 2795/2669/2798
f 2785/2659/2788 2795/2669/2798 2796/2670/2799
f 2797/2671/2792 2785/2659/2788 2796/2670/2799
f 2784/2658/2787 2785/2659/2788 2797/2671/2792
f 2798/2672/2772 2784/2658/2787 2797/2671/2792
f 2798/2672/2772 2748/2622/2757 2784/2658/2787
f 2748/2622/2757 2757/2631/2763 2784/2658/2787
f 2746/2620/2755 2757/2631/2763 2748/2622/2757
f 2796/2670/2799 2795/2669/2798 2799/2673/2800
f 2795/2669/2798 2800/2674/2801 2799/2673/2800
f 2800/2674/2801 2795/2669/2798 2794/2668/2797
f 2801/2675/2802 2802/2676/2803 2803/2677/2804
f 2804/2678/2805 2801/2675/2802 2803/2677/2804
f 2804/2678/2805 2803/2677/2804 2799/2673/2800
f 2800/2674/2801 2804/2678/2805 2799/2673/2800
f 2804/2678/2805 2800/2674/2801 2805/2679/2806
f 2805/2679/2806 2800/2674/2801 2794/2668/2797
f 2806/2680/2807 2805/2679/2806 2794/2668/2797
f 2793/2667/2796 2806/2680/2807 2794/2668/2797
f 2806/2680/2807 2793/2667/2796 2792/2666/2795
f 2807/2681/2808 2806/2680/2807 2792/2666/2795
f 2792/2666/2795 2791/2665/2794 2807/2681/2808
f 2791/2665/2794 2808/2682/2809 2807/2681/2808
f 2808/2682/2809 2791/2665/2794 2809/2683/2810
f 2791/2665/2794 2790/2664/2793 2809/2683/2810
f 2801/2675/2802 2804/2678/2805 2810/2684/2811
f 2804/2678/2805 2811/2685/2812 2810/2684/2811
f 2811/2685/2812 2804/2678/2805 2805/2679/2806
f 2811/2685/2812 2805/2679/2806 2812/2686/2813
f 2805/2679/2806 2806/2680/2807 2812/2686/2813
f 2812/2686/2813 2806/2680/2807 2813/2687/2814
f 2806/2680/2807 2807/2681/2808 2813/2687/2814
f 2813/2687/2814 2807/2681/2808 2808/2682/2809
f 2811/2685/2812 2812/2686/2813 2810/2684/2811
f 2814/2688/2815 2815/2689/2816 2802/2676/2803
f 2801/2675/2802 2814/2688/2815 2802/2676/2803
f 2814/2688/2815 2801/2675/2802 2816/2690/2817
f 2801/2675/2802 2810/2684/2811 2816/2690/2817
f 2816/2690/2817 2810/2684/2811 2817/2691/2818
f 2812/2686/2813 2817/2691/2818 2810/2684/2811
f 2818/2692/2819 2817/2691/2818 2812/2686/2813
f 2813/2687/2814 2818/2692/2819 2812/2686/2813
f 2818/2692/2819 2813/2687/2814 2819/2693/2820
f 2819/2693/2820 2813/2687/2814 2808/2682/2809
f 2820/2694/2821 2819/2693/2820 2808/2682/2809
f 2809/2683/2810 2820/2694/2821 2808/2682/2809
f 2820/2694/2821 2809/2683/2810 2821/2695/2800
f 2821/2695/2800 2809/2683/2810 2790/2664/2793
f 2822/2696/2799 2821/2695/2800 2790/2664/2793
f 2789/2663/2792 2822/2696/2799 2790/2664/2793
f 2819/2693/2820 2820/2694/2821 2823/2697/2822
f 2823/2697/2822 2818/2692/2819 2819/2693/2820
f 2823/2697/2822 2824/2698/2823 2818/2692/2819
f 2825/2699/2824 2816/2690/2817 2817/2691/2818
f 2825/2699/2824 2817/2691/2818 2826/2700/2825
f 2817/2691/2818 2818/2692/2819 2826/2700/2825
f 2824/2698/2823 2826/2700/2825 2818/2692/2819
f 2826/2700/2825 2824/2698/2823 2662/2536/2826
f 2824/2698/2823 2827/2701/2827 2662/2536/2826
f 2827/2701/2827 2824/2698/2823 2823/2697/2822
f 2828/2702/2828 2827/2701/2827 2823/2697/2822
f 2820/2694/2821 2828/2702/2828 2823/2697/2822
f 2829/2703/2803 2828/2702/2828 2820/2694/2821
f 2830/2704/2829 2829/2703/2803 2820/2694/2821
f 2830/2704/2829 2820/2694/2821 2821/2695/2800
f 2829/2703/2803 2831/2705/2816 2828/2702/2828
f 2831/2705/2816 2827/2701/2827 2828/2702/2828
f 2832/2706/2830 2833/2707/2831 2834/2708/2832
f 2834/2708/2832 2833/2707/2831 2835/2709/2833
f 2834/2708/2832 2835/2709/2833 2836/2710/2834
f 2835/2709/2833 2837/2711/2835 2836/2710/2834
f 2837/2711/2835 2838/2712/2836 2836/2710/2834
f 2837/2711/2835 2839/2713/2837 2838/2712/2836
f 2839/2713/2837 2840/2714/2838 2838/2712/2836
f 2840/2714/2838 2839/2713/2837 2841/2715/2839
f 2839/2713/2837 2842/2716/2840 2841/2715/2839
f 2839/2713/2837 2843/2717/2841 2842/2716/2840
f 2843/2717/2841 2839/2713/2837 2837/2711/2835
f 2844/2718/2842 2843/2717/2841 2837/2711/2835
f 2844/2718/2842 2837/2711/2835 2835/2709/2833
f 2845/2719/2843 2844/2718/2842 2835/2709/2833
f 2833/2707/2831 2845/2719/2843 2835/2709/2833
f 2833/2707/2831 2846/2720/2844 2845/2719/2843
f 2847/2721/2845 2846/2720/2844 2833/2707/2831
f 2847/2721/2845 2848/2722/2846 2846/2720/2844
f 2849/2723/2847 2850/2724/2848 2851/2725/2849
f 2849/2723/2847 2852/2726/2850 2853/2727/2851
f 2852/2726/2850 2849/2723/2847 2851/2725/2849
f 2852/2726/2850 2851/2725/2849 2854/2728/2852
f 2853/2727/2851 2834/2708/2832 2836/2710/2834
f 2852/2726/2850 2834/2708/2832 2853/2727/2851
f 2852/2726/2850 2832/2706/2830 2834/2708/2832
f 2832/2706/2830 2852/2726/2850 2854/2728/2852
f 2832/2706/2830 2854/2728/2852 2855/2729/2853
f 2856/2730/2704 2857/2731/2854 2848/2722/2846
f 2848/2722/2846 2847/2721/2845 2856/2730/2704
f 2847/2721/2845 2855/2729/2853 2856/2730/2704
f 2847/2721/2845 2832/2706/2830 2855/2729/2853
f 2832/2706/2830 2847/2721/2845 2833/2707/2831
f 2858/2732/2855 2859/2733/2856 2860/2734/2857
f 2859/2733/2856 2861/2735/2858 2860/2734/2857
f 2861/2735/2858 2862/2736/2859 2860/2734/2857
f 2862/2736/2859 2863/2737/2860 2860/2734/2857
f 2863/2737/2860 2862/2736/2859 2864/2738/2861
f 2865/2739/2560 2866/2740/2562 2867/2741/2667
f 2868/2742/2862 2869/2743/2863 2870/2744/2662
f 2869/2743/2863 2871/2745/2664 2870/2744/2662
f 2872/2746/2665 2871/2745/2664 2869/2743/2863
f 2873/2747/2864 2874/2748/2865 2875/2749/2663
f 2874/2748/2865 2876/2750/2661 2875/2749/2663
f 2870/2744/2662 2876/2750/2661 2874/2748/2865
f 2868/2742/2862 2870/2744/2662 2874/2748/2865
f 2877/2751/2866 2868/2742/2862 2874/2748/2865
f 2868/2742/2862 2877/2751/2866 2864/2738/2861
f 2869/2743/2863 2868/2742/2862 2864/2738/2861
f 2862/2736/2859 2869/2743/2863 2864/2738/2861
f 2862/2736/2859 2872/2746/2665 2869/2743/2863
f 2862/2736/2859 2861/2735/2858 2872/2746/2665
f 2861/2735/2858 2878/2752/2867 2872/2746/2665
f 2867/2741/2667 2878/2752/2867 2861/2735/2858
f 2859/2733/2856 2867/2741/2667 2861/2735/2858
f 2859/2733/2856 2865/2739/2560 2867/2741/2667
f 2865/2739/2560 2859/2733/2856 2858/2732/2855
f 2879/2753/2541 2865/2739/2560 2858/2732/2855
f 2879/2753/2541 2858/2732/2855 2880/2754/2542
f 2858/2732/2855 2881/2755/2868 2880/2754/2542
f 2858/2732/2855 2860/2734/2857 2881/2755/2868
f 2860/2734/2857 2882/2756/2869 2881/2755/2868
f 2860/2734/2857 2863/2737/2860 2882/2756/2869
f 2875/2749/2663 2883/2757/2673 2884/2758/2870
f 2884/2758/2870 2883/2757/2673 2885/2759/2871
f 2886/2760/2872 2884/2758/2870 2885/2759/2871
f 2886/2760/2872 2885/2759/2871 2537/2411/2556
f 2885/2759/2871 2887/2761/2671 2537/2411/2556
f 2537/2411/2556 2887/2761/2671 2538/2412/2557
f 2863/2737/2860 2888/2762/2873 2882/2756/2869
f 2888/2762/2873 2863/2737/2860 2864/2738/2861
f 2889/2763/2874 2888/2762/2873 2864/2738/2861
f 2864/2738/2861 2877/2751/2866 2889/2763/2874
f 2877/2751/2866 2890/2764/2875 2889/2763/2874
f 2890/2764/2875 2877/2751/2866 2891/2765/2876
f 2891/2765/2876 2877/2751/2866 2874/2748/2865
f 2891/2765/2876 2874/2748/2865 2892/2766/2877
f 2874/2748/2865 2873/2747/2864 2892/2766/2877
f 2873/2747/2864 2893/2767/2878 2892/2766/2877
f 2873/2747/2864 2875/2749/2663 2893/2767/2878
f 2893/2767/2878 2875/2749/2663 2894/2768/2879
f 2894/2768/2879 2875/2749/2663 2884/2758/2870
f 2884/2758/2870 2895/2769/2880 2894/2768/2879
f 2895/2769/2880 2884/2758/2870 2886/2760/2872
f 2535/2409/2554 2895/2769/2880 2886/2760/2872
f 2886/2760/2872 2537/2411/2556 2535/2409/2554
f 2537/2411/2556 2536/2410/2555 2535/2409/2554
f 2888/2762/2881 2889/2763/2882 2882/2756/2881
f 2889/2763/2882 2896/2770/2883 2882/2756/2881
f 2889/2763/2882 2890/2764/2875 2896/2770/2883
f 2890/2764/2875 2897/2771/2884 2896/2770/2883
f 2897/2771/2884 2890/2764/2875 2891/2765/2876
f 2897/2771/2884 2898/2772/2885 2896/2770/2883
f 2899/2773/2886 2898/2772/2885 2897/2771/2884
f 2898/2772/2885 2899/2773/2886 2900/2774/2887
f 2900/2774/2887 2899/2773/2886 2901/2775/2888
f 2901/2775/2888 2899/2773/2886 2897/2771/2884
f 2901/2775/2888 2897/2771/2884 2902/2776/2889
f 2902/2776/2889 2897/2771/2884 2891/2765/2876
f 2891/2765/2876 2903/2777/2890 2902/2776/2889
f 2903/2777/2890 2891/2765/2876 2892/2766/2877
f 2904/2778/2891 2903/2777/2890 2892/2766/2877
f 2905/2779/2892 2904/2778/2891 2892/2766/2877
f 2906/2780/2893 2904/2778/2891 2905/2779/2892
f 2907/2781/2894 2906/2780/2893 2905/2779/2892
f 2906/2780/2893 2907/2781/2894 2895/2769/2880
f 2895/2769/2880 2907/2781/2894 2894/2768/2879
f 2894/2768/2879 2907/2781/2894 2905/2779/2892
f 2893/2767/2878 2894/2768/2879 2905/2779/2892
f 2893/2767/2878 2905/2779/2892 2892/2766/2877
f 2908/2782/2895 2909/2783/2896 2910/2784/2897
f 2909/2783/2896 2908/2782/2895 2903/2777/2890
f 2904/2778/2891 2906/2780/2893 2911/2785/2898
f 2904/2778/2891 2911/2785/2898 2903/2777/2890
f 2911/2785/2898 2909/2783/2896 2903/2777/2890
f 2912/2786/2899 2909/2783/2896 2911/2785/2898
f 2898/2772/2689 2909/2783/2896 2912/2786/2899
f 2909/2783/2896 2898/2772/2689 2900/2774/2887
f 2909/2783/2896 2900/2774/2887 2910/2784/2897
f 2910/2784/2897 2900/2774/2887 2901/2775/2888
f 2908/2782/2895 2910/2784/2897 2901/2775/2888
f 2902/2776/2889 2908/2782/2895 2901/2775/2888
f 2908/2782/2895 2902/2776/2889 2903/2777/2890
f 2534/2408/2553 2913/2787/2900 2914/2788/2901
f 2913/2787/2900 2915/2789/2902 2914/2788/2901
f 2916/2790/2903 2915/2789/2902 2913/2787/2900
f 2913/2787/2900 2534/2408/2553 2916/2790/2903
f 2529/2403/2904 2542/2416/2904 2917/2791/2905
f 2530/2404/2905 2529/2403/2904 2917/2791/2905
f 2530/2404/2905 2917/2791/2905 2533/2407/2552
f 2917/2791/2905 2918/2792/2906 2533/2407/2552
f 2534/2408/2553 2533/2407/2552 2918/2792/2906
f 2919/2793/2907 2534/2408/2553 2918/2792/2906
f 2916/2790/2903 2534/2408/2553 2919/2793/2907
f 2920/2794/2908 2916/2790/2903 2919/2793/2907
f 2915/2789/2902 2916/2790/2903 2920/2794/2908
f 2915/2789/2902 2920/2794/2908 2921/2795/2909
f 2922/2796/2910 2915/2789/2902 2921/2795/2909
f 2922/2796/2910 2921/2795/2909 2918/2792/2911
f 2922/2796/2910 2918/2792/2911 2923/2797/2697
f 2923/2797/2697 2911/2785/2898 2922/2796/2910
f 2922/2796/2910 2911/2785/2898 2915/2789/2902
f 2911/2785/2898 2906/2780/2893 2915/2789/2902
f 2915/2789/2902 2906/2780/2893 2914/2788/2901
f 2895/2769/2880 2914/2788/2901 2906/2780/2893
f 2914/2788/2901 2895/2769/2880 2534/2408/2553
f 2534/2408/2553 2895/2769/2880 2535/2409/2554
f 2921/2795/2909 2919/2793/2907 2918/2792/2906
f 2921/2795/2909 2920/2794/2908 2919/2793/2907
f 2924/2798/2912 2925/2799/2913 2926/2800/2914
f 2926/2800/2914 2925/2799/2913 2927/2801/2915
f 2925/2799/2913 2928/2802/2689 2927/2801/2915
f 2734/2608/2916 2927/2801/2915 2732/2606/2917
f 2732/2606/2917 2927/2801/2915 2731/2605/2918
f 2927/2801/2915 2928/2802/2689 2731/2605/2918
f 2928/2802/2689 2929/2803/2919 2731/2605/2918
f 2738/2612/2920 2727/2601/2921 2930/2804/2922
f 2930/2804/2922 2727/2601/2921 2931/2805/2923
f 2932/2806/2911 2930/2804/2922 2931/2805/2923
f 2933/2807/2924 2930/2804/2922 2932/2806/2911
f 2934/2808/2924 2933/2807/2924 2932/2806/2911
f 2935/2809/2925 2933/2807/2924 2934/2808/2924
f 2727/2601/2921 2726/2600/2926 2931/2805/2923
f 2936/2810/2927 2725/2599/2928 2724/2598/2929
f 2937/2811/2687 2938/2812/2697 2939/2813/2930
f 2940/2814/2931 2937/2811/2687 2939/2813/2930
f 2940/2814/2931 2929/2803/2688 2937/2811/2687
f 2929/2803/2688 2940/2814/2931 2731/2605/2932
f 2940/2814/2931 2724/2598/2929 2731/2605/2932
f 2724/2598/2929 2940/2814/2931 2936/2810/2927
f 2936/2810/2927 2940/2814/2931 2939/2813/2930
f 2725/2599/2928 2936/2810/2927 2939/2813/2930
f 2725/2599/2928 2939/2813/2930 2726/2600/2933
f 2939/2813/2930 2931/2805/2923 2726/2600/2933
f 2941/2815/2930 2942/2816/2697 2943/2817/2923
f 2942/2816/2697 2944/2818/2934 2943/2817/2923
f 2945/2819/2935 2946/2820/2936 2947/2821/2937
f 2948/2822/2938 2949/2374/2939 2950/2823/2935
f 2949/2374/2939 2948/2822/2938 2951/2375/2940
f 2951/2375/2940 2948/2822/2938 2952/2824/2941
f 2951/2375/2940 2952/2824/2941 2953/2377/2942
f 2953/2377/2942 2952/2824/2941 2954/2825/2943
f 2954/2825/2943 2955/2379/2944 2953/2377/2942
f 2955/2379/2944 2954/2825/2943 2956/2381/2945
f 2957/2826/2946 2956/2381/2945 2954/2825/2943
f 2957/2826/2946 2958/2827/2947 2956/2381/2945
f 2958/2827/2947 2959/2828/2948 2956/2381/2945
f 2959/2828/2948 2958/2827/2947 2960/2829/2949
f 2961/2830/2950 2959/2828/2948 2960/2829/2949
f 2961/2830/2950 2960/2829/2949 2947/2821/2937
f 2960/2829/2949 2962/2831/2951 2947/2821/2937
f 2962/2831/2951 2963/2832/2952 2947/2821/2937
f 2963/2832/2952 2945/2819/2935 2947/2821/2937
f 2964/2833/2953 2945/2819/2935 2963/2832/2952
f 2965/2834/2954 2966/2835/2954 2967/2836/2954
f 2966/2835/2954 2968/2837/2955 2967/2836/2954
f 2968/2837/2955 2969/2838/2954 2967/2836/2954
f 2968/2837/2955 2970/2839/2956 2969/2838/2954
f 2970/2839/2956 2971/2840/2957 2969/2838/2954
f 2972/2841/2958 2973/2842/2959 2974/2843/2960
f 2975/2844/2961 2972/2841/2958 2974/2843/2960
f 2975/2844/2961 2974/2843/2960 2976/2845/2962
f 2977/2846/2963 2975/2844/2961 2976/2845/2962
f 2977/2846/2963 2976/2845/2962 2978/2847/2964
f 2979/2848/2965 2977/2846/2963 2978/2847/2964
f 2979/2848/2965 2980/2849/2966 2977/2846/2963
f 2980/2849/2966 2981/2850/2967 2977/2846/2963
f 2980/2849/2966 2982/2851/2968 2981/2850/2967
f 2975/2844/2961 2977/2846/2963 2981/2850/2967
f 2982/2851/2968 2983/2852/2969 2984/2853/2970
f 2985/2854/2971 2982/2851/2968 2984/2853/2970
f 2982/2851/2968 2985/2854/2971 2981/2850/2967
f 2986/2855/2972 2981/2850/2967 2985/2854/2971
f 2986/2855/2972 2975/2844/2961 2981/2850/2967
f 2986/2855/2972 2987/2856/2973 2975/2844/2961
f 2987/2856/2973 2972/2841/2958 2975/2844/2961
f 2988/2857/2974 2972/2841/2958 2987/2856/2973
f 2972/2841/2958 2988/2857/2974 2973/2842/2959
f 2988/2857/2974 2989/2858/2975 2973/2842/2959
f 2990/2859/2838 2989/2858/2975 2988/2857/2974
f 2984/2853/2970 2983/2852/2969 2991/2860/2976
f 2984/2853/2970 2991/2860/2976 2992/2861/2977
f 2984/2853/2970 2992/2861/2977 2985/2854/2971
f 2992/2861/2977 2993/2862/2978 2985/2854/2971
f 2993/2862/2978 2986/2855/2972 2985/2854/2971
f 2993/2862/2978 2994/2863/2979 2986/2855/2972
f 2994/2863/2979 2987/2856/2973 2986/2855/2972
f 2987/2856/2973 2994/2863/2979 2995/2864/2980
f 2995/2864/2980 2988/2857/2974 2987/2856/2973
f 2996/2865/2981 2988/2857/2974 2995/2864/2980
f 2996/2865/2981 2990/2859/2838 2988/2857/2974
f 2996/2865/2981 2997/2866/2982 2990/2859/2838
f 2997/2866/2982 2998/2867/2836 2990/2859/2838
f 2998/2867/2836 2997/2866/2982 2999/2868/2983
f 2997/2866/2982 3000/2869/2984 2999/2868/2983
f 3001/2870/2851 2999/2868/2983 3000/2869/2984
f 3002/2871/2985 3001/2870/2851 3000/2869/2984
f 3002/2871/2985 3000/2869/2984 3003/2872/2986
f 3004/2873/2987 2996/2865/2981 2995/2864/2980
f 3004/2873/2987 3005/2874/2988 2996/2865/2981
f 3005/2874/2988 2997/2866/2982 2996/2865/2981
f 3005/2874/2988 3003/2872/2986 2997/2866/2982
f 3003/2872/2986 3000/2869/2984 2997/2866/2982
f 2994/2863/2979 3006/2875/2989 2995/2864/2980
f 3004/2873/2987 2995/2864/2980 3006/2875/2989
f 3007/2876/2990 3004/2873/2987 3006/2875/2989
f 3005/2874/2988 3004/2873/2987 3007/2876/2990
f 3008/2877/2991 3005/2874/2988 3007/2876/2990
f 3005/2874/2988 3008/2877/2991 3009/2878/2992
f 3003/2872/2986 3005/2874/2988 3009/2878/2992
f 3010/2879/2993 3003/2872/2986 3009/2878/2992
f 3010/2879/2993 3002/2871/2985 3003/2872/2986
f 3011/2880/2994 3002/2871/2985 3010/2879/2993
f 3011/2880/2994 3012/2881/2847 3002/2871/2985
f 3012/2881/2847 3001/2870/2851 3002/2871/2985
f 3012/2881/2847 3013/2882/2995 3014/2883/2715
f 3012/2881/2847 3011/2880/2994 3013/2882/2995
f 3011/2880/2994 3015/2884/2750 3013/2882/2995
f 3015/2884/2750 3011/2880/2994 3016/2885/2996
f 3016/2885/2996 3011/2880/2994 3010/2879/2993
f 3016/2885/2996 3010/2879/2993 3017/2886/2997
f 3017/2886/2997 3010/2879/2993 3009/2878/2992
f 3017/2886/2997 3009/2878/2992 3018/2887/2998
f 3009/2878/2992 3008/2877/2991 3018/2887/2998
f 3008/2877/2991 3019/2888/2999 3018/2887/2998
f 3008/2877/2991 3007/2876/2990 3019/2888/2999
f 3020/2889/2960 3021/2890/3000 3022/2891/3001
f 3021/2890/3000 2841/2715/2839 3022/2891/3001
f 2841/2715/2839 2842/2716/2840 3022/2891/3001
f 2842/2716/2840 3023/2892/3002 3022/2891/3001
f 2843/2717/2841 3023/2892/3002 2842/2716/2840
f 2843/2717/2841 3024/2893/3003 3023/2892/3002
f 3024/2893/3003 2843/2717/2841 2844/2718/2842
f 3019/2888/2999 3024/2893/3003 2844/2718/2842
f 3019/2888/2999 2844/2718/2842 2845/2719/2843
f 3018/2887/2998 3019/2888/2999 2845/2719/2843
f 2846/2720/2844 3018/2887/2998 2845/2719/2843
f 2846/2720/2844 3017/2886/2997 3018/2887/2998
f 2848/2722/2846 3017/2886/2997 2846/2720/2844
f 2848/2722/2846 3016/2885/2996 3017/2886/2997
f 2857/2731/2854 3016/2885/2996 2848/2722/2846
f 2857/2731/2854 3015/2884/2750 3016/2885/2996
f 3024/2893/3003 3025/2894/3004 3023/2892/3002
f 3023/2892/3002 3025/2894/3004 3026/2895/3005
f 3023/2892/3002 3026/2895/3005 3022/2891/3001
f 3027/2896/2964 3028/2897/3006 3029/2898/3007
f 3025/2894/3004 3030/2899/3008 3026/2895/3005
f 3007/2876/2990 3024/2893/3003 3019/2888/2999
f 3007/2876/2990 3006/2875/2989 3024/2893/3003
f 3006/2875/2989 3025/2894/3004 3024/2893/3003
f 3006/2875/2989 2994/2863/2979 3025/2894/3004
f 2994/2863/2979 3030/2899/3008 3025/2894/3004
f 3030/2899/3008 2994/2863/2979 2993/2862/2978
f 2992/2861/2977 3030/2899/3008 2993/2862/2978
f 3030/2899/3008 2992/2861/2977 3026/2895/3005
f 2992/2861/2977 3031/2900/3009 3026/2895/3005
f 3022/2891/3001 3026/2895/3005 3031/2900/3009
f 3032/2901/3010 3022/2891/3001 3031/2900/3009
f 3032/2901/3010 3020/2889/2960 3022/2891/3001
f 3020/2889/2960 3032/2901/3010 3033/2902/3011
f 3028/2897/3006 3020/2889/2960 3033/2902/3011
f 3028/2897/3006 3033/2902/3011 3029/2898/3007
f 3029/2898/3007 3033/2902/3011 2991/2860/2976
f 3034/2903/3012 3029/2898/3007 2991/2860/2976
f 2983/2852/2969 3034/2903/3012 2991/2860/2976
f 3032/2901/3010 3031/2900/3009 3033/2902/3011
f 3031/2900/3009 2991/2860/2976 3033/2902/3011
f 2991/2860/2976 3031/2900/3009 2992/2861/2977
f 3034/2903/3013 3035/2904/3014 3029/2898/3015
f 3035/2904/3014 3036/2905/3016 3029/2898/3015
f 3027/2896/3017 3029/2898/3015 3036/2905/3016
f 3036/2905/3016 3037/2906/3018 3027/2896/3017
f 2978/2847/3017 3037/2906/3018 2979/2848/3019
f 3038/2907/3020 2979/2848/3019 3037/2906/3018
f 2979/2848/3019 3038/2907/3020 2980/2849/3021
f 3039/2908/3022 2980/2849/3021 3038/2907/3020
f 2982/2851/3023 2980/2849/3021 3039/2908/3022
f 2982/2851/3023 3039/2908/3022 2983/2852/3024
f 3040/2909/3025 2983/2852/3024 3039/2908/3022
f 2983/2852/3024 3040/2909/3025 3034/2903/3026
f 2425/2054/2459 3041/2095/3027 3042/2102/3028
f 2425/2054/2459 3042/2102/3028 3043/2118/3029
f 2416/2142/2454 2425/2054/2459 3043/2118/3029
f 3043/2118/3029 3044/2117/3030 2416/2142/2454
f 3044/2117/3030 3043/2118/3029 3045/2119/3031
f 3046/2116/3032 3044/2117/3030 3045/2119/3031
f 3046/2116/3032 3045/2119/3031 3047/2910/3033
f 3047/2910/3033 3045/2119/3031 3048/2911/3034
f 3049/2912/3035 3047/2910/3033 3048/2911/3034
f 3049/2912/3035 3048/2911/3034 3050/2913/3036
f 3048/2911/3034 3051/2914/3037 3050/2913/3036
f 3048/2911/3034 3052/2915/3038 3051/2914/3037
f 3045/2119/3031 3052/2915/3038 3048/2911/3034
f 3045/2119/3031 3043/2118/3029 3052/2915/3038
f 3043/2118/3029 3042/2102/3028 3053/2916/3039
f 3043/2118/3029 3053/2916/3039 3052/2915/3038
f 3054/2917/3040 3055/2918/3041 3056/2919/3042
f 3057/2920/3043 3049/2912/3035 3055/2918/3041
f 3049/2912/3035 3050/2913/3036 3055/2918/3041
f 3055/2918/3041 3050/2913/3036 3056/2919/3042
f 3056/2919/3042 3050/2913/3036 3058/2921/2953
f 3050/2913/3036 3051/2914/3037 3058/2921/2953
f 3051/2914/3037 3059/2922/3044 3058/2921/2953
f 3052/2915/3038 3059/2922/3044 3051/2914/3037
f 3052/2915/3038 3060/2923/3045 3059/2922/3044
f 3052/2915/3038 3053/2916/3039 3060/2923/3045
f 3053/2916/3039 3061/2147/3046 3060/2923/3045
f 3042/2102/3028 3061/2147/3046 3053/2916/3039
f 3042/2102/3028 3062/2924/3047 3061/2147/3046
f 3041/2095/3027 3062/2924/3047 3042/2102/3028
f 3062/2924/3047 3041/2095/3027 2383/2292/2430
f 2383/2292/2430 3041/2095/3027 2385/2294/2432
f 2385/2294/2432 3041/2095/3027 2386/2295/2433
f 2386/2295/2433 3041/2095/3027 2425/2054/2459
f 2388/2297/2434 2386/2295/2433 2425/2054/2459
f 2383/2292/2430 2382/2291/2429 3062/2924/3047
f 3062/2924/3047 3063/2148/3048 3061/2147/3046
f 3064/2925/3049 3065/2026/3050 3066/2926/3051
f 3065/2026/3050 3067/2027/3052 3066/2926/3051
f 3065/2026/3050 3068/2028/3053 3067/2027/3052
f 3068/2028/3053 3069/2029/3054 3067/2027/3052
f 3069/2029/3054 3068/2028/3053 3070/2927/3055
f 3071/2031/3056 3069/2029/3054 3070/2927/3055
f 3071/2031/3056 3070/2927/3055 3072/2033/3057
f 3070/2927/3055 3073/2928/3058 3072/2033/3057
f 3074/2929/3059 3072/2033/3057 3073/2928/3058
f 3075/2148/3060 3074/2929/3059 3073/2928/3058
f 3063/2148/3048 3074/2929/3059 3075/2148/3060
f 3063/2148/3048 3075/2148/3060 3061/2147/3046
f 3076/2930/3061 3061/2147/3046 3075/2148/3060
f 3061/2147/3046 3076/2930/3061 3060/2923/3045
f 3077/2931/3062 3060/2923/3045 3076/2930/3061
f 3078/2932/3063 3060/2923/3045 3077/2931/3062
f 3077/2931/3062 3079/2933/3064 3078/2932/3063
f 3079/2933/3064 3080/2934/3065 3078/2932/3063
f 3081/2032/3066 3073/2928/3058 3070/2927/3055
f 3075/2148/3060 3073/2928/3058 3081/2032/3066
f 3082/2935/3067 3075/2148/3060 3081/2032/3066
f 3082/2935/3067 3076/2930/3061 3075/2148/3060
f 3077/2931/3062 3083/2936/3068 3079/2933/3064
f 3083/2936/3068 3077/2931/3062 3076/2930/3061
f 3083/2936/3068 3076/2930/3061 3084/2036/3069
f 3076/2930/3061 3082/2935/3067 3084/2036/3069
f 3084/2036/3069 3082/2935/3067 3085/2035/3070
f 3082/2935/3067 3081/2032/3066 3085/2035/3070
f 3085/2035/3070 3081/2032/3066 3086/2034/3071
f 3087/2015/3072 3086/2034/3071 3088/2028/3073
f 3086/2034/3071 3089/2030/3074 3088/2028/3073
f 3081/2032/3066 3089/2030/3074 3086/2034/3071
f 3089/2030/3074 3081/2032/3066 3070/2927/3055
f 3088/2028/3073 3089/2030/3074 3070/2927/3055
f 3068/2028/3053 3088/2028/3073 3070/2927/3055
f 3088/2028/3073 3068/2028/3053 3065/2026/3050
f 3088/2028/3073 3065/2026/3050 3064/2925/3049
f 3087/2015/3072 3088/2028/3073 3064/2925/3049
f 3087/2015/3072 3064/2925/3049 3090/2937/3075
f 3091/2016/3076 3087/2015/3072 3090/2937/3075
f 3086/2034/3071 3087/2015/3072 3091/2016/3076
f 3092/2039/3077 3086/2034/3071 3091/2016/3076
f 3085/2035/3070 3086/2034/3071 3092/2039/3077
f 3093/2038/3078 3085/2035/3070 3092/2039/3077
f 3084/2036/3069 3085/2035/3070 3093/2038/3078
f 3094/2037/3079 3084/2036/3069 3093/2038/3078
f 3083/2936/3068 3084/2036/3069 3094/2037/3079
f 3095/2938/3080 3083/2936/3068 3094/2037/3079
f 3083/2936/3068 3095/2938/3080 3079/2933/3064
f 3060/2923/3045 3078/2932/3063 3059/2922/3044
f 3078/2932/3063 3096/2939/2941 3059/2922/3044
f 3096/2939/2941 3058/2921/2953 3059/2922/3044
f 3078/2932/3063 3080/2934/3065 3096/2939/2941
f 3097/2940/2521 3098/2941/2527 3096/2939/2941
f 3080/2934/3065 3097/2940/2521 3096/2939/2941
f 3097/2940/2521 3080/2934/3065 3099/2942/2522
f 3080/2934/3065 3079/2933/3064 3099/2942/2522
f 3099/2942/2522 3079/2933/3064 3100/2943/2530
f 3079/2933/3064 3095/2938/3080 3100/2943/2530
f 3100/2943/2530 3095/2938/3080 3101/2944/2532
f 3095/2938/3080 3094/2037/3079 3101/2944/2532
f 3101/2944/2532 3094/2037/3079 3102/2945/2534
f 3094/2037/3079 3093/2038/3078 3102/2945/2534
f 3102/2945/2534 3093/2038/3078 3103/2946/2536
f 3093/2038/3078 3092/2039/3077 3103/2946/2536
f 3103/2946/2536 3092/2039/3077 3104/2947/2538
f 3092/2039/3077 3091/2016/3076 3104/2947/2538
f 3104/2947/2538 3091/2016/3076 3105/2948/2540
f 3091/2016/3076 3090/2937/3075 3105/2948/2540
f 3105/2948/2540 3090/2937/3075 3106/2023/3081
f 3090/2937/3075 3107/2949/3082 3106/2023/3081
f 3090/2937/3075 3064/2925/3049 3107/2949/3082
f 3064/2925/3049 3066/2926/3051 3107/2949/3082
f 3106/2023/3081 3107/2949/3082 3108/2023/3083
f 3107/2949/3082 3109/2950/3084 3108/2023/3083
f 3107/2949/3082 3066/2926/3051 3109/2950/3084
f 3066/2926/3051 3110/2025/3085 3109/2950/3084
f 3067/2027/3052 3110/2025/3085 3066/2926/3051
f 3109/2950/3084 3110/2025/3085 3108/2023/3083
f 3110/2025/3085 3111/2024/3086 3108/2023/3083
f 3112/2951/3087 3113/2952/3088 3114/2953/3089
f 3115/2954/3090 3116/2955/3091 3117/2956/3092
f 3118/2957/3093 3119/2958/3094 3120/2959/3020
f 3118/2957/3093 3120/2959/3020 3121/2960/3095
f 3122/2961/3018 3121/2960/3095 3120/2959/3020
f 3121/2960/3095 3122/2961/3018 3123/2962/3016
f 3124/2963/3096 3121/2960/3095 3123/2962/3016
f 3124/2963/3096 3123/2962/3016 3125/2964/3097
f 3121/2960/3095 3124/2963/3096 3125/2964/3097
f 3126/2965/3098 3121/2960/3095 3125/2964/3097
f 3121/2960/3095 3126/2965/3098 3118/2957/3093
f 3117/2956/3092 3118/2957/3093 3126/2965/3098
f 3118/2957/3093 3117/2956/3092 3119/2958/3094
f 3116/2955/3091 3119/2958/3094 3117/2956/3092
f 3127/2966/3099 3119/2958/3094 3116/2955/3091
f 3116/2955/3091 3128/2967/3100 3127/2966/3099
f 3128/2967/3100 3116/2955/3091 3115/2954/3090
f 3113/2952/3088 3128/2967/3100 3115/2954/3090
f 3113/2952/3088 3115/2954/3090 3114/2953/3089
f 3114/2953/3089 3115/2954/3090 3117/2956/3092
f 3129/2968/3101 3114/2953/3089 3117/2956/3092
f 3129/2968/3101 3117/2956/3092 3126/2965/3098
f 3125/2964/3097 3130/2969/3102 3131/2970/3103
f 3123/2962/3016 3130/2969/3102 3125/2964/3097
f 3130/2969/3102 3123/2962/3016 3132/2971/3014
f 3131/2970/3103 3130/2969/3102 3132/2971/3014
f 3131/2970/3103 3132/2971/3014 3133/2972/3026
f 3134/2973/3104 3131/2970/3103 3133/2972/3026
f 3134/2973/3104 3133/2972/3026 3135/2974/3105
f 3136/2975/3106 3137/2976/3107 3138/2977/3108
f 3136/2975/3106 3138/2977/3108 3139/2978/3109
f 3140/2979/3110 3129/2968/3101 3126/2965/3098
f 3140/2979/3110 3126/2965/3098 3125/2964/3097
f 3141/2980/3111 3140/2979/3110 3125/2964/3097
f 3142/2981/3112 3141/2980/3111 3125/2964/3097
f 3143/2982/3113 3142/2981/3112 3125/2964/3097
f 3143/2982/3113 3125/2964/3097 3131/2970/3103
f 3144/2983/3114 3143/2982/3113 3131/2970/3103
f 3131/2970/3103 3134/2973/3104 3144/2983/3114
f 3144/2983/3114 3134/2973/3104 3145/2984/3115
f 3135/2974/3105 3145/2984/3115 3134/2973/3104
f 3146/2985/3116 3145/2984/3115 3135/2974/3105
f 3137/2976/3107 3146/2985/3116 3135/2974/3105
f 3147/2986/3117 3146/2985/3116 3137/2976/3107
f 3136/2975/3106 3147/2986/3117 3137/2976/3107
f 3147/2986/3117 3136/2975/3106 3148/2987/3118
f 3136/2975/3106 3139/2978/3109 3148/2987/3118
f 3148/2987/3118 3139/2978/3109 3149/2988/3119
f 3138/2977/3108 3149/2988/3119 3139/2978/3109
f 3150/2989/3120 3142/2981/3112 3143/2982/3113
f 3151/2990/3087 3152/2991/3121 3153/2992/3122
f 3152/2991/3121 3154/2993/3123 3153/2992/3122
f 3153/2992/3122 3154/2993/3123 3155/2994/3100
f 3155/2994/3100 3154/2993/3123 3156/2995/3124
f 3154/2993/3123 3149/2988/3119 3156/2995/3124
f 3154/2993/3123 3148/2987/3118 3149/2988/3119
f 3157/2996/3125 3148/2987/3118 3154/2993/3123
f 3147/2986/3117 3148/2987/3118 3157/2996/3125
f 3158/2997/3126 3147/2986/3117 3157/2996/3125
f 3158/2997/3126 3150/2989/3120 3147/2986/3117
f 3150/2989/3120 3146/2985/3116 3147/2986/3117
f 3146/2985/3116 3150/2989/3120 3143/2982/3113
f 3143/2982/3113 3144/2983/3114 3146/2985/3116
f 3145/2984/3115 3146/2985/3116 3144/2983/3114
f 3152/2991/3121 3157/2996/3125 3154/2993/3123
f 3159/2998/3043 3160/2999/3127 3161/3000/3128
f 3161/3000/3128 3160/2999/3127 3162/3001/3129
f 3163/3002/3130 3159/2998/3043 3164/3003/3131
f 3164/3003/3131 3159/2998/3043 3161/3000/3128
f 3164/3003/3131 3161/3000/3128 3165/3004/3132
f 3165/3004/3132 3161/3000/3128 3162/3001/3129
f 3166/3005/2949 3165/3004/3132 3162/3001/3129
f 3167/2271/3133 3168/2270/3134 3169/3006/3135
f 3170/3007/3136 3169/3006/3135 3168/2270/3134
f 3170/3007/3136 3168/2270/3134 3171/3008/3137
f 3170/3007/3136 3171/3008/3137 3172/3008/3138
f 3173/3009/3139 3170/3007/3136 3172/3008/3138
f 3169/3006/3135 3170/3007/3136 3173/3009/3139
f 3174/3006/3140 3169/3006/3135 3173/3009/3139
f 3169/3006/3135 3174/3006/3140 3175/3010/3141
f 3175/3010/3141 3167/2271/3133 3169/3006/3135
f 3175/3010/3141 3163/3002/3130 3167/2271/3133
f 3163/3002/3130 3176/3011/3142 3167/2271/3133
f 3176/3011/3142 3163/3002/3130 3164/3003/3131
f 3176/3011/3142 3164/3003/3131 3177/3012/3143
f 3177/3012/3143 3164/3003/3131 3165/3004/3132
f 3177/3012/3143 3165/3004/3132 2505/2389/2524
f 2505/2389/2524 3165/3004/3132 3166/3005/2949
f 3178/3013/3144 2505/2389/2524 3166/3005/2949
f 2505/2389/2524 3178/3013/3144 2506/2390/2525
f 3179/3014/3145 3180/3015/3146 3181/3016/3147
f 3179/3014/3145 3182/3017/3148 3180/3015/3146
f 3182/3017/3148 3183/3017/3149 3180/3015/3146
f 3182/3017/3148 3184/3018/3150 3183/3017/3149
f 3183/3017/3149 3184/3018/3150 3185/3019/3151
f 3184/3018/3150 3172/3008/3138 3185/3019/3151
f 3172/3008/3138 3171/3008/3137 3185/3019/3151
f 3171/3008/3137 3186/3020/3152 3185/3019/3151
f 3168/2270/3134 3186/3020/3152 3171/3008/3137
f 3186/3020/3152 3168/2270/3134 3187/2269/3153
f 3168/2270/3134 3167/2271/3133 3187/2269/3153
f 3167/2271/3133 3188/2194/3154 3187/2269/3153
f 3188/2194/3154 3167/2271/3133 3176/3011/3142
f 3188/2194/3154 3176/3011/3142 3189/2193/3155
f 3189/2193/3155 3176/3011/3142 3177/3012/3143
f 3189/2193/3155 3177/3012/3143 3190/3021/3156
f 3190/3021/3156 3177/3012/3143 2505/2389/2524
f 3190/3021/3156 2505/2389/2524 2507/2391/2526
f 3191/3022/3157 3192/3023/3158 3193/3024/3159
f 3193/3024/3159 3192/3023/3158 3194/3025/3160
f 3195/3026/3161 3193/3024/3159 3194/3025/3160
f 3196/3027/3162 3195/3026/3161 3194/3025/3160
f 3192/3023/3158 3196/3027/3162 3194/3025/3160
f 3187/2269/3153 3197/2272/3163 3198/2273/3164
f 3199/3028/3165 3187/2269/3153 3198/2273/3164
f 3199/3028/3165 3198/2273/3164 3200/3029/3166
f 3201/3030/3167 3199/3028/3165 3200/3029/3166
f 3201/3030/3167 3200/3029/3166 3202/3031/3168
f 3203/3032/3169 3201/3030/3167 3202/3031/3168
f 3203/3032/3169 3202/3031/3168 3204/3033/3170
f 3205/3034/3171 3203/3032/3169 3204/3033/3170
f 3205/3034/3171 3204/3033/3170 3206/3035/3172
f 3207/3036/3173 3205/3034/3171 3206/3035/3172
f 3207/3036/3173 3206/3035/3172 3191/3022/3157
f 3207/3036/3173 3191/3022/3157 3193/3024/3159
f 3208/3037/3174 3207/3036/3173 3193/3024/3159
f 3208/3037/3174 3193/3024/3159 3195/3026/3161
f 3181/3016/3147 3208/3037/3174 3195/3026/3161
f 3209/3038/3175 3181/3016/3147 3195/3026/3161
f 3209/3038/3175 3179/3014/3145 3181/3016/3147
f 3199/3028/3165 3186/3020/3152 3187/2269/3153
f 3186/3020/3152 3199/3028/3165 3210/3039/3176
f 3199/3028/3165 3201/3030/3167 3210/3039/3176
f 3210/3039/3176 3201/3030/3167 3211/3040/3177
f 3201/3030/3167 3203/3032/3169 3211/3040/3177
f 3211/3040/3177 3203/3032/3169 3212/3041/3178
f 3203/3032/3169 3205/3034/3171 3212/3041/3178
f 3212/3041/3178 3205/3034/3171 3208/3037/3174
f 3205/3034/3171 3207/3036/3173 3208/3037/3174
f 3186/3020/3152 3210/3039/3176 3185/3019/3151
f 3185/3019/3151 3210/3039/3176 3183/3017/3149
f 3210/3039/3176 3211/3040/3177 3183/3017/3149
f 3183/3017/3149 3211/3040/3177 3180/3015/3146
f 3211/3040/3177 3212/3041/3178 3180/3015/3146
f 3180/3015/3146 3212/3041/3178 3181/3016/3147
f 3212/3041/3178 3208/3037/3174 3181/3016/3147
f 3213/3042/3179 3214/3043/3179 3215/3044/3179
f 3214/3043/3179 2971/2840/3179 3215/3044/3179
f 2971/2840/3179 2970/2839/3179 3215/3044/3179
f 3216/2556/3119 3217/2557/3108 3218/2553/3180
f 3219/2554/3094 3220/2555/3124 3216/2556/3119
f 3218/2553/3180 3219/2554/3094 3216/2556/3119
f 3219/2554/3094 3218/2553/3180 3221/2551/3181
f 3218/2553/3180 3222/2552/3022 3221/2551/3181
f 3218/2553/3180 3223/2558/3182 3222/2552/3022
f 3218/2553/3180 3217/2557/3108 3223/2558/3182
f 3223/2558/3182 3224/2559/3183 3222/2552/3022
f 3225/3045/3184 3226/3046/3185 3227/3047/3186
f 3228/3048/3187 3225/3045/3184 3227/3047/3186
f 3229/3049/3188 3225/3045/3184 3228/3048/3187
f 3229/3049/3188 3230/3050/3189 3225/3045/3184
f 3230/3050/3189 3231/3051/3190 3225/3045/3184
f 3230/3050/3189 3232/3052/3191 3231/3051/3190
f 3232/3052/3191 3233/3053/3192 3231/3051/3190
f 3232/3052/3191 2461/2345/3193 3233/3053/3192
f 2461/2345/3193 2460/2344/3194 3233/3053/3192
f 3234/3054/3195 3232/3052/3191 3230/3050/3189
f 3235/2970/3196 3236/2972/2678 3237/2969/3197
f 3236/2972/2678 3238/2971/2674 3237/2969/3197
f 3238/2971/2674 3239/2962/3198 3237/2969/3197
f 3239/2962/3198 3240/2963/3199 3237/2969/3197
f 3240/2963/3199 3239/2962/3198 3241/2960/3200
f 3239/2962/3198 3242/2961/2684 3241/2960/3200
f 3241/2960/3200 3242/2961/2684 3243/2959/2682
f 3244/2965/3201 3245/2964/3202 3240/2963/3199
f 3240/2963/3199 3241/2960/3200 3244/2965/3201
f 3244/2965/3201 3241/2960/3200 3246/2957/3203
f 3243/2959/2682 3246/2957/3203 3241/2960/3200
f 3246/2957/3203 3243/2959/2682 3247/2956/3204
f 3243/2959/2682 3248/2958/2692 3247/2956/3204
f 3247/2956/3204 3248/2958/2692 3249/2955/3205
f 3248/2958/2692 3250/2966/2693 3249/2955/3205
f 3251/2967/3206 3249/2955/3205 3250/2966/2693
f 3251/2967/3206 3252/2952/3207 3249/2955/3205
f 3252/2952/3207 3253/2954/3208 3249/2955/3205
f 3252/2952/3207 3254/2951/3209 3253/2954/3208
f 3254/2951/3209 3255/2953/3210 3253/2954/3208
f 3255/2953/3210 3256/2968/3211 3253/2954/3208
f 3256/2968/3211 3247/2956/3204 3253/2954/3208
f 3256/2968/3211 3257/2979/3212 3247/2956/3204
f 3257/2979/3212 3244/2965/3201 3247/2956/3204
f 3257/2979/3212 3258/2980/3213 3244/2965/3201
f 3253/2954/3208 3247/2956/3204 3249/2955/3205
f 3246/2957/3203 3247/2956/3204 3244/2965/3201
f 3259/2989/3214 3260/2997/3215 3261/2985/3216
f 3259/2989/3214 3261/2985/3216 3262/2981/3217
f 3261/2985/3216 3263/2982/3218 3262/2981/3217
f 3262/2981/3217 3263/2982/3218 3258/2980/3213
f 3263/2982/3218 3245/2964/3202 3258/2980/3213
f 3258/2980/3213 3245/2964/3202 3244/2965/3201
f 3264/2984/3219 3263/2982/3218 3261/2985/3216
f 3261/2985/3216 3265/3055/3220 3264/2984/3219
f 3266/2994/3221 3267/2995/2693 3268/2988/2694
f 3269/2993/3222 3266/2994/3221 3268/2988/2694
f 3269/2993/3222 3270/2992/3223 3266/2994/3221
f 3271/2990/3224 3270/2992/3223 3269/2993/3222
f 3272/2991/3225 3271/2990/3224 3269/2993/3222
f 3272/2991/3225 3269/2993/3222 3273/2987/3226
f 3274/2996/3227 3272/2991/3225 3273/2987/3226
f 3260/2997/3215 3274/2996/3227 3273/2987/3226
f 3275/2986/3228 3260/2997/3215 3273/2987/3226
f 3260/2997/3215 3275/2986/3228 3261/2985/3216
f 3261/2985/3216 3275/2986/3228 3276/2976/2696
f 3265/3055/3220 3261/2985/3216 3276/2976/2696
f 3265/3055/3220 3276/2976/2696 3277/2974/2490
f 3265/3055/3220 3277/2974/2490 3264/2984/3219
f 3236/2972/2678 3264/2984/3219 3277/2974/2490
f 3235/2970/3196 3264/2984/3219 3236/2972/2678
f 3263/2982/3218 3264/2984/3219 3235/2970/3196
f 3263/2982/3218 3235/2970/3196 3237/2969/3197
f 3245/2964/3202 3263/2982/3218 3237/2969/3197
f 3240/2963/3199 3245/2964/3202 3237/2969/3197
f 3269/2993/3222 3268/2988/2694 3278/2978/3229
f 3268/2988/2694 3279/2977/2695 3278/2978/3229
f 3279/2977/2695 3280/2975/3230 3278/2978/3229
f 3276/2976/2696 3280/2975/3230 3279/2977/2695
f 3275/2986/3228 3280/2975/3230 3276/2976/2696
f 3278/2978/3229 3280/2975/3230 3275/2986/3228
f 3273/2987/3226 3278/2978/3229 3275/2986/3228
f 3273/2987/3226 3269/2993/3222 3278/2978/3229
f 3281/3056/3231 3282/3057/3232 3283/3058/3233
f 3282/3057/3232 3284/3059/3234 3283/3058/3233
f 3285/3060/3235 3284/3059/3234 3286/3061/3236
f 3284/3059/3234 3282/3057/3232 3286/3061/3236
f 3286/3061/3236 3282/3057/3232 3287/3062/3237
f 3282/3057/3232 3288/3063/3238 3287/3062/3237
f 3288/3063/3238 3282/3057/3232 3281/3056/3231
f 3289/3064/3239 3288/3063/3238 3281/3056/3231
f 3290/2938/3240 2049/2037/2129 2048/2036/3241
f 3291/2936/3242 3290/2938/3240 2048/2036/3241
f 3292/2933/3243 3290/2938/3240 3291/2936/3242
f 3293/2931/3244 3292/2933/3243 3291/2936/3242
f 3293/2931/3244 3291/2936/3242 3294/2923/3245
f 3294/2923/3245 3295/2932/3246 3293/2931/3244
f 3293/2931/3244 3295/2932/3246 3292/2933/3243
f 3295/2932/3246 3296/3065/3247 3292/2933/3243
f 3297/2942/3248 3292/2933/3243 3296/3065/3247
f 3298/3066/3249 3297/2942/3248 3296/3065/3247
f 3299/2148/3250 2161/2148/2241 2160/2147/2240
f 2160/2147/2240 3300/2930/3251 3299/2148/3250
f 3300/2930/3251 3301/2935/3252 3299/2148/3250
f 3302/3067/3253 3303/3068/3254 3304/3069/3255
f 3305/2914/3256 3304/3069/3255 3303/3068/3254
f 3305/2914/3256 3303/3068/3254 3306/2922/3257
f 3307/2911/3258 3305/2914/3256 3306/2922/3257
f 3308/2915/3259 3307/2911/3258 3306/2922/3257
f 2132/2119/2212 3307/2911/3258 3308/2915/3259
f 2131/2118/2211 2132/2119/2212 3308/2915/3259
f 2131/2118/2211 3308/2915/3259 2160/2147/2240
f 3308/2915/3259 3294/2923/3245 2160/2147/2240
f 2160/2147/2240 3294/2923/3245 3300/2930/3251
f 3291/2936/3242 3300/2930/3251 3294/2923/3245
f 3300/2930/3251 3291/2936/3242 3301/2935/3252
f 3291/2936/3242 2048/2036/3241 3301/2935/3252
f 3301/2935/3252 2048/2036/3241 2044/2032/3260
f 3299/2148/3250 3301/2935/3252 2044/2032/3260
f 2045/2033/2480 3299/2148/3250 2044/2032/3260
f 2045/2033/2480 3309/2929/2481 3299/2148/3250
f 3309/2929/2481 2161/2148/2241 3299/2148/3250
f 3294/2923/3245 3308/2915/3259 3295/2932/3246
f 3308/2915/3259 3306/2922/3257 3295/2932/3246
f 3306/2922/3257 3310/2921/3261 3295/2932/3246
f 3303/3068/3254 3310/2921/3261 3306/2922/3257
f 3295/2932/3246 3310/2921/3261 3296/3065/3247
f 3310/2921/3261 3311/3070/3262 3296/3065/3247
f 3312/3071/3263 3313/3072/3264 3314/3073/3265
f 3313/3072/3264 3312/3071/3263 3315/3074/3266
f 3316/3075/3267 3313/3072/3264 3315/3074/3266
f 3315/3074/3266 3317/3076/3268 3316/3075/3267
f 3317/3076/3268 3318/3077/3269 3316/3075/3267
f 3317/3076/3268 3319/3078/3233 3318/3077/3269
f 3319/3078/3233 3320/3079/3270 3318/3077/3269
f 3319/3078/3233 3321/3080/3234 3320/3079/3270
f 3321/3080/3234 3322/3081/3271 3320/3079/3270
f 3322/3081/3271 3321/3080/3234 3323/3082/3235
f 3324/3083/3272 3322/3081/3271 3323/3082/3235
f 3325/3084/3273 3322/3081/3271 3324/3083/3272
f 3325/3084/3273 3324/3083/3272 3326/3085/3274
f 3322/3081/3271 3325/3084/3273 3320/3079/3270
f 3325/3084/3273 3327/3086/3275 3320/3079/3270
f 3320/3079/3270 3327/3086/3275 3328/3087/3276
f 3318/3077/3269 3320/3079/3270 3328/3087/3276
f 3318/3077/3269 3328/3087/3276 3316/3075/3267
f 3328/3087/3276 3329/3088/3277 3316/3075/3267
f 3316/3075/3267 3329/3088/3277 3313/3072/3264
f 3330/3089/3278 3331/3090/3279 3332/3091/3280
f 3330/3089/3278 3333/3092/3281 3331/3090/3279
f 3330/3089/3278 3334/3093/3282 3333/3092/3281
f 3334/3093/3282 3335/3094/3283 3333/3092/3281
f 3334/3093/3282 3336/3095/3284 3335/3094/3283
f 3336/3095/3284 3337/3096/3285 3335/3094/3283
f 3336/3095/3284 3338/3097/3286 3337/3096/3285
f 3339/3098/3287 3338/3097/3286 3336/3095/3284
f 3340/3099/3288 3339/3098/3287 3336/3095/3284
f 3340/3099/3288 3336/3095/3284 3334/3093/3282
f 3341/3100/3289 3339/3098/3287 3342/3101/3290
f 3339/3098/3287 3340/3099/3288 3342/3101/3290
f 3343/3102/3291 3342/3101/3290 3340/3099/3288
f 3344/3103/3292 3343/3102/3291 3340/3099/3288
f 3344/3103/3292 3340/3099/3288 3334/3093/3282
f 3344/3103/3292 3334/3093/3282 3330/3089/3278
f 3339/3098/3287 3345/3104/3293 3338/3097/3286
f 3345/3104/3293 3339/3098/3287 3341/3100/3289
f 3346/3105/3294 3345/3104/3293 3341/3100/3289
f 3346/3105/3294 3341/3100/3289 3347/3106/3295
f 3341/3100/3289 3348/3107/3296 3347/3106/3295
f 3341/3100/3289 3342/3101/3290 3348/3107/3296
f 3342/3101/3290 3349/3108/3297 3348/3107/3296
f 3342/3101/3290 3343/3102/3291 3349/3108/3297
f 3343/3102/3291 3350/3109/3298 3349/3108/3297
f 3343/3102/3291 3351/3110/3299 3350/3109/3298
f 3351/3110/3299 3343/3102/3291 3344/3103/3292
f 3352/3111/3300 3351/3110/3299 3344/3103/3292
f 3352/3111/3300 3344/3103/3292 3330/3089/3278
f 3353/3112/3301 3352/3111/3300 3330/3089/3278
f 3332/3091/3280 3353/3112/3301 3330/3089/3278
f 3332/3091/3280 3354/3113/3302 3353/3112/3301
f 3354/3113/3302 3332/3091/3280 3331/3090/3279
f 3355/3114/3303 3354/3113/3302 3331/3090/3279
f 3356/3115/3304 3357/3116/3305 3358/3117/3306
f 3359/3118/3307 3356/3115/3304 3358/3117/3306
f 3359/3118/3307 3358/3117/3306 3360/3119/3308
f 3354/3113/3302 3359/3118/3307 3360/3119/3308
f 3354/3113/3302 3360/3119/3308 3353/3112/3301
f 3355/3114/3303 3361/3120/3309 3354/3113/3302
f 3361/3120/3309 3359/3118/3307 3354/3113/3302
f 3359/3118/3307 3361/3120/3309 3362/3121/3310
f 3356/3115/3304 3359/3118/3307 3362/3121/3310
f 3363/3122/3311 3356/3115/3304 3362/3121/3310
f 3356/3115/3304 3363/3122/3311 3364/3123/3312
f 3356/3115/3304 3364/3123/3312 3357/3116/3305
f 3364/3123/3312 3365/3124/3313 3357/3116/3305
f 3357/3116/3305 3365/3124/3313 3358/3117/3306
f 3365/3124/3313 3366/3125/3314 3358/3117/3306
f 3358/3117/3306 3366/3125/3314 3360/3119/3308
f 3366/3125/3314 3367/3126/3315 3360/3119/3308
f 3360/3119/3308 3367/3126/3315 3353/3112/3301
f 3367/3126/3315 3368/3127/3316 3353/3112/3301
f 3352/3111/3300 3353/3112/3301 3368/3127/3316
f 3351/3110/3299 3352/3111/3300 3368/3127/3316
f 3351/3110/3299 3368/3127/3316 3369/3128/3317
f 3351/3110/3299 3369/3128/3317 3350/3109/3298
f 3367/3126/3315 3370/3129/3318 3369/3128/3317
f 3368/3127/3316 3367/3126/3315 3369/3128/3317
f 3367/3126/3315 3366/3125/3314 3370/3129/3318
f 3366/3125/3314 3371/3130/3319 3370/3129/3318
f 3366/3125/3314 3365/3124/3313 3371/3130/3319
f 3365/3124/3313 3372/3131/3320 3371/3130/3319
f 3365/3124/3313 3364/3123/3312 3372/3131/3320
f 3364/3123/3312 2460/2344/3321 3372/3131/3320
f 3373/3132/3322 3374/3133/3323 3375/3134/3324
f 3376/3135/3325 3373/3132/3322 3375/3134/3324
f 3376/3135/3325 3375/3134/3324 3377/3136/3326
f 3376/3135/3325 3377/3136/3326 3364/3123/3312
f 3364/3123/3312 3377/3136/3326 3378/3137/3327
f 3364/3123/3312 3378/3137/3327 2460/2344/3328
f 3378/3137/3327 3379/3138/3329 2460/2344/3328
f 3378/3137/3327 3380/3139/3330 3379/3138/3329
f 3380/3139/3330 3381/3140/3331 3379/3138/3329
f 3380/3139/3330 3382/3141/3332 3381/3140/3331
f 3382/3141/3332 3383/3142/3333 3381/3140/3331
f 3382/3141/3332 3384/3143/3334 3383/3142/3333
f 3384/3143/3334 3347/3106/3295 3383/3142/3333
f 3346/3105/3294 3347/3106/3295 3384/3143/3334
f 3346/3105/3294 3384/3143/3334 3385/3144/3335
f 3345/3104/3293 3346/3105/3294 3385/3144/3335
f 3385/3144/3335 3386/3145/3336 3345/3104/3293
f 3386/3145/3336 3387/3146/3337 3345/3104/3293
f 3375/3134/3324 3388/3147/3338 3377/3136/3326
f 3375/3134/3324 3389/3148/3339 3388/3147/3338
f 3389/3148/3339 3390/3149/3340 3388/3147/3338
f 3378/3137/3327 3377/3136/3326 3380/3139/3330
f 3377/3136/3326 3388/3147/3338 3380/3139/3330
f 3380/3139/3330 3388/3147/3338 3382/3141/3332
f 3388/3147/3338 3390/3149/3340 3382/3141/3332
f 3382/3141/3332 3390/3149/3340 3384/3143/3334
f 3390/3149/3340 3385/3144/3335 3384/3143/3334
f 3386/3145/3336 3385/3144/3335 3390/3149/3340
f 3389/3148/3339 3386/3145/3336 3390/3149/3340
f 3391/3150/3341 3386/3145/3336 3389/3148/3339
f 3391/3150/3341 3389/3148/3339 3375/3134/3324
f 3392/3151/3342 3391/3150/3341 3375/3134/3324
f 3375/3134/3324 3374/3133/3323 3392/3151/3342
f 3345/3104/3293 3387/3146/3337 3338/3097/3286
f 3338/3097/3286 3387/3146/3337 3393/3152/3343
f 3338/3097/3286 3393/3152/3343 3337/3096/3285
f 3227/3047/3344 3387/3146/3337 3228/3048/3345
f 3387/3146/3337 3227/3047/3344 3393/3152/3343
f 2459/2343/3346 2461/2345/3347 3394/3153/3348
f 3394/3153/3348 2461/2345/3347 3232/3052/3349
f 3386/3145/3336 3391/3150/3341 3395/3154/3350
f 3387/3146/3337 3386/3145/3336 3395/3154/3350
f 3387/3146/3337 3395/3154/3350 3228/3048/3345
f 3395/3154/3350 3391/3150/3341 3228/3048/3345
f 3391/3150/3341 3229/3049/3351 3228/3048/3345
f 3391/3150/3341 3392/3151/3342 3229/3049/3351
f 3392/3151/3342 3230/3050/3352 3229/3049/3351
f 3234/3054/3353 3230/3050/3352 3392/3151/3342
f 3374/3133/3323 3234/3054/3353 3392/3151/3342
f 3234/3054/3353 3374/3133/3323 3232/3052/3349
f 3374/3133/3323 3373/3132/3322 3232/3052/3349
f 3373/3132/3322 3394/3153/3348 3232/3052/3349
f 3394/3153/3348 3373/3132/3322 3364/3123/3312
f 3364/3123/3312 2459/2343/3346 3394/3153/3348
f 3364/3123/3312 3396/3155/3354 2459/2343/3346
f 3396/3155/3354 2469/2353/3355 2459/2343/3346
f 2469/2353/3355 3396/3155/3354 2470/2354/3356
f 2470/2354/3356 3396/3155/3354 3397/3156/3357
f 3396/3155/3354 3363/3122/3311 3397/3156/3357
f 3373/3132/3322 3376/3135/3325 3364/3123/3312
f 3363/3122/3311 3396/3155/3354 3364/3123/3312
f 3398/3157/3358 3399/3158/3359 3400/3159/3360
f 3399/3158/3359 3398/3157/3358 3401/3160/3361
f 3401/3160/3361 3397/3156/3357 3363/3122/3311
f 3362/3121/3310 3401/3160/3361 3363/3122/3311
f 3362/3121/3310 3399/3158/3359 3401/3160/3361
f 3361/3120/3309 3399/3158/3359 3362/3121/3310
f 3399/3158/3359 3361/3120/3309 3400/3159/3360
f 3361/3120/3309 3355/3114/3303 3400/3159/3360
f 3355/3114/3303 3402/3161/3362 3400/3159/3360
f 3355/3114/3303 3331/3090/3279 3402/3161/3362
f 3331/3090/3279 3403/3162/3363 3402/3161/3362
f 3333/3092/3281 3403/3162/3363 3331/3090/3279
f 3403/3162/3363 3333/3092/3281 3404/3163/3364
f 3402/3161/3365 3403/3162/3363 3404/3163/3364
f 3402/3161/3365 3404/3163/3364 3405/3164/3366
f 3400/3159/3367 3402/3161/3365 3405/3164/3366
f 3400/3159/3367 3405/3164/3366 3406/3165/3368
f 3397/3156/3369 3400/3159/3367 3406/3165/3368
f 3397/3156/3369 3406/3165/3368 2460/2344/3370
f 2470/2354/3370 3397/3156/3369 2460/2344/3370
f 3401/3160/3371 3400/3159/3367 3397/3156/3369
f 3407/3166/3372 3408/3167/3373 3409/3168/3261
f 3408/3167/3373 3410/3169/3262 3409/3168/3261
f 3408/3167/3373 3411/3170/3374 3410/3169/3262
f 3411/3170/3374 3412/3171/3375 3410/3169/3262
f 3411/3170/3374 3413/3172/3376 3412/3171/3375
f 3413/3172/3376 3414/3173/3377 3412/3171/3375
f 3413/3172/3376 3415/3174/3378 3414/3173/3377
f 3415/3174/3378 3416/3175/2495 3414/3173/3377
f 3417/3176/3379 3414/3173/3377 3416/3175/2495
f 3416/3175/2495 3418/3177/2494 3417/3176/3379
f 3419/3178/3253 3418/3177/2494 3420/3179/2496
f 3421/3180/3380 3419/3178/3253 3420/3179/2496
f 3421/3180/3380 3422/3181/3254 3419/3178/3253
f 3421/3180/3380 3423/3182/3381 3422/3181/3254
f 3423/3182/3381 3424/3183/3261 3422/3181/3254
f 3424/3183/3261 3423/3182/3381 3425/3184/3372
f 3401/3160/3382 3398/3157/3382 3400/3159/3382
f 3426/3022/3383 3427/3036/3384 3428/3024/3385
f 3427/3036/3384 3429/3037/3386 3428/3024/3385
f 3429/3037/3386 3430/3026/3387 3428/3024/3385
f 3431/3016/3388 3430/3026/3387 3429/3037/3386
f 3431/3016/3388 3432/3038/3389 3430/3026/3387
f 3433/3014/3390 3432/3038/3389 3431/3016/3388
f 3434/3015/3391 3433/3014/3390 3431/3016/3388
f 3435/3017/3392 3433/3014/3390 3434/3015/3391
f 3436/3017/3393 3435/3017/3392 3434/3015/3391
f 3437/3018/3394 3435/3017/3392 3436/3017/3393
f 3438/3019/3395 3437/3018/3394 3436/3017/3393
f 3439/3008/3396 3437/3018/3394 3438/3019/3395
f 3440/3008/3397 3439/3008/3396 3438/3019/3395
f 3441/3009/3398 3439/3008/3396 3440/3008/3397
f 3442/3007/3399 3441/3009/3398 3440/3008/3397
f 3443/3006/3400 3441/3009/3398 3442/3007/3399
f 3444/3006/3401 3443/3006/3400 3442/3007/3399
f 3444/3006/3401 3442/3007/3399 2284/2270/3402
f 3438/3019/3395 3436/3017/3393 3445/3040/3403
f 3446/3039/3404 3438/3019/3395 3445/3040/3403
f 3440/3008/3397 3438/3019/3395 3446/3039/3404
f 3447/3020/3405 3440/3008/3397 3446/3039/3404
f 3442/3007/3399 3440/3008/3397 3447/3020/3405
f 2284/2270/3402 3442/3007/3399 3447/3020/3405
f 3447/3020/3405 3448/3028/3406 2284/2270/3402
f 3448/3028/3406 2283/2269/2337 2284/2270/3402
f 2283/2269/2337 3448/3028/3406 2287/2273/2204
f 2287/2273/2204 3448/3028/3406 3449/3029/3407
f 3448/3028/3406 3450/3030/3408 3449/3029/3407
f 3449/3029/3407 3450/3030/3408 3451/3031/3409
f 3450/3030/3408 3452/3032/3410 3451/3031/3409
f 3451/3031/3409 3452/3032/3410 3453/3033/3411
f 3452/3032/3410 3454/3034/3412 3453/3033/3411
f 3453/3033/3411 3454/3034/3412 3455/3035/3413
f 3454/3034/3412 3427/3036/3384 3455/3035/3413
f 3455/3035/3413 3427/3036/3384 3426/3022/3383
f 3434/3015/3391 3431/3016/3388 3429/3037/3386
f 3456/3041/3414 3434/3015/3391 3429/3037/3386
f 3436/3017/3393 3434/3015/3391 3456/3041/3414
f 3445/3040/3403 3436/3017/3393 3456/3041/3414
f 3448/3028/3406 3447/3020/3405 3450/3030/3408
f 3447/3020/3405 3446/3039/3404 3450/3030/3408
f 3450/3030/3408 3446/3039/3404 3452/3032/3410
f 3446/3039/3404 3445/3040/3403 3452/3032/3410
f 3452/3032/3410 3445/3040/3403 3454/3034/3412
f 3445/3040/3403 3456/3041/3414 3454/3034/3412
f 3454/3034/3412 3456/3041/3414 3427/3036/3384
f 3456/3041/3414 3429/3037/3386 3427/3036/3384
f 3457/2363/3415 3458/3185/3416 3459/2362/3417
f 3459/2362/3417 3460/2365/3418 3457/2363/3415
f 3460/2365/3418 3461/2364/3419 3457/2363/3415
f 3461/2364/3419 3460/2365/3418 3462/3186/3420
f 3462/3186/3420 3463/3187/3421 3461/2364/3419
f 3463/3187/3421 3462/3186/3420 3464/3188/3422
f 3465/3189/3423 3463/3187/3421 3464/3188/3422
f 3466/3190/3424 3465/3189/3423 3464/3188/3422
f 3465/3189/3423 3466/3190/3424 3467/3191/3425
f 3467/3191/3425 3466/3190/3424 3468/2380/3426
f 3469/3192/3427 3467/3191/3425 3468/2380/3426
f 3470/3193/3428 3469/3192/3427 3468/2380/3426
f 3469/3192/3427 3470/3193/3428 3471/3194/3429
f 3472/3195/3430 3469/3192/3427 3471/3194/3429
f 3473/3196/3431 3469/3192/3427 3472/3195/3430
f 3474/3197/3432 3473/3196/3431 3472/3195/3430
f 3475/3198/3433 3473/3196/3431 3474/3197/3432
f 3476/3199/3434 3475/3198/3433 3474/3197/3432
f 3477/3200/3435 3478/3201/3436 3479/3202/3437
f 3477/3200/3435 3475/3198/3433 3478/3201/3436
f 3475/3198/3433 3477/3200/3435 3480/3203/3438
f 3473/3196/3431 3475/3198/3433 3480/3203/3438
f 3469/3192/3427 3473/3196/3431 3480/3203/3438
f 3467/3191/3425 3469/3192/3427 3480/3203/3438
f 3480/3203/3438 3465/3189/3423 3467/3191/3425
f 3465/3189/3423 3480/3203/3438 3477/3200/3435
f 3463/3187/3421 3465/3189/3423 3477/3200/3435
f 3463/3187/3421 3477/3200/3435 3479/3202/3437
f 3463/3187/3421 3479/3202/3437 3461/2364/3419
f 3461/2364/3419 3479/3202/3437 3481/3204/3439
f 3481/3204/3439 3479/3202/3437 3478/3201/3436
f 3482/3205/3440 3481/3204/3439 3478/3201/3436
f 3478/3201/3436 3483/3206/3441 3482/3205/3440
f 3483/3206/3441 3484/3207/3442 3482/3205/3440
f 3484/3207/3442 3483/3206/3441 3485/3208/3443
f 3486/3209/3444 3484/3207/3442 3485/3208/3443
f 3485/3208/3443 3487/3210/3445 3486/3209/3444
f 3475/3198/3433 3483/3206/3441 3478/3201/3436
f 3483/3206/3441 3475/3198/3433 3485/3208/3443
f 3475/3198/3433 3476/3199/3434 3485/3208/3443
f 3476/3199/3434 3488/3211/3446 3485/3208/3443
f 3488/3211/3446 3487/3210/3445 3485/3208/3443
f 3487/3210/3445 3488/3211/3446 3489/3212/3447
f 3487/3210/3445 3489/3212/3447 3490/3213/3448
f 3490/3213/3448 3489/3212/3447 3491/3214/3449
f 3492/3215/3450 3490/3213/3448 3491/3214/3449
f 3493/3216/3451 3492/3215/3450 3491/3214/3449
f 3493/3216/3451 3494/3217/3452 3492/3215/3450
f 3494/3217/3452 3493/3216/3451 3314/3073/3265
f 3313/3072/3264 3494/3217/3452 3314/3073/3265
f 3313/3072/3264 3495/3218/3453 3494/3217/3452
f 3329/3088/3277 3495/3218/3453 3313/3072/3264
f 3329/3088/3277 3496/3219/3454 3495/3218/3453
f 3329/3088/3277 3328/3087/3276 3496/3219/3454
f 3328/3087/3276 3497/3220/3455 3496/3219/3454
f 3497/3220/3455 3328/3087/3276 3327/3086/3275
f 3498/3221/3456 3497/3220/3455 3327/3086/3275
f 3482/3205/3440 3484/3207/3442 3499/3222/3457
f 3499/3222/3457 3500/3223/3458 3482/3205/3440
f 3500/3223/3458 3481/3204/3439 3482/3205/3440
f 3481/3204/3439 3500/3223/3458 3457/2363/3415
f 3457/2363/3415 3461/2364/3419 3481/3204/3439
f 3500/3223/3458 3458/3185/3416 3457/2363/3415
f 3501/3224/3459 3502/3225/3460 3503/3226/3461
f 3502/3225/3460 3501/3224/3459 3458/3185/3416
f 3500/3223/3458 3502/3225/3460 3458/3185/3416
f 3504/3227/3462 3502/3225/3460 3500/3223/3458
f 3499/3222/3457 3504/3227/3462 3500/3223/3458
f 3499/3222/3457 3505/3228/3463 3504/3227/3462
f 3484/3207/3442 3505/3228/3463 3499/3222/3457
f 3505/3228/3463 3484/3207/3442 3506/3229/3464
f 3484/3207/3442 3486/3209/3444 3506/3229/3464
f 3486/3209/3444 3507/3230/3465 3506/3229/3464
f 3487/3210/3445 3507/3230/3465 3486/3209/3444
f 3487/3210/3445 3508/3231/3466 3507/3230/3465
f 3508/3231/3466 3487/3210/3445 3490/3213/3448
f 3508/3231/3466 3490/3213/3448 3492/3215/3450
f 3494/3217/3452 3508/3231/3466 3492/3215/3450
f 3495/3218/3453 3508/3231/3466 3494/3217/3452
f 3495/3218/3453 3509/3232/3467 3508/3231/3466
f 3496/3219/3454 3509/3232/3467 3495/3218/3453
f 3509/3232/3467 3507/3230/3465 3508/3231/3466
f 3507/3230/3465 3509/3232/3467 3506/3229/3464
f 3504/3227/3462 3510/3233/3468 3502/3225/3460
f 3511/3234/3469 3505/3228/3463 3506/3229/3464
f 3505/3228/3463 3511/3234/3469 3504/3227/3462
f 3504/3227/3462 3511/3234/3469 3512/3235/3470
f 3510/3233/3468 3504/3227/3462 3512/3235/3470
f 3510/3233/3468 3512/3235/3470 3513/3236/3471
f 3514/3237/3472 3510/3233/3468 3513/3236/3471
f 3503/3226/3461 3510/3233/3468 3514/3237/3472
f 3510/3233/3468 3503/3226/3461 3502/3225/3460
f 3509/3232/3467 3496/3219/3454 3506/3229/3464
f 3496/3219/3454 3515/3238/3473 3506/3229/3464
f 3515/3238/3473 3511/3234/3469 3506/3229/3464
f 3511/3234/3469 3515/3238/3473 3516/3239/3474
f 3512/3235/3470 3511/3234/3469 3516/3239/3474
f 3512/3235/3470 3516/3239/3474 3517/3240/3475
f 3513/3236/3471 3512/3235/3470 3517/3240/3475
f 3518/3241/3476 3513/3236/3471 3517/3240/3475
f 3513/3236/3471 3518/3241/3476 3514/3237/3472
f 3518/3241/3476 3519/3242/3477 3514/3237/3472
f 3514/3237/3472 3519/3242/3477 3520/3243/3478
f 3520/3243/3478 3503/3226/3461 3514/3237/3472
f 3503/3226/3461 3520/3243/3478 3521/3244/3479
f 3521/3244/3479 3501/3224/3459 3503/3226/3461
f 3522/3245/3480 3501/3224/3459 3521/3244/3479
f 3501/3224/3459 3522/3245/3480 3523/2385/3481
f 3458/3185/3416 3501/3224/3459 3523/2385/3481
f 3458/3185/3416 3523/2385/3481 3459/2362/3417
f 3516/3239/3474 3515/3238/3473 3496/3219/3454
f 3497/3220/3455 3516/3239/3474 3496/3219/3454
f 3497/3220/3455 3498/3221/3456 3516/3239/3474
f 3498/3221/3456 3517/3240/3475 3516/3239/3474
f 3498/3221/3456 3524/3246/3482 3517/3240/3475
f 3524/3246/3482 3525/3247/3483 3517/3240/3475
f 3525/3247/3483 3518/3241/3476 3517/3240/3475
f 3518/3241/3476 3525/3247/3483 3526/3248/3484
f 3525/3247/3483 3524/3246/3482 3526/3248/3484
f 3524/3246/3482 3527/3249/3485 3526/3248/3484
f 3528/3250/3486 3529/3251/3487 3530/3252/3488
f 3327/3086/3275 3325/3084/3273 3498/3221/3456
f 3325/3084/3273 3524/3246/3482 3498/3221/3456
f 3524/3246/3482 3325/3084/3273 3326/3085/3274
f 3326/3085/3274 3527/3249/3485 3524/3246/3482
f 3527/3249/3485 3326/3085/3274 3531/3253/3489
f 3527/3249/3485 3531/3253/3489 3532/3254/3490
f 3526/3248/3484 3527/3249/3485 3532/3254/3490
f 3532/3254/3490 3530/3252/3488 3526/3248/3484
f 3530/3252/3488 3529/3251/3487 3526/3248/3484
f 3529/3251/3487 3518/3241/3476 3526/3248/3484
f 3528/3250/3486 3518/3241/3476 3529/3251/3487
f 3518/3241/3476 3528/3250/3486 3519/3242/3477
f 3519/3242/3477 3528/3250/3486 3533/3255/3491
f 3534/3256/3492 3519/3242/3477 3533/3255/3491
f 3519/3242/3477 3534/3256/3492 3520/3243/3478
f 3520/3243/3478 3534/3256/3492 3535/3257/3239
f 3520/3243/3478 3535/3257/3239 3521/3244/3479
f 3521/3244/3479 3535/3257/3239 3536/3258/3493
f 3537/3259/3237 3538/3260/3238 3533/3255/3491
f 3538/3260/3238 3534/3256/3492 3533/3255/3491
f 3534/3256/3492 3538/3260/3238 3535/3257/3239
f 3539/3261/3494 3540/3262/3233 3541/3263/3268
f 3535/3257/3239 3539/3261/3494 3536/3258/3493
f 3536/3258/3493 3539/3261/3494 3541/3263/3268
f 3541/3263/3268 3542/3264/3266 3536/3258/3493
f 2953/2377/3495 2955/2379/3496 3543/2376/3497
f 2953/2377/3495 3543/2376/3497 3544/2372/3498
f 2951/2375/3499 2953/2377/3495 3544/2372/3498
f 3544/2372/3498 2949/2374/3500 2951/2375/3499
f 2949/2374/3500 3544/2372/3498 3545/2373/3501
f 3545/2373/3501 3544/2372/3498 3546/2370/3502
f 3547/2371/3503 3545/2373/3501 3546/2370/3502
f 3546/2370/3502 3548/2368/3504 3547/2371/3503
f 3548/2368/3504 3549/2369/3505 3547/2371/3503
f 3549/2369/3505 3548/2368/3504 3550/2366/3506
f 3551/2367/3507 3549/2369/3505 3550/2366/3506
f 3551/2367/3507 3550/2366/3506 3552/2382/3508
f 3548/2368/3504 3546/2370/3502 3553/3265/3509
f 3546/2370/3502 3544/2372/3498 3553/3265/3509
f 3544/2372/3498 3543/2376/3497 3553/3265/3509
f 3536/3258/3493 3522/3245/3480 3521/3244/3479
f 3542/3264/3266 3522/3245/3480 3536/3258/3493
f 3522/3245/3480 3542/3264/3266 3523/2385/3481
f 3542/3264/3266 3554/2384/3510 3523/2385/3481
f 3554/2384/3510 3555/2383/3265 3523/2385/3481
f 3555/2383/3265 3459/2362/3417 3523/2385/3481
f 3555/2383/3265 3552/2382/3508 3459/2362/3417
f 3552/2382/3508 3460/2365/3418 3459/2362/3417
f 3550/2366/3506 3460/2365/3418 3552/2382/3508
f 3460/2365/3418 3550/2366/3506 3462/3186/3420
f 3462/3186/3420 3550/2366/3506 3548/2368/3504
f 3464/3188/3422 3462/3186/3420 3548/2368/3504
f 3464/3188/3422 3548/2368/3504 3553/3265/3509
f 3553/3265/3509 3466/3190/3424 3464/3188/3422
f 3466/3190/3424 3553/3265/3509 3543/2376/3497
f 3556/2378/3511 3466/3190/3424 3543/2376/3497
f 2955/2379/3496 3556/2378/3511 3543/2376/3497
f 3556/2378/3511 2955/2379/3496 3468/2380/3426
f 3466/3190/3424 3556/2378/3511 3468/2380/3426
f 3468/2380/3426 2955/2379/3496 2956/2381/3512
f 2956/2381/3512 2959/2828/3513 3468/2380/3426
f 2959/2828/3513 3470/3193/3428 3468/2380/3426
f 3470/3193/3428 2959/2828/3513 2961/2830/3514
f 3471/3194/3429 3470/3193/3428 2961/2830/3514
f 2961/2830/3514 2947/2821/3515 3471/3194/3429
f 2947/2821/3515 3557/3266/3516 3471/3194/3429
f 2947/2821/3515 2946/2820/3517 3557/3266/3516
f 2946/2820/3517 3558/3267/3518 3557/3266/3516
f 3558/3267/3518 2946/2820/3517 2945/2819/3519
f 3559/3268/3520 3558/3267/3518 2945/2819/3519
f 3559/3268/3520 2945/2819/3519 2949/2374/3521
f 3560/3269/3501 3559/3268/3520 2949/2374/3521
f 3561/3270/3522 3559/3268/3520 3560/3269/3501
f 3562/3271/3523 3561/3270/3522 3560/3269/3501
f 3561/3270/3522 3562/3271/3523 3563/3272/3505
f 3564/3273/3524 3561/3270/3522 3563/3272/3505
f 3563/3272/3505 3565/3274/3507 3564/3273/3524
f 3493/3216/3451 3491/3214/3449 3565/3274/3507
f 3565/3274/3507 3491/3214/3449 3564/3273/3524
f 3566/3275/3525 3564/3273/3524 3491/3214/3449
f 3561/3270/3522 3564/3273/3524 3566/3275/3525
f 3567/3276/3526 3561/3270/3522 3566/3275/3525
f 3559/3268/3520 3561/3270/3522 3567/3276/3526
f 3558/3267/3518 3559/3268/3520 3567/3276/3526
f 3567/3276/3526 3568/3277/3527 3558/3267/3518
f 3568/3277/3527 3557/3266/3516 3558/3267/3518
f 3557/3266/3516 3568/3277/3527 3472/3195/3430
f 3471/3194/3429 3557/3266/3516 3472/3195/3430
f 3566/3275/3525 3569/3278/3528 3567/3276/3526
f 3569/3278/3528 3568/3277/3527 3567/3276/3526
f 3472/3195/3430 3568/3277/3527 3474/3197/3432
f 3568/3277/3527 3569/3278/3528 3474/3197/3432
f 3474/3197/3432 3569/3278/3528 3476/3199/3434
f 3569/3278/3528 3488/3211/3446 3476/3199/3434
f 3488/3211/3446 3569/3278/3528 3489/3212/3447
f 3569/3278/3528 3566/3275/3525 3489/3212/3447
f 3489/3212/3447 3566/3275/3525 3491/3214/3449
f 3570/2254/3529 3571/2245/3530 3572/2255/3531
f 3571/2245/3530 3573/3279/3532 3572/2255/3531
f 3572/2255/3531 3573/3279/3532 3574/2249/3533
f 3572/2255/3531 3574/2249/3533 3575/2257/3534
f 3575/2257/3534 3574/2249/3533 3576/3280/3535
f 3577/3281/3536 3575/2257/3534 3576/3280/3535
f 3578/3282/3537 3577/3281/3536 3576/3280/3535
f 3574/2249/3533 3578/3282/3537 3576/3280/3535
f 3579/2248/3538 3578/3282/3537 3574/2249/3533
f 3573/3279/3532 3579/2248/3538 3574/2249/3533
f 3573/3279/3532 3580/2246/3539 3579/2248/3538
f 3573/3279/3532 3571/2245/3530 3580/2246/3539
f 3571/2245/3530 3581/2244/3540 3580/2246/3539
f 3571/2245/3530 3582/2243/3541 3581/2244/3540
f 3582/2243/3541 3583/2242/3542 3581/2244/3540
f 3582/2243/3541 3584/2241/3543 3583/2242/3542
f 3584/2241/3543 3585/2240/3544 3583/2242/3542
f 3584/2241/3543 3586/2239/3545 3585/2240/3544
f 3587/2264/3546 3588/2262/3547 3589/2256/3548
f 3587/2264/3546 3590/3283/3549 3588/2262/3547
f 3590/3283/3549 3591/2265/3550 3592/2261/3551
f 3590/3283/3549 3592/2261/3551 3588/2262/3547
f 3592/2261/3551 3593/2253/3552 3588/2262/3547
f 3593/2253/3552 3570/2254/3529 3588/2262/3547
f 3588/2262/3547 3570/2254/3529 3589/2256/3548
f 3570/2254/3529 3572/2255/3531 3589/2256/3548
f 3589/2256/3548 3572/2255/3531 3575/2257/3534
f 3594/2263/3553 3589/2256/3548 3575/2257/3534
f 3594/2263/3553 3587/2264/3546 3589/2256/3548
f 3591/2265/3550 3595/2266/3554 3596/2260/3555
f 3592/2261/3551 3591/2265/3550 3596/2260/3555
f 3596/2260/3555 3597/2252/3556 3592/2261/3551
f 3597/2252/3556 3593/2253/3552 3592/2261/3551
f 3597/2252/3556 3584/2241/3543 3593/2253/3552
f 3584/2241/3543 3582/2243/3541 3593/2253/3552
f 3593/2253/3552 3582/2243/3541 3570/2254/3529
f 3582/2243/3541 3571/2245/3530 3570/2254/3529
f 3586/2239/3545 3584/2241/3543 3597/2252/3556
f 3598/2251/3557 3586/2239/3545 3597/2252/3556
f 3598/2251/3557 3597/2252/3556 3596/2260/3555
f 3599/2259/3558 3598/2251/3557 3596/2260/3555
f 3595/2266/3554 3599/2259/3558 3596/2260/3555
f 3599/2259/3558 3595/2266/3554 3600/2258/3559
f 3595/2266/3554 3601/2267/3560 3600/2258/3559
f 3602/2268/3561 3600/2258/3559 3601/2267/3560
f 3197/2272/3163 3602/2268/3561 3601/2267/3560
f 3602/2268/3561 3197/2272/3163 3187/2269/3153
f 3603/2250/3562 3602/2268/3561 3187/2269/3153
f 3188/2194/3154 3603/2250/3562 3187/2269/3153
f 3188/2194/3154 3604/2196/3563 3603/2250/3562
f 3604/2196/3563 3188/2194/3154 3189/2193/3155
f 3604/2196/3563 3189/2193/3155 3605/2182/3564
f 3605/2182/3564 3189/2193/3155 3190/3021/3156
f 3605/2182/3564 3190/3021/3156 3606/2167/3565
f 3606/2167/3565 3190/3021/3156 2507/2391/2526
f 2347/2236/2399 2346/2235/2398 3607/2237/3566
f 3607/2237/3566 2346/2235/2398 3608/2238/3567
f 3586/2239/3545 3607/2237/3566 3608/2238/3567
f 3586/2239/3545 3608/2238/3567 3585/2240/3544
f 3586/2239/3545 3598/2251/3557 3607/2237/3566
f 2318/2190/3568 2328/2191/2380 2317/2170/2369
f 3609/2164/3047 3610/2163/3569 3611/2166/3570
f 3612/2162/3571 3610/2163/3569 3609/2164/3047
f 2314/2161/2429 3612/2162/3571 3609/2164/3047
f 2313/2160/2365 3612/2162/3571 2314/2161/2429
f 3612/2162/3571 2313/2160/2365 3613/2169/3572
f 2313/2160/2365 2317/2170/2369 3613/2169/3572
f 2328/2191/2380 3613/2169/3572 2317/2170/2369
f 3614/2192/3573 3613/2169/3572 2328/2191/2380
f 2326/2197/2378 3614/2192/3573 2328/2191/2380
f 2326/2197/2378 2331/2232/3574 3614/2192/3573
f 2331/2232/3574 3604/2196/3563 3614/2192/3573
f 2347/2236/2399 3604/2196/3563 2331/2232/3574
f 2347/2236/2399 3607/2237/3566 3604/2196/3563
f 3604/2196/3563 3607/2237/3566 3603/2250/3562
f 3598/2251/3557 3603/2250/3562 3607/2237/3566
f 3599/2259/3558 3603/2250/3562 3598/2251/3557
f 3599/2259/3558 3600/2258/3559 3603/2250/3562
f 3600/2258/3559 3602/2268/3561 3603/2250/3562
f 3612/2162/3571 3613/2169/3572 3610/2163/3569
f 3613/2169/3572 3615/2168/3575 3610/2163/3569
f 3613/2169/3572 3614/2192/3573 3615/2168/3575
f 3614/2192/3573 3604/2196/3563 3605/2182/3564
f 3614/2192/3573 3605/2182/3564 3615/2168/3575
f 3615/2168/3575 3605/2182/3564 3606/2167/3565
f 3615/2168/3575 3606/2167/3565 3611/2166/3570
f 3610/2163/3569 3615/2168/3575 3611/2166/3570
f 3616/2165/3048 3609/2164/3047 3611/2166/3570
f 3616/2165/3048 3611/2166/3570 3617/2340/3059
f 3617/2340/3059 3611/2166/3570 3618/3284/3576
f 3618/3284/3576 3611/2166/3570 3606/2167/3565
f 3618/3284/3576 3606/2167/3565 2507/2391/2526
f 3618/3284/3576 2507/2391/2526 2509/2393/2528
f 2509/2393/2528 3617/2340/3059 3618/3284/3576
f 2509/2393/2528 3619/2341/3577 3617/2340/3059
f 3617/2340/3059 3619/2341/3577 3620/2339/3057
f 3619/2341/3577 3621/2328/3578 3620/2339/3057
f 3620/2339/3057 3621/2328/3578 3622/2338/3056
f 3621/2328/3578 3623/2329/3579 3622/2338/3056
f 3622/2338/3056 3623/2329/3579 3624/2337/3580
f 3623/2329/3579 3625/2330/3581 3624/2337/3580
f 3624/2337/3580 3625/2330/3581 3626/2336/3582
f 3625/2330/3581 3627/2331/3583 3626/2336/3582
f 3626/2336/3582 3627/2331/3583 3628/2342/3085
f 3627/2331/3583 3629/2335/3584 3628/2342/3085
f 3627/2331/3583 2520/2325/2539 3629/2335/3584
f 2520/2325/2539 3630/2334/3083 3629/2335/3584
f 2520/2325/2539 2521/2324/2540 3630/2334/3083
f 2521/2324/2540 3631/2333/3081 3630/2334/3083
f 2518/2323/2537 2520/2325/2539 3627/2331/3583
f 3625/2330/3581 2518/2323/2537 3627/2331/3583
f 2516/2322/2535 2518/2323/2537 3625/2330/3581
f 3623/2329/3579 2516/2322/2535 3625/2330/3581
f 2514/2327/2533 2516/2322/2535 3623/2329/3579
f 3621/2328/3578 2514/2327/2533 3623/2329/3579
f 2512/2326/2531 2514/2327/2533 3621/2328/3578
f 2510/2394/2529 2512/2326/2531 3621/2328/3578
f 3619/2341/3577 2510/2394/2529 3621/2328/3578
f 2510/2394/2529 3619/2341/3577 2509/2393/2528
f 3632/3285/3585 3633/3286/3586 3634/3287/3536
f 3635/2129/3546 3632/3285/3585 3636/3288/3587
f 3636/3288/3587 3632/3285/3585 3634/3287/3536
f 3636/3288/3587 3634/3287/3536 3637/3289/3537
f 2414/2055/3588 3638/2141/3589 2424/2309/2398
f 2424/2309/2398 3638/2141/3589 3639/2057/3567
f 3638/2141/3589 3640/2140/3590 3639/2057/3567
f 3639/2057/3567 3640/2140/3590 3641/2149/3544
f 3640/2140/3590 3642/3290/3591 3641/2149/3544
f 3641/2149/3544 3642/3290/3591 3643/2150/3542
f 3642/3290/3591 3644/3291/3592 3643/2150/3542
f 3643/2150/3542 3644/3291/3592 3645/2151/3540
f 3644/3291/3592 3646/2144/3593 3645/2151/3540
f 3645/2151/3540 3646/2144/3593 3647/2152/3539
f 3646/2144/3593 3648/3292/3594 3647/2152/3539
f 3647/2152/3539 3648/3292/3594 3649/3293/3595
f 3648/3292/3594 3650/3294/3596 3649/3293/3595
f 3637/3289/3537 3649/3293/3595 3650/3294/3596
f 3650/3294/3596 3636/3288/3587 3637/3289/3537
f 3651/3295/3597 3636/3288/3587 3650/3294/3596
f 3651/3295/3597 3635/2129/3546 3636/3288/3587
f 3652/2127/3549 3635/2129/3546 3651/3295/3597
f 3653/2115/3598 3654/2110/3599 3655/3296/3600
f 3653/2115/3598 3655/3296/3600 3656/3297/3601
f 3655/3296/3600 3657/2123/3554 3656/3297/3601
f 3656/3297/3601 3657/2123/3554 3658/2126/3602
f 3657/2123/3554 3659/2125/3550 3658/2126/3602
f 3658/2126/3602 3659/2125/3550 3660/2128/3603
f 3659/2125/3550 3652/2127/3549 3660/2128/3603
f 3660/2128/3603 3652/2127/3549 3651/3295/3597
f 3648/3292/3594 3651/3295/3597 3650/3294/3596
f 3660/2128/3603 3651/3295/3597 3648/3292/3594
f 3646/2144/3593 3660/2128/3603 3648/3292/3594
f 3658/2126/3602 3660/2128/3603 3646/2144/3593
f 3644/3291/3592 3658/2126/3602 3646/2144/3593
f 3656/3297/3601 3658/2126/3602 3644/3291/3592
f 3642/3290/3591 3656/3297/3601 3644/3291/3592
f 3653/2115/3598 3656/3297/3601 3642/3290/3591
f 3640/2140/3590 3653/2115/3598 3642/3290/3591
f 3653/2115/3598 3640/2140/3590 3661/2113/3604
f 3653/2115/3598 3661/2113/3604 3654/2110/3599
f 3654/2110/3599 3661/2113/3604 3662/3298/3605
f 3663/2111/3606 3654/2110/3599 3662/3298/3605
f 3663/2111/3606 3662/3298/3605 3664/3299/3607
f 3662/3298/3605 3665/3300/3608 3664/3299/3607
f 3664/3299/3607 3665/3300/3608 3666/3301/3168
f 3665/3300/3608 3667/3302/3609 3666/3301/3168
f 3666/3301/3168 3667/3302/3609 3668/3303/3170
f 3667/3302/3609 3669/3304/3610 3668/3303/3170
f 3668/3303/3170 3669/3304/3610 3670/3305/3611
f 3669/3304/3610 3671/3306/3612 3670/3305/3611
f 3640/2140/3590 3672/2114/3613 3661/2113/3604
f 3640/2140/3590 3638/2141/3589 3672/2114/3613
f 3670/3305/3611 3671/3306/3612 3673/3307/3157
f 3671/3306/3612 3674/3308/3614 3673/3307/3157
f 3671/3306/3612 3675/3309/3615 3674/3308/3614
f 3676/3310/3616 3675/3309/3615 3671/3306/3612
f 3669/3304/3610 3676/3310/3616 3671/3306/3612
f 3677/3311/3617 3676/3310/3616 3669/3304/3610
f 3667/3302/3609 3677/3311/3617 3669/3304/3610
f 3678/3312/3618 3677/3311/3617 3667/3302/3609
f 3665/3300/3608 3678/3312/3618 3667/3302/3609
f 3679/3313/3619 3678/3312/3618 3665/3300/3608
f 3662/3298/3605 3679/3313/3619 3665/3300/3608
f 3679/3313/3619 3662/3298/3605 3046/2116/3032
f 3662/3298/3605 3661/2113/3604 3046/2116/3032
f 3044/2117/3030 3046/2116/3032 3661/2113/3604
f 3672/2114/3613 3044/2117/3030 3661/2113/3604
f 3044/2117/3030 3672/2114/3613 2416/2142/2454
f 3672/2114/3613 3638/2141/3589 2416/2142/2454
f 3638/2141/3589 2414/2055/3588 2416/2142/2454
f 3680/3314/3175 3681/3315/3161 3682/3316/3162
f 3683/3317/3145 3680/3314/3175 3684/3318/3620
f 3684/3318/3620 3680/3314/3175 3682/3316/3162
f 3684/3318/3620 3682/3316/3162 3685/3319/3158
f 3673/3307/3157 3674/3308/3614 3685/3319/3158
f 3674/3308/3614 3684/3318/3620 3685/3319/3158
f 3675/3309/3615 3684/3318/3620 3674/3308/3614
f 3675/3309/3615 3683/3317/3145 3684/3318/3620
f 3686/3320/3148 3683/3317/3145 3675/3309/3615
f 3676/3310/3616 3686/3320/3148 3675/3309/3615
f 3687/3321/3150 3686/3320/3148 3676/3310/3616
f 3677/3311/3617 3687/3321/3150 3676/3310/3616
f 3688/3322/3621 3687/3321/3150 3677/3311/3617
f 3678/3312/3618 3688/3322/3621 3677/3311/3617
f 3689/3323/3622 3688/3322/3621 3678/3312/3618
f 3679/3313/3619 3689/3323/3622 3678/3312/3618
f 3690/3324/3140 3689/3323/3622 3679/3313/3619
f 3691/2120/3623 3690/3324/3140 3679/3313/3619
f 3691/2120/3623 3692/3325/3624 3690/3324/3140
f 3692/3325/3624 3691/2120/3623 3693/3326/3130
f 3691/2120/3623 3047/2910/3033 3693/3326/3130
f 3693/3326/3130 3047/2910/3033 3057/2920/3043
f 3047/2910/3033 3049/2912/3035 3057/2920/3043
f 3046/2116/3032 3691/2120/3623 3679/3313/3619
f 3691/2120/3623 3046/2116/3032 3047/2910/3033
f 3694/3058/3625 3695/3059/3626 3696/3056/3627
f 3695/3059/3626 3697/3057/3628 3696/3056/3627
f 3696/3056/3627 3697/3057/3628 3698/3064/3629
f 3697/3057/3628 3699/3063/3630 3698/3064/3629
f 3699/3063/3630 3697/3057/3628 3700/3061/3631
f 3701/3062/3632 3699/3063/3630 3700/3061/3631
f 3700/3061/3631 3697/3057/3628 3702/3060/3633
f 3697/3057/3628 3695/3059/3626 3702/3060/3633
f 3703/3327/3634 3704/3328/3634 3705/3329/3634
f 3704/3328/3634 2468/2352/3634 3705/3329/3634
f 2468/2352/3634 2467/2351/3634 3705/3329/3634
f 3706/3317/3390 3707/3309/3635 3708/3330/3389
f 3707/3309/3635 3709/3331/3636 3708/3330/3389
f 3708/3330/3389 3709/3331/3636 3710/3332/3387
f 3711/3333/3637 3712/3334/3638 3713/3335/3639
f 3713/3335/3639 3712/3334/3638 3714/3319/3640
f 3715/3310/3641 3716/3320/3642 3717/3321/3394
f 3716/3320/3642 3715/3310/3641 3706/3317/3390
f 3715/3310/3641 3707/3309/3635 3706/3317/3390
f 3715/3310/3641 3718/3304/3643 3707/3309/3635
f 3718/3304/3643 3719/3303/3644 3707/3309/3635
f 3707/3309/3635 3719/3303/3644 3709/3331/3636
f 3719/3303/3644 3711/3333/3637 3709/3331/3636
f 3709/3331/3636 3711/3333/3637 3713/3335/3639
f 3709/3331/3636 3713/3335/3639 3710/3332/3387
f 3710/3332/3387 3713/3335/3639 3714/3319/3640
f 3720/3319/3385 3710/3332/3387 3714/3319/3640
f 3712/3334/3638 3720/3319/3385 3714/3319/3640
f 3721/3307/3383 3720/3319/3385 3712/3334/3638
f 3711/3333/3637 3721/3307/3383 3712/3334/3638
f 3722/3305/3413 3721/3307/3383 3711/3333/3637
f 3719/3303/3644 3722/3305/3413 3711/3333/3637
f 3723/3303/3411 3722/3305/3413 3719/3303/3644
f 3718/3304/3643 3723/3303/3411 3719/3303/3644
f 3724/3301/3645 3723/3303/3411 3718/3304/3643
f 2133/2120/2213 3725/2910/3646 2132/2119/2212
f 2132/2119/2212 3725/2910/3646 3307/2911/3258
f 3725/2910/3646 3726/2912/3647 3307/2911/3258
f 3307/2911/3258 3726/2912/3647 3305/2914/3256
f 3726/2912/3647 3304/3069/3255 3305/2914/3256
f 3727/3302/3648 3724/3301/3645 3718/3304/3643
f 3727/3302/3648 3718/3304/3643 3715/3310/3641
f 3728/3311/3649 3727/3302/3648 3715/3310/3641
f 3728/3311/3649 3715/3310/3641 3717/3321/3394
f 3729/3312/3650 3728/3311/3649 3717/3321/3394
f 3730/3322/3651 3729/3312/3650 3717/3321/3394
f 2134/2121/3652 3729/3312/3650 3730/3322/3651
f 3731/3323/3653 2134/2121/3652 3730/3322/3651
f 3732/3324/3400 2134/2121/3652 3731/3323/3653
f 2133/2120/2213 2134/2121/3652 3732/3324/3400
f 3733/3336/3654 2133/2120/2213 3732/3324/3400
f 2133/2120/2213 3733/3336/3654 3725/2910/3646
f 3733/3336/3654 3734/3337/3655 3725/2910/3646
f 3725/2910/3646 3734/3337/3655 3726/2912/3647
f 3734/3337/3655 3735/2920/3656 3726/2912/3647
f 3726/2912/3647 3735/2920/3656 3304/3069/3255
f 3735/2920/3656 3736/3338/3657 3304/3069/3255
f 3736/3338/3657 3302/3067/3253 3304/3069/3255
f 2124/2111/2204 3737/3299/3407 3738/3300/3658
f 3737/3299/3407 3724/3301/3645 3727/3302/3648
f 3738/3300/3658 3737/3299/3407 3727/3302/3648
f 3738/3300/3658 3727/3302/3648 3728/3311/3649
f 3729/3312/3650 3738/3300/3658 3728/3311/3649
f 2125/2112/2205 3738/3300/3658 3729/3312/3650
f 2125/2112/2205 2124/2111/2204 3738/3300/3658
f 2134/2121/3652 2125/2112/2205 3729/3312/3650
f 3739/3339/3659 3740/3340/3660 3741/3341/3661
f 3740/3340/3660 3742/3342/3662 3741/3341/3661
f 3740/3340/3660 3743/3343/3663 3742/3342/3662
f 3743/3343/3663 3744/3344/3664 3742/3342/3662
f 3743/3343/3663 3745/3345/3665 3744/3344/3664
f 3746/3346/3247 3747/3347/3666 3748/3348/3667
f 3749/3349/3668 3746/3346/3247 3748/3348/3667
f 2179/2166/3669 2178/2165/2241 2456/2340/2481
f 3748/3348/3667 3750/2390/3670 3751/2391/3671
f 3749/3349/3668 3748/3348/3667 3751/2391/3671
f 3752/2388/3672 3749/3349/3668 3751/2391/3671
f 3753/2387/3673 3749/3349/3668 3752/2388/3672
f 3753/2387/3673 3752/2388/3672 3754/2395/3674
f 3752/2388/3672 3755/2394/3675 3754/2395/3674
f 3752/2388/3672 3756/2393/3676 3755/2394/3675
f 3751/2391/3671 3757/3284/3677 3756/2393/3676
f 3756/2393/3676 3752/2388/3672 3751/2391/3671
f 3750/2390/3670 3758/3350/3678 3759/2389/3679
f 3750/2390/3670 3759/2389/3679 3751/2391/3671
f 2180/2167/3680 3751/2391/3671 3759/2389/3679
f 2180/2167/3680 3757/3284/3677 3751/2391/3671
f 2179/2166/3669 3757/3284/3677 2180/2167/3680
f 3756/2393/3676 3757/3284/3677 2179/2166/3669
f 2456/2340/2481 3756/2393/3676 2179/2166/3669
f 2457/2341/3681 3756/2393/3676 2456/2340/2481
f 3756/2393/3676 2457/2341/3681 3755/2394/3675
f 3755/2394/3675 2457/2341/3681 2442/2326/2472
f 3755/2394/3675 2442/2326/2472 2430/2314/2464
f 3754/2395/3674 3755/2394/3675 2430/2314/2464
f 3754/2395/3674 2430/2314/2464 2429/2313/2129
f 3760/3351/3240 3754/2395/3674 2429/2313/2129
f 3753/2387/3673 3754/2395/3674 3760/3351/3240
f 3761/3352/3682 3753/2387/3673 3760/3351/3240
f 2208/2195/2280 2206/2193/2278 3762/3003/3683
f 2206/2193/2278 3763/3012/3684 3762/3003/3683
f 3762/3003/3683 3763/3012/3684 3764/3353/3685
f 3763/3012/3684 3765/3354/3686 3764/3353/3685
f 3763/3012/3684 3766/3021/3687 3765/3354/3686
f 3767/3355/2494 3768/3356/3253 3769/3357/3657
f 3444/3006/3401 2284/2270/3402 3770/3010/3688
f 2284/2270/3402 2285/2271/3689 3770/3010/3688
f 3770/3010/3688 2285/2271/3689 2208/2195/2280
f 3771/3002/3655 3770/3010/3688 2208/2195/2280
f 3771/3002/3655 2208/2195/2280 3772/2998/3690
f 2208/2195/2280 3762/3003/3683 3772/2998/3690
f 3772/2998/3690 3762/3003/3683 3769/3357/3657
f 3762/3003/3683 3764/3353/3685 3769/3357/3657
f 3764/3353/3685 3767/3355/2494 3769/3357/3657
f 3767/3355/2494 3764/3353/3685 3758/3350/3678
f 3764/3353/3685 3765/3354/3686 3758/3350/3678
f 3765/3354/3686 3759/2389/3679 3758/3350/3678
f 3766/3021/3687 3759/2389/3679 3765/3354/3686
f 3766/3021/3687 2180/2167/3680 3759/2389/3679
f 2181/2168/2258 2180/2167/3680 3766/3021/3687
f 2195/2182/3691 2181/2168/2258 3766/3021/3687
f 2195/2182/3691 3766/3021/3687 3763/3012/3684
f 2206/2193/2278 2195/2182/3691 3763/3012/3684
f 3443/3006/3400 3444/3006/3401 3770/3010/3688
f 3773/3358/3692 3774/3359/3693 3775/3360/3694
f 3773/3358/3692 3775/3360/3694 3776/3361/3695
f 3777/3362/3696 3773/3358/3692 3776/3361/3695
f 3777/3362/3696 3776/3361/3695 3778/3363/3697
f 3779/3364/3698 3780/3365/3699 3781/3366/3700
f 3779/3364/3698 3782/3367/3701 3780/3365/3699
f 3782/3367/3701 3779/3364/3698 3783/3368/3702
f 3783/3368/3702 3784/3369/3703 3782/3367/3701
f 3784/3369/3703 3785/3370/3704 3782/3367/3701
f 3786/3371/3705 3782/3367/3701 3785/3370/3704
f 3787/3372/3665 3786/3371/3705 3785/3370/3704
f 3788/3373/3706 3786/3371/3705 3787/3372/3665
f 3789/3374/3707 3788/3373/3706 3787/3372/3665
f 3788/3373/3706 3789/3374/3707 3790/3375/3708
f 3788/3373/3706 3790/3375/3708 3791/3376/3709
f 3790/3375/3708 3792/3377/3710 3791/3376/3709
f 3792/3377/3710 3778/3363/3711 3791/3376/3709
f 3778/3363/3711 3776/3361/3695 3791/3376/3709
f 3793/3378/3712 3791/3376/3709 3776/3361/3695
f 3775/3360/3694 3793/3378/3712 3776/3361/3695
f 3774/3359/3699 3793/3378/3712 3775/3360/3694
f 3791/3376/3709 3793/3378/3712 3788/3373/3706
f 3793/3378/3712 3786/3371/3705 3788/3373/3706
f 3793/3378/3712 3780/3365/3699 3786/3371/3705
f 3780/3365/3699 3782/3367/3701 3786/3371/3705
f 3794/3379/3713 3795/3380/3714 3796/3381/3715
f 3796/3381/3715 3795/3380/3714 3797/3382/3716
f 3796/3381/3715 3797/3382/3716 3798/3383/3698
f 3795/3380/3714 3799/3384/3662 3797/3382/3716
f 3800/3385/3717 3801/3386/3718 3802/3387/3719
f 3803/3388/3720 3804/3389/3721 3805/3390/3722
f 3804/3389/3721 3806/3391/3723 3805/3390/3722
f 3805/3390/3722 3806/3391/3723 3807/3344/3724
f 3808/3342/3725 3805/3390/3722 3807/3344/3724
f 3809/3343/3726 3810/3340/3490 3807/3344/3724
f 3810/3340/3490 3808/3342/3725 3807/3344/3724
f 3810/3340/3490 3811/3339/3489 3808/3342/3725
f 3811/3339/3489 3812/3341/3727 3808/3342/3725
f 3812/3341/3727 3813/3392/3728 3808/3342/3725
f 3813/3392/3728 3805/3390/3722 3808/3342/3725
f 3813/3392/3728 3814/3393/3729 3805/3390/3722
f 3814/3393/3729 3803/3388/3720 3805/3390/3722
f 3803/3388/3720 3814/3393/3729 3802/3387/3719
f 3801/3386/3718 3803/3388/3720 3802/3387/3719
f 3804/3389/3721 3803/3388/3720 3801/3386/3718
f 3815/3394/3730 3804/3389/3721 3801/3386/3718
f 3816/3395/3731 3804/3389/3721 3815/3394/3730
f 3817/3396/3732 3816/3395/3731 3815/3394/3730
f 3818/3397/3733 3816/3395/3731 3817/3396/3732
f 3819/3398/3734 3818/3397/3733 3817/3396/3732
f 3819/3398/3734 3820/3399/3735 3818/3397/3733
f 3818/3397/3733 3820/3399/3735 3821/3400/3736
f 3822/3401/3192 3823/3402/3194 3824/3403/3737
f 3822/3401/3192 3824/3403/3737 3825/3404/3738
f 3826/3405/3190 3822/3401/3192 3825/3404/3738
f 3826/3405/3190 3825/3404/3738 3827/3406/3730
f 3828/3407/3739 3826/3405/3190 3827/3406/3730
f 3827/3406/3730 3825/3404/3738 3817/3396/3732
f 3817/3396/3732 3825/3404/3738 3819/3398/3734
f 3825/3404/3738 3824/3403/3737 3819/3398/3734
f 3823/3402/3740 3819/3398/3734 3824/3403/3737
f 3820/3399/3735 3819/3398/3734 3823/3402/3740
f 3829/3408/3741 3820/3399/3735 3823/3402/3740
f 3830/3409/3742 3820/3399/3735 3829/3408/3741
f 3831/3410/3743 3830/3409/3742 3829/3408/3741
f 3830/3409/3742 3831/3410/3743 3832/3411/3744
f 3830/3409/3742 3833/3412/3745 3820/3399/3735
f 3833/3412/3745 3821/3400/3745 3820/3399/3735
f 3821/3400/3745 3833/3412/3745 3834/3413/3746
f 3835/3414/3747 3821/3400/3745 3834/3413/3746
f 3834/3413/3746 3836/3415/3748 3835/3414/3747
f 3836/3415/3748 3834/3413/3746 3832/3411/3744
f 3832/3411/3744 3829/3408/3741 3836/3415/3748
f 3832/3411/3744 3831/3410/3743 3829/3408/3741
f 3834/3413/3746 3833/3412/3749 3832/3411/3744
f 3833/3412/3749 3830/3409/3742 3832/3411/3744
f 3837/3416/3659 3838/3417/3750 3839/3418/3713
f 3840/3082/3751 3841/3080/3752 3842/3083/3753
f 3843/3084/3754 3844/3085/3713 3842/3083/3753
f 3845/3081/3755 3843/3084/3754 3842/3083/3753
f 3841/3080/3752 3845/3081/3755 3842/3083/3753
f 3845/3081/3755 3841/3080/3752 3846/3078/3756
f 3847/3230/3757 3848/3209/3758 3849/3232/3759
f 3849/3232/3759 3850/3218/3760 3847/3230/3757
f 3850/3218/3760 3851/3231/3761 3847/3230/3757
f 3850/3218/3760 3852/3072/3762 3851/3231/3761
f 3852/3072/3762 3853/3217/3763 3851/3231/3761
f 3852/3072/3762 3854/3071/2519 3853/3217/3763
f 3852/3072/3762 3855/3075/3764 3854/3071/2519
f 3855/3075/3764 3856/3074/3765 3854/3071/2519
f 3856/3074/3765 3855/3075/3764 3857/3077/3766
f 3858/3076/3767 3856/3074/3765 3857/3077/3766
f 3858/3076/3767 3857/3077/3766 3859/3079/3768
f 3846/3078/3756 3858/3076/3767 3859/3079/3768
f 3859/3079/3768 3845/3081/3755 3846/3078/3756
f 3845/3081/3755 3859/3079/3768 3860/3086/3769
f 3843/3084/3754 3845/3081/3755 3860/3086/3769
f 3843/3084/3754 3860/3086/3769 3861/3246/3770
f 3861/3246/3770 3844/3085/3713 3843/3084/3754
f 3844/3085/3713 3861/3246/3770 3862/3249/3771
f 3859/3079/3768 3857/3077/3766 3860/3086/3769
f 3857/3077/3766 3863/3087/3772 3860/3086/3769
f 3864/3221/3773 3860/3086/3769 3863/3087/3772
f 3860/3086/3769 3864/3221/3773 3861/3246/3770
f 3861/3246/3770 3864/3221/3773 3865/3247/3774
f 3861/3246/3770 3865/3247/3774 3862/3249/3771
f 3855/3075/3764 3852/3072/3762 3850/3218/3760
f 3866/3088/3775 3855/3075/3764 3850/3218/3760
f 3857/3077/3766 3855/3075/3764 3866/3088/3775
f 3863/3087/3772 3857/3077/3766 3866/3088/3775
f 3867/3219/3776 3849/3232/3759 3868/3238/3777
f 3849/3232/3759 3869/3229/3778 3868/3238/3777
f 3870/3237/3779 3871/3236/3780 3872/3235/3781
f 3872/3235/3781 3871/3236/3780 3873/3239/3782
f 3872/3235/3781 3873/3239/3782 3868/3238/3777
f 3873/3239/3782 3874/3220/3783 3868/3238/3777
f 3874/3220/3783 3867/3219/3776 3868/3238/3777
f 3866/3088/3775 3867/3219/3776 3874/3220/3783
f 3867/3219/3776 3866/3088/3775 3849/3232/3759
f 3866/3088/3775 3850/3218/3760 3849/3232/3759
f 3871/3236/3780 3875/3240/3784 3873/3239/3782
f 3874/3220/3783 3873/3239/3782 3875/3240/3784
f 3863/3087/3772 3866/3088/3775 3874/3220/3783
f 3874/3220/3783 3864/3221/3773 3863/3087/3772
f 3864/3221/3773 3874/3220/3783 3875/3240/3784
f 3864/3221/3773 3875/3240/3784 3865/3247/3774
f 3865/3247/3774 3875/3240/3784 3871/3236/3780
f 3876/3241/3785 3865/3247/3774 3871/3236/3780
f 3876/3241/3785 3871/3236/3780 3877/3242/3786
f 3871/3236/3780 3870/3237/3779 3877/3242/3786
f 3878/3256/3787 3877/3242/3786 3870/3237/3779
f 3879/3243/3788 3878/3256/3787 3870/3237/3779
f 3879/3243/3788 3870/3237/3779 3880/3233/3789
f 3880/3233/3789 3870/3237/3779 3872/3235/3781
f 3880/3233/3789 3872/3235/3781 3881/3234/3790
f 3881/3234/3790 3872/3235/3781 3868/3238/3777
f 3881/3234/3790 3868/3238/3777 3882/3228/3791
f 3868/3238/3777 3869/3229/3778 3882/3228/3791
f 3882/3228/3791 3869/3229/3778 3848/3209/3758
f 3848/3209/3758 3869/3229/3778 3849/3232/3759
f 3883/3250/3665 3884/3252/3663 3885/3251/3792
f 3884/3252/3663 3886/3254/3793 3885/3251/3792
f 3886/3254/3793 3887/3248/3794 3885/3251/3792
f 3887/3248/3794 3886/3254/3793 3888/3253/3659
f 3862/3249/3771 3888/3253/3659 3844/3085/3713
f 3862/3249/3771 3887/3248/3794 3888/3253/3659
f 3865/3247/3774 3887/3248/3794 3862/3249/3771
f 3885/3251/3792 3887/3248/3794 3865/3247/3774
f 3876/3241/3785 3885/3251/3792 3865/3247/3774
f 3883/3250/3665 3885/3251/3792 3876/3241/3785
f 3876/3241/3785 3877/3242/3786 3883/3250/3665
f 3877/3242/3786 3889/3255/3707 3883/3250/3665
f 3877/3242/3786 3878/3256/3787 3889/3255/3707
f 3889/3255/3707 3878/3256/3787 3890/3259/3795
f 3878/3256/3787 3891/3260/3630 3890/3259/3795
f 3891/3260/3630 3878/3256/3787 3879/3243/3788
f 3892/3257/3629 3891/3260/3630 3879/3243/3788
f 3879/3243/3788 3893/3226/3796 3892/3257/3629
f 3893/3226/3796 3879/3243/3788 3880/3233/3789
f 3880/3233/3789 3894/3227/3797 3893/3226/3796
f 3894/3227/3797 3880/3233/3789 3881/3234/3790
f 3895/3222/3798 3894/3227/3797 3881/3234/3790
f 3896/3258/3799 3897/3244/3800 3898/3224/3801
f 3898/3224/3801 3897/3244/3800 3899/3225/3802
f 3899/3225/3802 3900/3223/3803 3898/3224/3801
f 3895/3222/3798 3900/3223/3803 3899/3225/3802
f 3894/3227/3797 3895/3222/3798 3899/3225/3802
f 3894/3227/3797 3899/3225/3802 3893/3226/3796
f 3897/3244/3800 3893/3226/3796 3899/3225/3802
f 3893/3226/3796 3897/3244/3800 3892/3257/3629
f 3892/3257/3629 3897/3244/3800 3901/3261/3627
f 3897/3244/3800 3896/3258/3799 3901/3261/3627
f 3901/3261/3627 3896/3258/3799 3902/3262/3625
f 3896/3258/3799 3903/3263/3804 3902/3262/3625
f 3903/3263/3804 3896/3258/3799 3904/3264/3805
f 3904/3264/3805 3896/3258/3799 3905/3245/3806
f 3905/3245/3806 3896/3258/3799 3898/3224/3801
f 3898/3224/3801 3906/3185/3807 3905/3245/3806
f 3900/3223/3803 3906/3185/3807 3898/3224/3801
f 3900/3223/3803 3907/3204/3808 3906/3185/3807
f 3900/3223/3803 3895/3222/3798 3907/3204/3808
f 3895/3222/3798 3908/3205/3809 3907/3204/3808
f 3908/3205/3809 3895/3222/3798 3882/3228/3791
f 3882/3228/3791 3895/3222/3798 3881/3234/3790
f 3909/3207/3810 3908/3205/3809 3882/3228/3791
f 3909/3207/3810 3882/3228/3791 3848/3209/3758
f 3853/3217/3763 3910/3215/3811 3911/3213/3812
f 3851/3231/3761 3853/3217/3763 3911/3213/3812
f 3851/3231/3761 3911/3213/3812 3912/3210/3813
f 3912/3210/3813 3847/3230/3757 3851/3231/3761
f 3912/3210/3813 3913/3208/3814 3847/3230/3757
f 3913/3208/3814 3848/3209/3758 3847/3230/3757
f 3848/3209/3758 3913/3208/3814 3914/3206/3815
f 3909/3207/3810 3848/3209/3758 3914/3206/3815
f 3914/3206/3815 3915/3201/3816 3909/3207/3810
f 3915/3201/3816 3908/3205/3809 3909/3207/3810
f 3908/3205/3809 3915/3201/3816 3916/3202/3817
f 3907/3204/3808 3908/3205/3809 3916/3202/3817
f 2479/2363/2498 3907/3204/3808 3916/3202/3817
f 3907/3204/3808 2479/2363/2498 3906/3185/3807
f 3906/3185/3807 2479/2363/2498 2501/2385/2520
f 3906/3185/3807 2501/2385/2520 3905/3245/3806
f 3905/3245/3806 2501/2385/2520 2500/2384/2519
f 3904/3264/3805 3905/3245/3806 2500/2384/2519
f 3917/3187/3818 3916/3202/3817 3915/3201/3816
f 3917/3187/3818 3918/3186/3819 3916/3202/3817
f 3917/3187/3818 3919/3189/3820 3918/3186/3819
f 3919/3189/3820 3920/3188/3821 3918/3186/3819
f 3921/3200/3822 3915/3201/3816 3914/3206/3815
f 3921/3200/3822 3917/3187/3818 3915/3201/3816
f 3917/3187/3818 3921/3200/3822 3922/3203/3823
f 3919/3189/3820 3917/3187/3818 3922/3203/3823
f 3919/3189/3820 3922/3203/3823 3923/3190/3824
f 3923/3190/3824 3924/3265/3825 3919/3189/3820
f 3924/3265/3825 3920/3188/3821 3919/3189/3820
f 3920/3188/3821 3924/3265/3825 2486/2370/2505
f 2484/2368/2503 3920/3188/3821 2486/2370/2505
f 3920/3188/3821 2484/2368/2503 2482/2366/2501
f 3918/3186/3819 3920/3188/3821 2482/2366/2501
f 2480/2364/2499 3918/3186/3819 2482/2366/2501
f 3918/3186/3819 2480/2364/2499 3916/3202/3817
f 2480/2364/2499 2479/2363/2498 3916/3202/3817
f 3912/3210/3813 3911/3213/3812 3925/3212/3826
f 3911/3213/3812 3910/3215/3811 3925/3212/3826
f 3910/3215/3811 3926/3214/3827 3925/3212/3826
f 3925/3212/3826 3926/3214/3827 3927/3273/3828
f 3928/3276/3829 3929/3275/3830 3927/3273/3828
f 3929/3275/3830 3925/3212/3826 3927/3273/3828
f 3930/3211/3831 3925/3212/3826 3929/3275/3830
f 3912/3210/3813 3925/3212/3826 3930/3211/3831
f 3930/3211/3831 3931/3199/3832 3912/3210/3813
f 3931/3199/3832 3913/3208/3814 3912/3210/3813
f 3914/3206/3815 3913/3208/3814 3931/3199/3832
f 3932/3198/3833 3914/3206/3815 3931/3199/3832
f 3932/3198/3833 3921/3200/3822 3914/3206/3815
f 3932/3198/3833 3933/3196/3834 3921/3200/3822
f 3933/3196/3834 3922/3203/3823 3921/3200/3822
f 3934/3191/3835 3922/3203/3823 3933/3196/3834
f 3922/3203/3823 3934/3191/3835 3923/3190/3824
f 3923/3190/3824 3934/3191/3835 2494/2378/2513
f 3923/3190/3824 2494/2378/2513 3924/3265/3825
f 2494/2378/2513 2492/2376/2511 3924/3265/3825
f 2486/2370/2505 3924/3265/3825 2492/2376/2511
f 2488/2372/2507 2486/2370/2505 2492/2376/2511
f 3932/3198/3833 3931/3199/3832 3933/3196/3834
f 3935/3277/3836 3936/3195/3837 3937/3278/3838
f 3936/3195/3837 3938/3197/3839 3937/3278/3838
f 3938/3197/3839 3936/3195/3837 3939/3192/3840
f 3929/3275/3830 3928/3276/3829 3935/3277/3836
f 3937/3278/3838 3929/3275/3830 3935/3277/3836
f 3937/3278/3838 3930/3211/3831 3929/3275/3830
f 3937/3278/3838 3938/3197/3839 3930/3211/3831
f 3938/3197/3839 3931/3199/3832 3930/3211/3831
f 3931/3199/3832 3938/3197/3839 3933/3196/3834
f 3933/3196/3834 3938/3197/3839 3939/3192/3840
f 3939/3192/3840 3934/3191/3835 3933/3196/3834
f 3939/3192/3840 3940/3193/3841 3934/3191/3835
f 3939/3192/3840 3936/3195/3837 3940/3193/3841
f 3936/3195/3837 3941/3194/3842 3940/3193/3841
f 3941/3194/3842 3936/3195/3837 3935/3277/3836
f 3942/3266/3843 3941/3194/3842 3935/3277/3836
f 3935/3277/3836 3928/3276/3829 3942/3266/3843
f 3928/3276/3829 3943/3267/3844 3942/3266/3843
f 3943/3267/3844 3928/3276/3829 3944/3270/3845
f 3944/3270/3845 3928/3276/3829 3927/3273/3828
f 3940/3193/3841 2496/2380/2515 3934/3191/3835
f 3934/3191/3835 2496/2380/2515 2494/2378/2513
f 3854/3071/2519 3945/3073/2518 3853/3217/3763
f 3853/3217/3763 3945/3073/2518 3946/3216/3846
f 2497/2381/2516 2496/2380/2515 3940/3193/3841
f 3947/2828/3847 2497/2381/2516 3940/3193/3841
f 3940/3193/3841 3941/3194/3842 3947/2828/3847
f 3941/3194/3842 3948/2830/3848 3947/2828/3847
f 3948/2830/3848 3941/3194/3842 3942/3266/3843
f 3949/2821/3849 3948/2830/3848 3942/3266/3843
f 3949/2821/3849 3942/3266/3843 3943/3267/3844
f 3950/2820/3850 3949/2821/3849 3943/3267/3844
f 3943/3267/3844 3951/3268/3851 3950/2820/3850
f 3951/3268/3851 3943/3267/3844 3944/3270/3845
f 3944/3270/3845 3952/3271/2506 3951/3268/3851
f 3944/3270/3845 3927/3273/3828 3952/3271/2506
f 3927/3273/3828 3953/3272/3852 3952/3271/2506
f 3953/3272/3852 3927/3273/3828 3926/3214/3827
f 3954/3274/3853 3953/3272/3852 3926/3214/3827
f 3946/3216/3846 3954/3274/3853 3926/3214/3827
f 3946/3216/3846 3926/3214/3827 3910/3215/3811
f 3946/3216/3846 3910/3215/3811 3853/3217/3763
f 3952/3271/2506 3955/3269/3854 3951/3268/3851
f 3951/3268/3851 3955/3269/3854 3956/2819/3855
f 3951/3268/3851 3956/2819/3855 3950/2820/3850
f 3955/3269/3854 2490/2374/2509 3956/2819/3855
f 3957/3419/3856 3958/3420/3857 3959/3421/3858
f 3960/3422/3859 3957/3419/3856 3959/3421/3858
f 3961/3423/3860 3957/3419/3856 3960/3422/3859
f 3962/3424/3861 3961/3423/3860 3960/3422/3859
f 3961/3423/3860 3962/3424/3861 3963/3425/3862
f 3963/3425/3862 3962/3424/3861 3964/3426/3863
f 3965/3427/3864 3963/3425/3862 3964/3426/3863
f 3966/3428/3865 3965/3427/3864 3964/3426/3863
f 3965/3427/3864 3966/3428/3865 3967/3429/3866
f 3967/3429/3866 3966/3428/3865 3968/3430/3867
f 3967/3429/3866 3968/3430/3867 3969/3431/3868
f 3969/3431/3868 3968/3430/3867 3970/3432/3869
f 3971/3433/3870 3969/3431/3868 3970/3432/3869
f 3972/3434/3871 3971/3433/3870 3970/3432/3869
f 3971/3433/3870 3972/3434/3871 3973/3435/3872
f 3972/3434/3871 3974/3436/3873 3973/3435/3872
f 3974/3436/3873 3975/3437/3874 3973/3435/3872
f 3975/3437/3874 3974/3436/3873 3976/3438/3875
f 3977/3439/3876 3978/3440/3877 3979/3441/3355
f 3980/3442/3878 3978/3440/3877 3977/3439/3876
f 3981/3443/3879 3980/3442/3878 3977/3439/3876
f 3982/3444/3880 3980/3442/3878 3981/3443/3879
f 3983/3445/3881 3982/3444/3880 3981/3443/3879
f 3984/3446/3882 3982/3444/3880 3983/3445/3881
f 3985/3447/3883 3984/3446/3882 3983/3445/3881
f 3986/3448/3884 3984/3446/3882 3985/3447/3883
f 3987/3449/3885 3986/3448/3884 3985/3447/3883
f 3988/3450/3886 3986/3448/3884 3987/3449/3885
f 3989/3451/3887 3988/3450/3886 3987/3449/3885
f 3990/3452/3888 3988/3450/3886 3989/3451/3887
f 3991/3453/3889 3990/3452/3888 3989/3451/3887
f 3992/3454/3890 3990/3452/3888 3991/3453/3889
f 3993/3455/3891 3990/3452/3888 3992/3454/3890
f 3993/3455/3891 3994/3456/3892 3990/3452/3888
f 3993/3455/3891 3958/3420/3857 3994/3456/3892
f 3958/3420/3857 3957/3419/3856 3994/3456/3892
f 3994/3456/3892 3957/3419/3856 3995/3457/3893
f 3957/3419/3856 3961/3423/3860 3995/3457/3893
f 3996/3458/3894 3997/3459/3895 3963/3425/3862
f 3997/3459/3895 3961/3423/3860 3963/3425/3862
f 3961/3423/3860 3997/3459/3895 3998/3460/3896
f 3995/3457/3893 3961/3423/3860 3998/3460/3896
f 3995/3457/3893 3998/3460/3896 3986/3448/3884
f 3995/3457/3893 3986/3448/3884 3988/3450/3886
f 3994/3456/3892 3995/3457/3893 3988/3450/3886
f 3994/3456/3892 3988/3450/3886 3990/3452/3888
f 3997/3459/3895 3996/3458/3894 3998/3460/3896
f 3996/3458/3894 3999/3461/3897 3998/3460/3896
f 3998/3460/3896 3999/3461/3897 3984/3446/3882
f 3998/3460/3896 3984/3446/3882 3986/3448/3884
f 3999/3461/3897 3982/3444/3880 3984/3446/3882
f 4000/3462/3898 4001/3463/3899 3965/3427/3864
f 4000/3462/3898 3965/3427/3864 3967/3429/3866
f 4000/3462/3898 3967/3429/3866 4002/3464/3900
f 4001/3463/3899 4000/3462/3898 4002/3464/3900
f 4003/3465/3901 4001/3463/3899 4002/3464/3900
f 4001/3463/3899 4003/3465/3901 4004/3466/3902
f 4005/3467/3903 4001/3463/3899 4004/3466/3902
f 4005/3467/3903 4004/3466/3902 3978/3440/3877
f 3980/3442/3878 4005/3467/3903 3978/3440/3877
f 4005/3467/3903 3980/3442/3878 3982/3444/3880
f 3999/3461/3897 4005/3467/3903 3982/3444/3880
f 4001/3463/3899 4005/3467/3903 3999/3461/3897
f 3996/3458/3894 4001/3463/3899 3999/3461/3897
f 4001/3463/3899 3996/3458/3894 3965/3427/3864
f 3965/3427/3864 3996/3458/3894 3963/3425/3862
f 4006/3468/3346 3829/3408/3741 3823/3402/3740
f 4007/3469/3904 3971/3433/3870 3973/3435/3872
f 4008/3470/3905 3971/3433/3870 4007/3469/3904
f 4009/3471/3906 3971/3433/3870 4008/3470/3905
f 3971/3433/3870 4009/3471/3906 3969/3431/3868
f 4009/3471/3906 4010/3472/3907 3969/3431/3868
f 4010/3472/3907 3967/3429/3866 3969/3431/3868
f 4002/3464/3900 3967/3429/3866 4010/3472/3907
f 4002/3464/3900 4010/3472/3907 3836/3415/3748
f 3836/3415/3748 4003/3465/3901 4002/3464/3900
f 4003/3465/3901 3836/3415/3748 3829/3408/3741
f 4003/3465/3901 3829/3408/3741 4004/3466/3902
f 3829/3408/3741 4006/3468/3346 4004/3466/3902
f 4006/3468/3346 3978/3440/3877 4004/3466/3902
f 3978/3440/3877 4006/3468/3346 3979/3441/3355
f 3836/3415/3748 4008/3470/3905 3835/3414/3747
f 3836/3415/3748 4009/3471/3906 4008/3470/3905
f 4009/3471/3906 3836/3415/3748 4010/3472/3907
f 4011/3345/3486 4012/3473/3908 4013/3474/3491
f 4012/3473/3908 4014/3475/3909 4013/3474/3491
f 3287/3062/3237 4013/3474/3491 4014/3475/3909
f 3804/3389/3721 3816/3395/3731 3806/3391/3723
f 3835/3414/3747 3818/3397/3733 3821/3400/3736
f 4015/3476/3910 4016/3477/3911 4017/3478/3912
f 4015/3476/3910 3975/3437/3874 4016/3477/3911
f 3975/3437/3874 4015/3476/3910 4018/3479/3913
f 3975/3437/3874 4018/3479/3913 3973/3435/3872
f 3973/3435/3872 4018/3479/3913 3285/3060/3235
f 4007/3469/3904 3973/3435/3872 3285/3060/3235
f 3286/3061/3236 4007/3469/3904 3285/3060/3235
f 4007/3469/3904 3286/3061/3236 4008/3470/3905
f 3286/3061/3236 3287/3062/3237 4008/3470/3905
f 4008/3470/3905 3287/3062/3237 3835/3414/3747
f 3835/3414/3747 3287/3062/3237 4014/3475/3909
f 3818/3397/3733 3835/3414/3747 4014/3475/3909
f 3818/3397/3733 4014/3475/3909 4012/3473/3908
f 3816/3395/3731 3818/3397/3733 4012/3473/3908
f 3816/3395/3731 4012/3473/3908 3806/3391/3723
f 4012/3473/3908 4011/3345/3486 3806/3391/3723
f 4011/3345/3486 3807/3344/3724 3806/3391/3723
f 3809/3343/3726 3807/3344/3724 4011/3345/3486
f 3285/3060/3235 4018/3479/3913 4019/3480/3272
f 4020/3481/3914 4021/3482/3915 4022/3483/3916
f 4021/3482/3915 4020/3481/3914 4023/3484/3917
f 4023/3484/3917 4017/3478/3912 4021/3482/3915
f 4023/3484/3917 4024/3485/3918 4017/3478/3912
f 4024/3485/3918 4025/3486/3919 4017/3478/3912
f 4025/3486/3919 4015/3476/3910 4017/3478/3912
f 4025/3486/3919 4026/3487/3920 4015/3476/3910
f 4026/3487/3920 4018/3479/3913 4015/3476/3910
f 4018/3479/3913 4026/3487/3920 4019/3480/3272
f 4026/3487/3920 4027/3418/3274 4019/3480/3272
f 4027/3418/3274 4026/3487/3920 4028/3488/3921
f 4026/3487/3920 4025/3486/3919 4028/3488/3921
f 4025/3486/3919 4024/3485/3918 4028/3488/3921
f 4029/3489/3285 4030/3490/3343 4031/3491/3719
f 4032/3416/3922 4027/3418/3274 4033/3417/3727
f 4027/3418/3274 4028/3488/3921 4033/3417/3727
f 4028/3488/3921 4034/3492/3923 4033/3417/3727
f 4028/3488/3921 4024/3485/3918 4034/3492/3923
f 4024/3485/3918 4035/3493/3729 4034/3492/3923
f 4035/3493/3729 4024/3485/3918 4023/3484/3917
f 4031/3491/3719 4035/3493/3729 4023/3484/3917
f 4020/3481/3914 4031/3491/3719 4023/3484/3917
f 4020/3481/3914 4029/3489/3285 4031/3491/3719
f 4020/3481/3914 4022/3483/3916 4029/3489/3285
f 4022/3483/3916 4036/3494/3924 4029/3489/3285
f 4022/3483/3916 4037/3495/3925 4036/3494/3924
f 4037/3495/3925 4022/3483/3916 4038/3496/3926
f 3798/3383/3698 4037/3495/3925 4038/3496/3926
f 4038/3496/3926 3796/3381/3715 3798/3383/3698
f 4039/3497/3927 3796/3381/3715 4038/3496/3926
f 4039/3497/3927 3794/3379/3713 3796/3381/3715
f 4039/3497/3927 4040/3498/3928 3794/3379/3713
f 4040/3498/3928 4041/3499/3753 3794/3379/3713
f 4042/3500/3751 4041/3499/3753 4040/3498/3928
f 4043/3501/3929 4044/3502/3930 4045/3503/3931
f 4044/3502/3930 4046/3504/3932 4045/3503/3931
f 4046/3504/3932 4044/3502/3930 4047/3505/3933
f 3975/3437/3874 3976/3438/3875 4016/3477/3911
f 4016/3477/3911 3976/3438/3875 4048/3506/3934
f 4016/3477/3911 4048/3506/3934 4047/3505/3933
f 4046/3504/3932 4047/3505/3933 4048/3506/3934
f 4049/3507/3935 4046/3504/3932 4048/3506/3934
f 4045/3503/3931 4046/3504/3932 4049/3507/3935
f 4050/3508/3936 4045/3503/3931 4049/3507/3935
f 4050/3508/3936 4051/3509/3937 4045/3503/3931
f 4051/3509/3937 4040/3498/3928 4045/3503/3931
f 4045/3503/3931 4040/3498/3928 4043/3501/3929
f 4040/3498/3928 4039/3497/3927 4043/3501/3929
f 4043/3501/3929 4039/3497/3927 4038/3496/3926
f 4038/3496/3926 4022/3483/3916 4043/3501/3929
f 4022/3483/3916 4044/3502/3930 4043/3501/3929
f 4021/3482/3915 4044/3502/3930 4022/3483/3916
f 4044/3502/3930 4021/3482/3915 4047/3505/3933
f 4017/3478/3912 4047/3505/3933 4021/3482/3915
f 4017/3478/3912 4016/3477/3911 4047/3505/3933
f 3974/3436/3873 4052/3510/3938 3976/3438/3875
f 3976/3438/3875 4052/3510/3938 4053/3511/3939
f 3976/3438/3875 4053/3511/3939 4048/3506/3934
f 4048/3506/3934 4053/3511/3939 4049/3507/3935
f 3974/3436/3873 3972/3434/3871 3970/3432/3869
f 4051/3509/3937 4042/3500/3751 4040/3498/3928
f 4054/3512/3940 4042/3500/3751 4051/3509/3937
f 4054/3512/3940 4051/3509/3937 4050/3508/3936
f 4055/3513/3941 4054/3512/3940 4050/3508/3936
f 4055/3513/3941 4050/3508/3936 4049/3507/3935
f 4056/3514/3942 4055/3513/3941 4049/3507/3935
f 4053/3511/3939 4056/3514/3942 4049/3507/3935
f 4053/3511/3939 4057/3515/3943 4056/3514/3942
f 4052/3510/3938 4057/3515/3943 4053/3511/3939
f 4057/3515/3943 4052/3510/3938 4058/3516/3944
f 4052/3510/3938 3974/3436/3873 4058/3516/3944
f 3974/3436/3873 4059/3517/3945 4058/3516/3944
f 4059/3517/3945 3974/3436/3873 3970/3432/3869
f 4059/3517/3945 3970/3432/3869 4060/3518/3946
f 3968/3430/3867 4060/3518/3946 3970/3432/3869
f 4060/3518/3946 3968/3430/3867 4061/3519/3947
f 3966/3428/3865 4061/3519/3947 3968/3430/3867
f 4061/3519/3947 3966/3428/3865 4062/3520/3948
f 4063/3521/3949 4059/3517/3945 4060/3518/3946
f 4064/3522/3950 4065/3523/3951 4066/3524/3952
f 4065/3523/3951 4064/3522/3950 4067/3525/3953
f 4065/3523/3951 4067/3525/3953 4062/3520/3948
f 4061/3519/3947 4062/3520/3948 4067/3525/3953
f 4068/3526/3954 4061/3519/3947 4067/3525/3953
f 4068/3526/3954 4060/3518/3946 4061/3519/3947
f 4068/3526/3954 4069/3527/3955 4060/3518/3946
f 4069/3527/3955 4063/3521/3949 4060/3518/3946
f 4063/3521/3949 4069/3527/3955 4070/3528/3956
f 4059/3517/3945 4063/3521/3949 4070/3528/3956
f 4058/3516/3944 4059/3517/3945 4070/3528/3956
f 4071/3529/3957 4058/3516/3944 4070/3528/3956
f 4071/3529/3957 4057/3515/3943 4058/3516/3944
f 4072/3530/3958 4057/3515/3943 4071/3529/3957
f 4057/3515/3943 4072/3530/3958 4056/3514/3942
f 4056/3514/3942 4072/3530/3958 4055/3513/3941
f 4072/3530/3958 4073/3531/3959 4055/3513/3941
f 4055/3513/3941 4073/3531/3959 4054/3512/3940
f 4074/3532/3960 4071/3529/3957 4070/3528/3956
f 4073/3531/3959 4072/3530/3958 4075/3533/3961
f 4075/3533/3961 4072/3530/3958 4071/3529/3957
f 4075/3533/3961 4071/3529/3957 4076/3534/3962
f 4071/3529/3957 4074/3532/3960 4076/3534/3962
f 4074/3532/3960 4077/3535/3963 4076/3534/3962
f 4077/3535/3963 4074/3532/3960 4070/3528/3956
f 4078/3536/3964 4077/3535/3963 4070/3528/3956
f 4069/3527/3955 4078/3536/3964 4070/3528/3956
f 4078/3536/3964 4069/3527/3955 4079/3537/3965
f 4069/3527/3955 4080/3538/3966 4079/3537/3965
f 4080/3538/3966 4064/3522/3950 4079/3537/3965
f 4064/3522/3950 4080/3538/3966 4067/3525/3953
f 4080/3538/3966 4069/3527/3955 4067/3525/3953
f 4069/3527/3955 4068/3526/3954 4067/3525/3953
f 4077/3535/3963 4078/3536/3964 4079/3537/3965
f 4077/3535/3963 4081/3539/3967 4076/3534/3962
f 4073/3531/3959 4082/3540/3968 4083/3541/3969
f 4082/3540/3968 4073/3531/3959 4075/3533/3961
f 4084/3542/3970 4082/3540/3968 4075/3533/3961
f 4076/3534/3962 4084/3542/3970 4075/3533/3961
f 4085/3543/3971 4084/3542/3970 4076/3534/3962
f 4081/3539/3967 4085/3543/3971 4076/3534/3962
f 4085/3543/3971 4081/3539/3967 4086/3544/3972
f 4081/3539/3967 4077/3535/3963 4086/3544/3972
f 4077/3535/3963 4087/3545/3973 4086/3544/3972
f 4087/3545/3973 4077/3535/3963 4079/3537/3965
f 4079/3537/3965 4088/3546/3974 4087/3545/3973
f 4064/3522/3950 4088/3546/3974 4079/3537/3965
f 4088/3546/3974 4064/3522/3950 4089/3547/3975
f 4064/3522/3950 4090/3548/3976 4089/3547/3975
f 4089/3547/3975 4090/3548/3976 4091/3549/3977
f 4090/3548/3976 4092/3550/3978 4091/3549/3977
f 4091/3549/3977 4092/3550/3978 4093/3551/3979
f 4092/3550/3978 4094/3552/3980 4093/3551/3979
f 4082/3540/3968 4095/3553/3981 4083/3541/3969
f 4095/3553/3981 4082/3540/3968 4096/3554/3982
f 4082/3540/3968 4084/3542/3970 4096/3554/3982
f 4084/3542/3970 4085/3543/3971 4096/3554/3982
f 4097/3555/3983 4085/3543/3971 4086/3544/3972
f 4095/3553/3981 4096/3554/3982 4098/3556/3984
f 4096/3554/3982 4099/3557/3985 4098/3556/3984
f 4085/3543/3971 4099/3557/3985 4096/3554/3982
f 4099/3557/3985 4085/3543/3971 4100/3558/3986
f 4085/3543/3971 4097/3555/3983 4100/3558/3986
f 4097/3555/3983 4101/3559/3987 4100/3558/3986
f 4101/3559/3987 4097/3555/3983 4086/3544/3972
f 4102/3560/3988 4101/3559/3987 4086/3544/3972
f 4102/3560/3988 4086/3544/3972 4103/3561/3989
f 4086/3544/3972 4087/3545/3973 4103/3561/3989
f 4088/3546/3974 4103/3561/3989 4087/3545/3973
f 4103/3561/3989 4088/3546/3974 4104/3562/3990
f 4102/3560/3988 4103/3561/3989 4104/3562/3990
f 4105/3563/3991 4102/3560/3988 4104/3562/3990
f 4105/3563/3991 4106/3564/3992 4102/3560/3988
f 4106/3564/3992 4101/3559/3987 4102/3560/3988
f 4101/3559/3987 4106/3564/3992 4107/3565/3993
f 4101/3559/3987 4107/3565/3993 4100/3558/3986
f 4108/3566/3994 4109/3567/3995 4110/3568/3996
f 4111/3569/3997 4108/3566/3994 4110/3568/3996
f 4112/3570/3998 4108/3566/3994 4111/3569/3997
f 4108/3566/3994 4112/3570/3998 4113/3571/3999
f 4114/3572/4000 4098/3556/3984 4115/3573/4001
f 4116/3574/4002 4117/3575/4003 4115/3573/4001
f 4117/3575/4003 4118/3576/4004 4115/3573/4001
f 4118/3576/4004 4114/3572/4000 4115/3573/4001
f 4118/3576/4004 4119/3577/4005 4114/3572/4000
f 4100/3558/3986 4107/3565/3993 4113/3571/3999
f 4113/3571/3999 4112/3570/3998 4100/3558/3986
f 4112/3570/3998 4099/3557/3985 4100/3558/3986
f 4099/3557/3985 4112/3570/3998 4098/3556/3984
f 4098/3556/3984 4112/3570/3998 4111/3569/3997
f 4098/3556/3984 4111/3569/3997 4115/3573/4001
f 4110/3568/3996 4115/3573/4001 4111/3569/3997
f 4116/3574/4002 4115/3573/4001 4110/3568/3996
f 4116/3574/4002 4110/3568/3996 4120/3578/4006
f 4116/3574/4002 4120/3578/4006 4117/3575/4003
f 4120/3578/4006 4121/3579/4007 4117/3575/4003
f 4121/3579/4007 4122/3580/4008 4117/3575/4003
f 4122/3580/4008 4123/3581/4009 4117/3575/4003
f 4117/3575/4003 4123/3581/4009 4118/3576/4004
f 4123/3581/4009 4124/3582/4010 4118/3576/4004
f 4118/3576/4004 4124/3582/4010 4119/3577/4005
f 4124/3582/4010 4125/3583/4011 4119/3577/4005
f 4083/3541/3969 4119/3577/4005 4125/3583/4011
f 4119/3577/4005 4083/3541/3969 4114/3572/4000
f 4083/3541/3969 4095/3553/3981 4114/3572/4000
f 4114/3572/4000 4095/3553/3981 4098/3556/3984
f 4126/3584/3631 4042/3500/3751 4054/3512/3940
f 3789/3374/3707 4127/3585/3795 3790/3375/3708
f 4110/3568/3996 4109/3567/3995 4128/3586/4012
f 4129/3587/4013 4110/3568/3996 4128/3586/4012
f 4110/3568/3996 4129/3587/4013 4120/3578/4006
f 4120/3578/4006 4129/3587/4013 4130/3588/4014
f 4120/3578/4006 4130/3588/4014 4121/3579/4007
f 4130/3588/4014 4131/3589/4015 4121/3579/4007
f 4131/3589/4015 4122/3580/4008 4121/3579/4007
f 4122/3580/4008 4131/3589/4015 3778/3363/3711
f 4122/3580/4008 3778/3363/3711 3792/3377/3710
f 4123/3581/4009 4122/3580/4008 3792/3377/3710
f 3790/3375/3708 4123/3581/4009 3792/3377/3710
f 4124/3582/4010 4123/3581/4009 3790/3375/3708
f 4127/3585/3795 4124/3582/4010 3790/3375/3708
f 4125/3583/4011 4124/3582/4010 4127/3585/3795
f 4126/3584/3631 4125/3583/4011 4127/3585/3795
f 4125/3583/4011 4126/3584/3631 4054/3512/3940
f 4054/3512/3940 4083/3541/3969 4125/3583/4011
f 4073/3531/3959 4083/3541/3969 4054/3512/3940
f 4129/3587/4013 4132/3590/4016 4130/3588/4014
f 4129/3587/4013 4128/3586/4012 4132/3590/4016
f 4133/3591/4017 4134/3592/4018 4128/3586/4012
f 4128/3586/4012 4134/3592/4018 4135/3593/4019
f 4128/3586/4012 4135/3593/4019 4132/3590/4016
f 4136/3594/4020 4137/3595/4021 4138/3596/4022
f 4134/3592/4018 4139/3597/4023 4135/3593/4019
f 4137/3595/4021 4140/3598/4024 4138/3596/4022
f 4140/3598/4024 4137/3595/4021 4141/3599/4025
f 4137/3595/4021 4142/3600/4026 4141/3599/4025
f 4141/3599/4025 4142/3600/4026 4143/3601/4027
f 4144/3602/4028 4141/3599/4025 4143/3601/4027
f 4144/3602/4028 4143/3601/4027 4139/3597/4023
f 4134/3592/4018 4144/3602/4028 4139/3597/4023
f 4145/3603/4029 4144/3602/4028 4134/3592/4018
f 4133/3591/4017 4145/3603/4029 4134/3592/4018
f 4146/3604/4030 4145/3603/4029 4133/3591/4017
f 4147/3605/4031 4146/3604/4030 4133/3591/4017
f 4148/3606/4032 4146/3604/4030 4147/3605/4031
f 4146/3604/4030 4148/3606/4032 4149/3607/4033
f 4149/3607/4033 4148/3606/4032 4150/3608/4034
f 4149/3607/4033 4150/3608/4034 4151/3609/4035
f 4152/3610/4036 4151/3609/4035 4150/3608/4034
f 4151/3609/4035 4152/3610/4036 4153/3611/4037
f 4152/3610/4036 4154/3612/4038 4153/3611/4037
f 4155/3613/4039 4156/3614/4040 4157/3615/4041
f 4158/3616/4042 4155/3613/4039 4157/3615/4041
f 4155/3613/4039 4158/3616/4042 4159/3617/4043
f 4158/3616/4042 4160/3618/4044 4159/3617/4043
f 4158/3616/4042 4161/3619/4045 4160/3618/4044
f 4161/3619/4045 4162/3620/4046 4160/3618/4044
f 4162/3620/4046 4161/3619/4045 4153/3611/4037
f 4161/3619/4045 4151/3609/4035 4153/3611/4037
f 4161/3619/4045 4149/3607/4033 4151/3609/4035
f 4163/3621/4047 4162/3620/4046 4153/3611/4037
f 4163/3621/4047 4164/3622/4048 4162/3620/4046
f 4164/3622/4048 4160/3618/4044 4162/3620/4046
f 4164/3622/4048 4165/3623/4049 4160/3618/4044
f 4165/3623/4049 4159/3617/4043 4160/3618/4044
f 4165/3623/4049 4166/3624/4050 4159/3617/4043
f 4166/3624/4050 4167/3625/4051 4159/3617/4043
f 4167/3625/4051 4140/3598/4024 4159/3617/4043
f 4140/3598/4024 4155/3613/4039 4159/3617/4043
f 4140/3598/4024 4141/3599/4025 4155/3613/4039
f 4141/3599/4025 4156/3614/4040 4155/3613/4039
f 4141/3599/4025 4144/3602/4028 4156/3614/4040
f 4144/3602/4028 4145/3603/4029 4156/3614/4040
f 4156/3614/4040 4145/3603/4029 4157/3615/4041
f 4145/3603/4029 4146/3604/4030 4157/3615/4041
f 4157/3615/4041 4146/3604/4030 4149/3607/4033
f 4158/3616/4042 4157/3615/4041 4149/3607/4033
f 4161/3619/4045 4158/3616/4042 4149/3607/4033
f 4168/3626/4052 4138/3596/4022 4169/3627/4053
f 4138/3596/4022 4170/3628/4054 4169/3627/4053
f 4170/3628/4054 4171/3629/4055 4169/3627/4053
f 4172/3630/4056 4173/3631/4057 4174/3632/4058
f 4173/3631/4057 4175/3633/4059 4174/3632/4058
f 4173/3631/4057 4176/3634/4060 4175/3633/4059
f 4176/3634/4060 4177/3635/4061 4175/3633/4059
f 4177/3635/4061 4176/3634/4060 4178/3636/4062
f 4179/3637/4063 4177/3635/4061 4178/3636/4062
f 4178/3636/4062 4180/3638/4064 4179/3637/4063
f 4180/3638/4064 4163/3621/4047 4179/3637/4063
f 4180/3638/4064 4181/3639/4065 4163/3621/4047
f 4181/3639/4065 4164/3622/4048 4163/3621/4047
f 4181/3639/4065 4182/3640/4066 4164/3622/4048
f 4182/3640/4066 4165/3623/4049 4164/3622/4048
f 4182/3640/4066 4183/3641/4067 4165/3623/4049
f 4183/3641/4067 4166/3624/4050 4165/3623/4049
f 4166/3624/4050 4183/3641/4067 4171/3629/4055
f 4170/3628/4054 4166/3624/4050 4171/3629/4055
f 4167/3625/4051 4166/3624/4050 4170/3628/4054
f 4138/3596/4022 4167/3625/4051 4170/3628/4054
f 4140/3598/4024 4167/3625/4051 4138/3596/4022
f 4174/3632/4058 4175/3633/4059 4184/3642/4068
f 4175/3633/4059 4185/3643/4069 4184/3642/4068
f 4175/3633/4059 4177/3635/4061 4185/3643/4069
f 4177/3635/4061 4154/3612/4038 4185/3643/4069
f 4154/3612/4038 4177/3635/4061 4179/3637/4063
f 4153/3611/4037 4154/3612/4038 4179/3637/4063
f 4179/3637/4063 4163/3621/4047 4153/3611/4037
f 4088/3546/3974 4089/3547/3975 4104/3562/3990
f 4089/3547/3975 4091/3549/3977 4104/3562/3990
f 4186/3644/4070 4187/3645/4071 4184/3642/4068
f 4185/3643/4069 4186/3644/4070 4184/3642/4068
f 4185/3643/4069 4154/3612/4038 4186/3644/4070
f 4154/3612/4038 4152/3610/4036 4186/3644/4070
f 4188/3646/4072 4174/3632/4058 4093/3551/3979
f 4174/3632/4058 4184/3642/4068 4093/3551/3979
f 4091/3549/3977 4093/3551/3979 4184/3642/4068
f 4187/3645/4071 4091/3549/3977 4184/3642/4068
f 4091/3549/3977 4187/3645/4071 4104/3562/3990
f 4187/3645/4071 4186/3644/4070 4104/3562/3990
f 4186/3644/4070 4105/3563/3991 4104/3562/3990
f 4186/3644/4070 4152/3610/4036 4105/3563/3991
f 4152/3610/4036 4106/3564/3992 4105/3563/3991
f 4106/3564/3992 4152/3610/4036 4150/3608/4034
f 4106/3564/3992 4150/3608/4034 4107/3565/3993
f 4148/3606/4032 4107/3565/3993 4150/3608/4034
f 4107/3565/3993 4148/3606/4032 4113/3571/3999
f 4113/3571/3999 4148/3606/4032 4147/3605/4031
f 4147/3605/4031 4108/3566/3994 4113/3571/3999
f 4108/3566/3994 4147/3605/4031 4133/3591/4017
f 4109/3567/3995 4108/3566/3994 4133/3591/4017
f 4109/3567/3995 4133/3591/4017 4128/3586/4012
f 4189/3647/4073 4190/3648/4074 4191/3649/4075
f 4192/3650/4076 4189/3647/4073 4191/3649/4075
f 4192/3650/4076 4193/3651/4077 4189/3647/4073
f 4193/3651/4077 4194/3652/4078 4189/3647/4073
f 4194/3652/4078 4193/3651/4077 4195/3653/4079
f 4196/3654/4080 4194/3652/4078 4195/3653/4079
f 4195/3653/4079 4197/3655/4081 4196/3654/4080
f 4197/3655/4081 4198/3656/4082 4196/3654/4080
f 4197/3655/4081 4199/3657/4083 4198/3656/4082
f 4199/3657/4083 4200/3658/4084 4198/3656/4082
f 4199/3657/4083 4201/3659/4085 4200/3658/4084
f 4201/3659/4085 4202/3660/4086 4200/3658/4084
f 4201/3659/4085 4203/3661/4087 4202/3660/4086
f 4203/3661/4087 4204/3662/4088 4202/3660/4086
f 4204/3662/4088 4203/3661/4087 4205/3663/4089
f 4188/3646/4072 4204/3662/4088 4205/3663/4089
f 4205/3663/4089 4172/3630/4056 4188/3646/4072
f 4172/3630/4056 4174/3632/4058 4188/3646/4072
f 4202/3660/4086 4204/3662/4088 4206/3664/4090
f 4202/3660/4086 4206/3664/4090 4207/3665/4091
f 4200/3658/4084 4202/3660/4086 4207/3665/4091
f 4200/3658/4084 4207/3665/4091 4208/3666/4092
f 4198/3656/4082 4200/3658/4084 4208/3666/4092
f 4209/3667/4093 4210/3668/4094 4190/3648/4074
f 4189/3647/4073 4209/3667/4093 4190/3648/4074
f 4189/3647/4073 4194/3652/4078 4209/3667/4093
f 4194/3652/4078 4211/3669/4095 4209/3667/4093
f 4211/3669/4095 4194/3652/4078 4196/3654/4080
f 4212/3670/4096 4211/3669/4095 4196/3654/4080
f 4196/3654/4080 4198/3656/4082 4212/3670/4096
f 4198/3656/4082 4208/3666/4092 4212/3670/4096
f 4212/3670/4096 4208/3666/4092 4213/3671/4097
f 4214/3672/4098 4213/3671/4097 4208/3666/4092
f 4207/3665/4091 4214/3672/4098 4208/3666/4092
f 4215/3673/4099 4214/3672/4098 4207/3665/4091
f 4206/3664/4090 4215/3673/4099 4207/3665/4091
f 4206/3664/4090 4094/3552/3980 4215/3673/4099
f 4204/3662/4088 4094/3552/3980 4206/3664/4090
f 4094/3552/3980 4204/3662/4088 4188/3646/4072
f 4093/3551/3979 4094/3552/3980 4188/3646/4072
f 4094/3552/3980 4092/3550/3978 4215/3673/4099
f 4092/3550/3978 4090/3548/3976 4215/3673/4099
f 4090/3548/3976 4066/3524/3952 4215/3673/4099
f 4090/3548/3976 4064/3522/3950 4066/3524/3952
f 4213/3671/4097 4214/3672/4098 4216/3674/4100
f 4214/3672/4098 4217/3675/4101 4216/3674/4100
f 4214/3672/4098 4215/3673/4099 4217/3675/4101
f 4215/3673/4099 4066/3524/3952 4217/3675/4101
f 4066/3524/3952 4065/3523/3951 4217/3675/4101
f 4065/3523/3951 4218/3676/4102 4217/3675/4101
f 4218/3676/4102 4065/3523/3951 4062/3520/3948
f 4217/3675/4101 4218/3676/4102 4216/3674/4100
f 3962/3424/3861 4219/3677/4103 3964/3426/3863
f 4219/3677/4103 3962/3424/3861 3960/3422/3859
f 3966/3428/3865 3964/3426/3863 4062/3520/3948
f 4218/3676/4102 4062/3520/3948 3964/3426/3863
f 4219/3677/4103 4218/3676/4102 3964/3426/3863
f 4218/3676/4102 4219/3677/4103 4216/3674/4100
f 4216/3674/4100 4219/3677/4103 3960/3422/3859
f 4213/3671/4097 4216/3674/4100 3960/3422/3859
f 3959/3421/3858 4213/3671/4097 3960/3422/3859
f 3959/3421/3858 4212/3670/4096 4213/3671/4097
f 3959/3421/3858 3958/3420/3857 4212/3670/4096
f 3958/3420/3857 4211/3669/4095 4212/3670/4096
f 4211/3669/4095 3958/3420/3857 3993/3455/3891
f 4209/3667/4093 4211/3669/4095 3993/3455/3891
f 4209/3667/4093 3993/3455/3891 3992/3454/3890
f 4210/3668/4094 4209/3667/4093 3992/3454/3890
f 4220/3678/4052 4210/3668/4094 3992/3454/3890
f 4190/3648/4074 4210/3668/4094 4220/3678/4052
f 4221/3679/4053 4190/3648/4074 4220/3678/4052
f 4191/3649/4075 4190/3648/4074 4221/3679/4053
f 3992/3454/4104 4222/3680/4022 4223/3681/4052
# Vertices: 2197, normals: 1998, texture coordinates: 1667, faces: 3370

o obj4
v -0.01078891 1.34289813 0.04619628
v -0.00401966 1.35332525 0.04122404
v -0.01687454 1.3552289 0.02942807
v -0.02200804 1.3441298 0.03439737
v -0.02638206 1.33484793 0.03592202
v -0.01846276 1.33030844 0.04765936
v -0.00647959 1.32161903 0.05520222
v 0.00296836 1.33541024 0.05200732
v 0.01037058 1.34528732 0.04821509
v 0.02021117 1.34996879 0.0323276
v 0.00771223 1.36000943 0.02771308
v -0.00346827 1.3593173 0.01608004
v -0.00683056 1.34683979 0.04484471
v 0.00150936 1.35586655 0.03661541
v -0.01164585 1.35470951 0.02449938
v -0.01865181 1.34562612 0.03298004
v -0.02283287 1.33539927 0.03544797
v -0.01230687 1.33335447 0.04732369
v -0.00232781 1.3260479 0.05605284
v 0.00573419 1.34154356 0.05481398
v 0.01531356 1.34988582 0.0467336
v 0.02708125 1.3530519 0.03251658
v 0.01338572 1.35925722 0.02257754
v 0.00017165 1.35837293 0.01084286
v -0.01003906 1.35201347 0.03469828
v -0.00297692 1.35880458 0.02290953
v -0.0214415 1.35548913 0.01113788
v -0.02736184 1.3482933 0.02332683
v -0.02955461 1.3375895 0.0269931
v -0.01443636 1.33762705 0.04000875
v 6.98E-05 1.33250952 0.05015862
v 0.00747717 1.34780347 0.04536963
v 0.01568111 1.35418999 0.03398104
v 0.02490652 1.35432708 0.01752034
v 0.00627716 1.35920966 0.00649746
v -0.0121685 1.35628116 -0.00519744
v -0.00227609 1.3303653 0.0521753
v 0.00596976 1.32078218 0.05916734
v 0.00185963 1.34611118 0.04901221
v 0.01643999 1.33374131 0.05367064
v 0.02684373 1.34101856 0.04149018
v 0.01267782 1.35764945 0.03558387
v 0.04002007 1.34277916 0.02565328
v 0.0278575 1.35870516 0.01754343
v 0.03522709 1.3427242 0.02533134
v 0.03407517 1.35128379 0.02743301
v 0.0194256 1.34894204 0.04510486
v 0.02138442 1.33746052 0.04173528
v 0.00757389 1.33486116 0.05679361
v 0.0096542 1.3284117 0.05492773
v 0.01153941 1.32617986 0.05528571
v 0.02389561 1.33374953 0.04204116
v 0.03599392 1.33593893 0.02695034
v 0.00391613 1.32337952 0.05856283
v 0.00804368 1.33780134 0.04426496
v 0.00285353 1.35077667 0.04744641
v 0.02319722 1.34125245 0.03243534
v 0.01777252 1.35832977 0.03320491
v 0.04437843 1.33320785 0.02630086
v 0.039221 1.36218393 0.01940369
v 0.01826042 1.33524728 0.04181804
v 0.0336025 1.33827758 0.02841991
v 0.03127855 1.34259665 0.02757152
v 0.01608113 1.33750749 0.04167134
v 0.01036654 1.32770491 0.05344832
v 0.00815649 1.3293376 0.05310228
v 0.0013248 1.31805944 0.06171167
v 0.00031873 1.33755684 0.05343886
v 0.00810058 1.34967721 0.0431312
v 0.02327248 1.35606444 0.02803607
v 0.04380347 1.33321023 0.01810127
v 0.04240292 1.35131788 0.02181765
v 0.02598856 1.34587121 0.04087324
v 0.02782759 1.33644283 0.03766715
v 0.01319345 1.33653402 0.05592397
v 0.01414865 1.33092892 0.05259098
v 0.00439696 1.3182677 0.06223069
v 0.01651502 1.32831907 0.05269073
v 0.02997111 1.33385694 0.03833126
v 0.04618423 1.32916021 0.02134691
v -0.0013339 1.33202291 0.05447851
v 0.00439871 1.32801855 0.05995247
v 0.0036209 1.34018004 0.05330744
v 0.00918224 1.33508611 0.05571173
v 0.01486282 1.34582555 0.05004692
v 0.02178466 1.3378154 0.0490754
v 0.01463191 1.32995009 0.05528329
v 0.01025693 1.32356787 0.06060341
v -0.00049362 1.31828165 0.06225799
v -0.00703282 1.32458019 0.0569009
v -0.01396891 1.33175182 0.04831111
v -0.00981818 1.33790267 0.04761503
v -0.00526138 1.34691882 0.04709186
v 0.01149154 1.34927547 0.04943865
v 0.00296581 1.3559171 0.04356091
v 0.00393006 1.31703854 0.06257964
v 0.00569788 1.31516659 0.06360246
vn -0.4065 0.471 0.78289
vn -0.14711 0.77203 0.61833
vn -0.37131 0.81421 0.44631
vn -0.58839 0.5113 0.62639
vn -0.64132 0.43922 0.62912
vn -0.4656 0.3965 0.7912
vn -0.2624 0.3305 0.9066
vn -0.2004 0.40279 0.89308
vn 0.0886 0.66709 0.73969
vn 0.30409 0.79208 0.52928
vn 0.0697 0.9162 0.3946
vn -0.1708 0.9593 0.2249
vn -0.46601 0.59601 0.65391
vn -0.1685 0.90397 0.39299
vn -0.32969 0.90578 0.26619
vn -0.58209 0.60819 0.53969
vn -0.6599 0.4013 0.6352
vn -0.57767 0.36908 0.72806
vn -0.48609 0.33079 0.80888
vn -0.33589 0.56747 0.75177
vn -0.0005 0.86429 0.50299
vn 0.1573 0.92488 0.34619
vn -0.0065 0.97314 0.23011
vn -0.17001 0.97993 0.1041
vn -0.3777 0.6951 0.6117
vn -0.1027 0.97006 0.22009
vn -0.2623 0.9553 0.1364
vn -0.50271 0.67702 0.53752
vn -0.5789 0.4052 0.7076
vn -0.4916 0.4217 0.7619
vn -0.3991 0.4336 0.8079
vn -0.24421 0.69833 0.67283
vn 0.0602 0.95313 0.29651
vn 0.1795 0.97678 0.117
vn 0.0201 0.99909 0.0376
vn -0.14 0.98922 -0.043
vn -0.1371 0.3494 0.92689
vn 0.10611 0.49612 0.86174
vn 0.1061 0.4962 0.8617
vn 0.4484 0.6389 0.6251
vn 0.44843 0.63894 0.62504
vn 0.54642 0.66262 0.51222
vn 0.5464 0.6625 0.5124
vn 0.74449 0.1428 0.65219
vn 0.77186 -0.0532 0.63357
vn 0.75584 -0.0415 0.65344
vn 0.6964 0.1812 0.6944
vn 0.74921 0.0132 0.66221
vn 0.60582 0.23201 0.76102
vn 0.41409 0.43369 0.80028
vn 0.59788 0.39539 0.69728
vn 0.68759 0.33309 0.64519
vn 0.85199 0.2249 0.47279
vn 0.75299 0.1755 0.63419
vn 0.53191 0.1687 0.82982
vn 0.43101 0.2156 0.87621
vn 0.47902 0.52242 0.70542
vn 0.52098 0.46488 0.71587
vn 0.55919 0.3911 0.73099
vn 0.53029 0.43389 0.72838
vn 0.33769 0.54109 0.77019
vn 0.41831 0.45861 0.78402
vn 0.33259 0.43669 0.83588
vn 0.49288 0.37049 0.78728
vn 0.57568 0.34079 0.74327
vn 0.59343 0.31442 0.74094
vn 0.75659 0.3238 0.56809
vn 0.76631 -0.0703 0.63861
vn 0.77032 -0.0984 0.63002
vn 0.72388 0.27309 0.63358
vn 0.79078 -0.1609 0.59058
vn 0.6633 0.1579 0.7315
vn 0.63631 0.093 0.76581
vn 0.44213 0.45743 0.77155
vn 0.57346 0.61016 0.54667
vn 0.62561 0.66591 0.40641
vn -0.35101 0.42231 0.83573
vn -0.0663 0.40762 0.91074
vn -0.196 0.4263 0.88309
vn 0.1426 0.39469 0.90768
vn 0.2369 0.34349 0.90879
vn 0.3985 0.2821 0.87271
vn 0.35931 0.33961 0.86923
vn 0.16819 0.33999 0.92527
vn -0.1742 0.3679 0.9134
vn -0.37471 0.45641 0.80702
vn -0.3957 0.468 0.79019
vn -0.40678 0.39238 0.82496
vn -0.3056 0.4174 0.8558
vn -0.0614 0.45769 0.88699
vn -0.1894 0.51129 0.83828
vn 0.56649 0.2444 0.78699
vn 0.6058 0.2321 0.76101
vn 0.0131 0.27441 0.96152
vt 0.15027 0.57706
vt 0.15245 0.69166
vt 0.04518 0.69607
vt 0.049 0.57746
vt 0.04333 0.48652
vt 0.1351 0.45439
vt 0.23747 0.4178
vt 0.25337 0.56445
vt 0.26166 0.68025
vt 0.26487 0.84893
vt 0.1583 0.85153
vt 0.05537 0.86509
vt 0.18793 0.17919
vt 0.18823 0.30005
vt 0.03361 0.28904
vt 0.0472 0.16551
vt 0.04323 0.11879
vt 0.17866 0.09737
vt 0.29795 0.14024
vt 0.3289 0.19874
vt 0.34452 0.28783
vt 0.35307 0.44643
vt 0.18495 0.45171
vt 0.02362 0.4421
vt 0.50815 0.18556
vt 0.51426 0.32918
vt 0.33611 0.32562
vt 0.34442 0.17452
vt 0.33928 0.06103
vt 0.49545 0.03471
vt 0.63266 -0.01272
vt 0.67117 0.15727
vt 0.69354 0.30783
vt 0.71244 0.48975
vt 0.52075 0.50725
vt 0.33414 0.50629
vt 0.71652 0.04625
vt 0.8444 0.0054
vt 0.72154 0.19144
vt 0.88156 0.15788
vt 0.91383 0.27519
vt 0.74508 0.33183
vt 0.92959 0.39637
vt 0.76006 0.46333
vt 0.81457 0.93034
vt 0.6904 0.91241
vt 0.67441 0.77498
vt 0.81449 0.77626
vt 0.72678 0.64583
vt 0.81834 0.65843
vt 0.84359 0.6619
vt 0.8479 0.77657
vt 0.8612 0.93707
vt 0.69403 0.48821
vt 0.67756 0.60949
vt 0.58415 0.57161
vt 0.63278 0.74691
vt 0.5017 0.70614
vt 0.63151 0.96408
vt 0.41572 0.89121
vt 0.82438 0.93176
vt 0.81906 0.77631
vt 0.82373 0.65917
vt 0.80268 0.55311
vt 0.59145 0.95055
vt 0.61361 0.74095
vt 0.65959 0.6022
vt 0.40488 0.59906
vt 0.46142 0.59465
vt 0.40033 0.67226
vt 0.45358 0.66391
vt 0.39689 0.89213
vt 0.45457 0.88687
vt 0.50485 0.66375
vt 0.51141 0.59566
vt 0.47568 0.51147
vt 0.40758 0.5246
vt 0.32044 0.54737
vt 0.32019 0.60413
vt 0.3139 0.68142
vt 0.37748 0.89665
vt 0.29377 0.90674
vt 0.52361 0.51956
usemtl mat3
f 4224/3682/4105 4225/3683/4106 4226/3684/4107
f 4227/3685/4108 4224/3682/4105 4226/3684/4107
f 4224/3682/4105 4227/3685/4108 4228/3686/4109
f 4229/3687/4110 4224/3682/4105 4228/3686/4109
f 4229/3687/4110 4230/3688/4111 4224/3682/4105
f 4230/3688/4111 4231/3689/4112 4224/3682/4105
f 4231/3689/4112 4232/3690/4113 4224/3682/4105
f 4232/3690/4113 4225/3683/4106 4224/3682/4105
f 4232/3690/4113 4233/3691/4114 4225/3683/4106
f 4233/3691/4114 4234/3692/4115 4225/3683/4106
f 4225/3683/4106 4234/3692/4115 4226/3684/4107
f 4234/3692/4115 4235/3693/4116 4226/3684/4107
f 4236/3694/4117 4237/3695/4118 4238/3696/4119
f 4239/3697/4120 4236/3694/4117 4238/3696/4119
f 4236/3694/4117 4239/3697/4120 4240/3698/4121
f 4241/3699/4122 4236/3694/4117 4240/3698/4121
f 4241/3699/4122 4242/3700/4123 4236/3694/4117
f 4242/3700/4123 4243/3701/4124 4236/3694/4117
f 4243/3701/4124 4244/3702/4125 4236/3694/4117
f 4244/3702/4125 4237/3695/4118 4236/3694/4117
f 4244/3702/4125 4245/3703/4126 4237/3695/4118
f 4245/3703/4126 4246/3704/4127 4237/3695/4118
f 4237/3695/4118 4246/3704/4127 4238/3696/4119
f 4246/3704/4127 4247/3705/4128 4238/3696/4119
f 4248/3706/4129 4249/3707/4130 4250/3708/4131
f 4251/3709/4132 4248/3706/4129 4250/3708/4131
f 4248/3706/4129 4251/3709/4132 4252/3710/4133
f 4253/3711/4134 4248/3706/4129 4252/3710/4133
f 4253/3711/4134 4254/3712/4135 4248/3706/4129
f 4254/3712/4135 4255/3713/4136 4248/3706/4129
f 4255/3713/4136 4256/3714/4137 4248/3706/4129
f 4256/3714/4137 4249/3707/4130 4248/3706/4129
f 4256/3714/4137 4257/3715/4138 4249/3707/4130
f 4257/3715/4138 4258/3716/4139 4249/3707/4130
f 4249/3707/4130 4258/3716/4139 4250/3708/4131
f 4258/3716/4139 4259/3717/4140 4250/3708/4131
f 4260/3718/4141 4261/3719/4141 4262/3720/4142
f 4261/3719/4141 4263/3721/4143 4262/3720/4142
f 4263/3721/4143 4264/3722/4144 4262/3720/4142
f 4264/3722/4144 4265/3723/4145 4262/3720/4142
f 4264/3722/4144 4266/3724/4146 4265/3723/4145
f 4266/3724/4146 4267/3725/4147 4265/3723/4145
f 4268/3726/4148 4269/3727/4149 4270/3728/4150
f 4271/3729/4151 4268/3726/4148 4270/3728/4150
f 4271/3729/4151 4270/3728/4150 4272/3730/4152
f 4273/3731/4153 4271/3729/4151 4272/3730/4152
f 4273/3731/4153 4274/3732/4154 4271/3729/4151
f 4274/3732/4154 4275/3733/4155 4271/3729/4151
f 4271/3729/4151 4275/3733/4155 4268/3726/4148
f 4275/3733/4155 4276/3734/4156 4268/3726/4148
f 4277/3735/4157 4278/3736/4158 4279/3737/4158
f 4278/3736/4158 4280/3738/4159 4279/3737/4158
f 4280/3738/4159 4281/3739/4159 4279/3737/4158
f 4280/3738/4159 4282/3740/4160 4281/3739/4159
f 4282/3740/4160 4283/3741/4160 4281/3739/4159
f 4284/3733/4161 4285/3734/4162 4286/3742/4163
f 4287/3743/4164 4284/3733/4161 4286/3742/4163
f 4288/3732/4165 4284/3733/4161 4287/3743/4164
f 4289/3744/4166 4288/3732/4165 4287/3743/4164
f 4290/3745/4167 4288/3732/4165 4289/3744/4166
f 4290/3745/4167 4289/3744/4166 4291/3730/4168
f 4289/3744/4166 4287/3743/4164 4291/3730/4168
f 4287/3743/4164 4292/3728/4169 4291/3730/4168
f 4287/3743/4164 4286/3742/4163 4292/3728/4169
f 4286/3742/4163 4293/3727/4170 4292/3728/4169
f 4294/3746/4171 4295/3741/4172 4296/3739/4173
f 4297/3747/4174 4294/3746/4171 4296/3739/4173
f 4297/3747/4174 4296/3739/4173 4298/3737/4175
f 4299/3748/4176 4297/3747/4174 4298/3737/4175
f 4300/3735/4177 4299/3748/4176 4298/3737/4175
f 4300/3735/4177 4301/3736/4178 4299/3748/4176
f 4299/3748/4176 4301/3736/4178 4297/3747/4174
f 4301/3736/4178 4302/3738/4179 4297/3747/4174
f 4297/3747/4174 4302/3738/4179 4294/3746/4171
f 4302/3738/4179 4303/3740/4180 4294/3746/4171
f 4304/3749/4181 4305/3750/4182 4306/3751/4183
f 4305/3750/4182 4307/3752/4184 4306/3751/4183
f 4306/3751/4183 4307/3752/4184 4308/3753/4185
f 4308/3753/4185 4307/3752/4184 4309/3754/4186
f 4307/3752/4184 4310/3755/4187 4309/3754/4186
f 4311/3756/4188 4310/3755/4187 4307/3752/4184
f 4305/3750/4182 4311/3756/4188 4307/3752/4184
f 4311/3756/4188 4305/3750/4182 4312/3757/4189
f 4312/3757/4189 4305/3750/4182 4313/3758/4190
f 4305/3750/4182 4304/3749/4181 4313/3758/4190
f 4313/3758/4190 4304/3749/4181 4314/3759/4191
f 4304/3749/4181 4315/3760/4192 4314/3759/4191
f 4315/3760/4192 4304/3749/4181 4316/3761/4193
f 4304/3749/4181 4306/3751/4183 4316/3761/4193
f 4316/3761/4193 4306/3751/4183 4317/3762/4194
f 4317/3762/4194 4306/3751/4183 4308/3753/4185
f 4318/3763/4195 4316/3761/4193 4317/3762/4194
f 4319/3745/4196 4273/3731/4197 4272/3730/4152
f 4319/3745/4196 4274/3732/4154 4273/3731/4197
f 4320/3764/4198 4311/3756/4188 4312/3757/4189
# Vertices: 97, normals: 94, texture coordinates: 83, faces: 95

o obj5
v -0.03018795 1.26956463 0.05591097
v -0.03067175 1.2688849 0.05512455
v -0.0301556 1.26833844 0.05552692
v -0.02877012 1.26917112 0.05766912
v -0.02875735 1.27068245 0.05749249
v -0.02606471 1.2717582 0.05905282
v -0.02634052 1.26938212 0.05935945
v -0.02253299 1.27260363 0.0597473
v -0.02314705 1.2696265 0.0601962
v -0.01960518 1.27266359 0.05936674
v -0.02020002 1.26980352 0.05994348
v -0.01701089 1.2717061 0.0582063
v -0.01735031 1.26993215 0.05872887
v -0.01495107 1.27026141 0.05702985
v -0.01519329 1.26897144 0.05682109
v -0.01768974 1.26827753 0.05856337
v -0.02079487 1.2671442 0.05962799
v -0.02376111 1.26682949 0.05947575
v -0.02661632 1.26691878 0.05830648
v -0.02878288 1.26745439 0.05720055
v -0.04876327 1.22947419 0.03919398
v 0.02725073 1.32683241 0.04792235
v -0.00527237 1.30429292 0.06734151
v 0.06103738 1.24362934 0.00011042
vn -0.76948 -0.1158 0.62808
vn -0.73412 -0.22051 0.64222
vn -0.77428 -0.1924 0.60289
vn -0.70354 -0.0809 0.70604
vn -0.66822 0.1131 0.73532
vn -0.40648 0.16159 0.89926
vn -0.41749 -0.0524 0.90717
vn -0.0739 0.1663 0.9833
vn -0.1065 -0.0325 0.99378
vn 0.25989 0.14319 0.95496
vn 0.23971 -0.0245 0.97054
vn 0.48852 0.13251 0.86243
vn 0.51807 -0.0726 0.85225
vn 0.4055 -0.0926 0.90939
vn 0.41439 -0.2081 0.88599
vn 0.4952 -0.1937 0.84691
vn 0.21241 -0.19201 0.95813
vn -0.1346 -0.2298 0.96389
vn -0.4095 -0.2623 0.87379
vn -0.67141 -0.2107 0.71051
vn -0.26659 -0.37878 -0.88626
vn -0.26661 -0.37882 -0.88624
vt 0.06398 0.71402
vt 0.00545 0.49895
vt 0.06581 0.32773
vt 0.16859 0.49624
vt 0.17807 0.82664
vt 0.34674 0.86655
vt 0.31098 0.49584
vt 0.489 0.87334
vt 0.45635 0.49064
vt 0.70948 0.85893
vt 0.64388 0.47192
vt 0.86851 0.74503
vt 0.78922 0.44067
vt 0.92632 0.5023
vt 0.91658 0.31373
vt 0.77902 0.20271
vt 0.62296 0.14473
vt 0.42795 0.1224
vt 0.28079 0.14742
vt 0.15541 0.22891
vt 0.34709 0.50592
vt 0.61258 0.88155
vt 0.4775 0.83695
vt 0.90642 0.80701
usemtl mat4
f 4321/3765/4199 4322/3766/4200 4323/3767/4201
f 4324/3768/4202 4321/3765/4199 4323/3767/4201
f 4324/3768/4202 4325/3769/4203 4321/3765/4199
f 4325/3769/4203 4324/3768/4202 4326/3770/4204
f 4324/3768/4202 4327/3771/4205 4326/3770/4204
f 4326/3770/4204 4327/3771/4205 4328/3772/4206
f 4327/3771/4205 4329/3773/4207 4328/3772/4206
f 4328/3772/4206 4329/3773/4207 4330/3774/4208
f 4329/3773/4207 4331/3775/4209 4330/3774/4208
f 4330/3774/4208 4331/3775/4209 4332/3776/4210
f 4331/3775/4209 4333/3777/4211 4332/3776/4210
f 4333/3777/4211 4334/3778/4212 4332/3776/4210
f 4333/3777/4211 4335/3779/4213 4334/3778/4212
f 4333/3777/4211 4336/3780/4214 4335/3779/4213
f 4333/3777/4211 4331/3775/4209 4336/3780/4214
f 4331/3775/4209 4337/3781/4215 4336/3780/4214
f 4331/3775/4209 4329/3773/4207 4337/3781/4215
f 4329/3773/4207 4338/3782/4216 4337/3781/4215
f 4329/3773/4207 4327/3771/4205 4338/3782/4216
f 4327/3771/4205 4339/3783/4217 4338/3782/4216
f 4327/3771/4205 4324/3768/4202 4339/3783/4217
f 4324/3768/4202 4340/3784/4218 4339/3783/4217
f 4324/3768/4202 4323/3767/4201 4340/3784/4218
f 4341/3785/4219 4342/3786/4220 4343/3787/4220
f 4342/3786/4220 4344/3788/4220 4343/3787/4220
# Vertices: 24, normals: 22, texture coordinates: 24, faces: 25

o obj6
v 0.02952661 1.26975846 0.05766632
v 0.03095113 1.26997423 0.05582796
v 0.0295778 1.27121019 0.05746167
v 0.02674053 1.27254522 0.05914906
v 0.02710829 1.27028227 0.05939299
v 0.02317304 1.27331531 0.05950835
v 0.02386646 1.27048731 0.06019644
v 0.02009989 1.27325273 0.0591234
v 0.02082951 1.2705828 0.05988639
v 0.0175221 1.27208138 0.05781125
v 0.01798307 1.27052665 0.05852263
v 0.01585328 1.27089655 0.05693322
v 0.01639041 1.26946354 0.057154
v 0.01844402 1.26897192 0.05837399
v 0.02155914 1.26822448 0.05954293
v 0.02455989 1.26786697 0.05949806
v 0.02747603 1.26801944 0.05825677
v 0.02947543 1.26830649 0.05687708
v 0.03078062 1.26870978 0.05545452
v 0.03128319 1.26906872 0.0550755
vn 0.70389 -0.1585 0.69239
vn 0.76443 -0.16951 0.62202
vn 0.68782 0.1038 0.71842
vn 0.3931 0.185 0.90069
vn 0.41859 -0.0713 0.90537
vn 0.0432 0.2241 0.97361
vn 0.0854 -0.0145 0.99624
vn -0.29301 0.20291 0.93433
vn -0.2705 -0.0146 0.96261
vn -0.51611 0.18581 0.83612
vn -0.52701 -0.042 0.84882
vn -0.4392 0.0731 0.89541
vn -0.43061 -0.0785 0.89912
vn -0.47162 -0.23601 0.84963
vn -0.23489 -0.23099 0.94418
vn 0.1228 -0.25341 0.95953
vn 0.41659 -0.3198 0.85099
vn 0.63837 -0.35269 0.68417
vn 0.7391 -0.3012 0.6025
vn 0.69917 -0.28759 0.65457
vt 0.84262 0.46842
vt 0.92845 0.63332
vt 0.83389 0.73018
vt 0.7093 0.82938
vt 0.70997 0.48502
vt 0.52256 0.86149
vt 0.52767 0.49099
vt 0.32154 0.84021
vt 0.32714 0.49798
vt 0.15448 0.74584
vt 0.16119 0.49862
vt 0.04632 0.55711
vt 0.04778 0.38491
vt 0.1679 0.2514
vt 0.33274 0.15575
vt 0.53277 0.12047
vt 0.71065 0.14065
vt 0.84022 0.18627
vt 0.93408 0.31633
vt 0.99444 0.44478
usemtl mat5
f 4345/3789/4221 4346/3790/4222 4347/3791/4223
f 4345/3789/4221 4347/3791/4223 4348/3792/4224
f 4349/3793/4225 4345/3789/4221 4348/3792/4224
f 4349/3793/4225 4348/3792/4224 4350/3794/4226
f 4351/3795/4227 4349/3793/4225 4350/3794/4226
f 4351/3795/4227 4350/3794/4226 4352/3796/4228
f 4353/3797/4229 4351/3795/4227 4352/3796/4228
f 4353/3797/4229 4352/3796/4228 4354/3798/4230
f 4355/3799/4231 4353/3797/4229 4354/3798/4230
f 4355/3799/4231 4354/3798/4230 4356/3800/4232
f 4355/3799/4231 4356/3800/4232 4357/3801/4233
f 4355/3799/4231 4357/3801/4233 4358/3802/4234
f 4353/3797/4229 4355/3799/4231 4358/3802/4234
f 4359/3803/4235 4353/3797/4229 4358/3802/4234
f 4351/3795/4227 4353/3797/4229 4359/3803/4235
f 4360/3804/4236 4351/3795/4227 4359/3803/4235
f 4349/3793/4225 4351/3795/4227 4360/3804/4236
f 4361/3805/4237 4349/3793/4225 4360/3804/4236
f 4345/3789/4221 4349/3793/4225 4361/3805/4237
f 4362/3806/4238 4345/3789/4221 4361/3805/4237
f 4363/3807/4239 4345/3789/4221 4362/3806/4238
f 4345/3789/4221 4363/3807/4239 4346/3790/4222
f 4363/3807/4239 4364/3808/4240 4346/3790/4222
# Vertices: 20, normals: 20, texture coordinates: 20, faces: 23

